#
# There is insufficient memory for the Java Runtime Environment to continue.
# Native memory allocation (mmap) failed to map 209715200 bytes. Error detail: G1 virtual space
# Possible reasons:
#   The system is out of physical RAM or swap space
#   This process is running with CompressedOops enabled, and the Java Heap may be blocking the growth of the native heap
# Possible solutions:
#   Reduce memory load on the system
#   Increase physical memory or swap space
#   Check if swap backing store is full
#   Decrease Java heap size (-Xmx/-Xms)
#   Decrease number of Java threads
#   Decrease Java thread stack sizes (-Xss)
#   Set larger code cache with -XX:ReservedCodeCacheSize=
#   JVM is running with Zero Based Compressed Oops mode in which the Java heap is
#     placed in the first 32GB address space. The Java Heap base address is the
#     maximum limit for the native heap growth. Please use -XX:HeapBaseMinAddress
#     to set the Java Heap base and to place the Java Heap above 32GB virtual address.
# This output file may be truncated or incomplete.
#
#  Out of Memory Error (os_windows.cpp:3732), pid=3868, tid=28020
#
# JRE version: OpenJDK Runtime Environment Temurin-21.0.12.1+1 (21.0.12.1+1) (build 21.0.12.1+1-LTS)
# Java VM: OpenJDK 64-Bit Server VM Temurin-21.0.12.1+1 (21.0.12.1+1-LTS, mixed mode, sharing, tiered, compressed oops, compressed class ptrs, g1 gc, windows-amd64)
# No core dump will be written. Minidumps are not enabled by default on client versions of Windows
#

---------------  S U M M A R Y ------------

Command Line: --add-opens=java.base/java.lang=ALL-UNNAMED --add-opens=java.base/java.lang.invoke=ALL-UNNAMED --add-opens=java.base/java.util=ALL-UNNAMED --add-opens=java.prefs/java.util.prefs=ALL-UNNAMED --add-exports=jdk.compiler/com.sun.tools.javac.api=ALL-UNNAMED --add-exports=jdk.compiler/com.sun.tools.javac.util=ALL-UNNAMED --add-opens=java.base/java.util=ALL-UNNAMED --add-opens=java.prefs/java.util.prefs=ALL-UNNAMED --add-opens=java.base/java.nio.charset=ALL-UNNAMED --add-opens=java.base/java.net=ALL-UNNAMED --add-opens=java.base/java.util.concurrent.atomic=ALL-UNNAMED --add-opens=java.xml/javax.xml.namespace=ALL-UNNAMED -XX:MaxMetaspaceSize=4G -XX:ReservedCodeCacheSize=512m -XX:+HeapDumpOnOutOfMemoryError -Xmx8G -Dfile.encoding=UTF-8 -Duser.country=IN -Duser.language=en -Duser.variant -javaagent:C:\Users\indar\.gradle\wrapper\dists\gradle-8.14-all\c2qonpi39x1mddn7hk5gh9iqj\gradle-8.14\lib\agents\gradle-instrumentation-agent-8.14.jar org.gradle.launcher.daemon.bootstrap.GradleDaemon 8.14

Host: 11th Gen Intel(R) Core(TM) i5-11400H @ 2.70GHz, 12 cores, 23G,  Windows 11 , 64 bit Build 26100 (10.0.26100.9444)
Time: Fri Sep 25 15:36:03 2026 India Standard Time elapsed time: 32.694905 seconds (0d 0h 0m 32s)

---------------  T H R E A D  ---------------

Current thread (0x000001767a8d2310):  VMThread "VM Thread"          [id=28020, stack(0x0000007141600000,0x0000007141700000) (1024K)]

Stack: [0x0000007141600000,0x0000007141700000]
Native frames: (J=compiled Java code, j=interpreted, Vv=VM code, C=native code)
V  [jvm.dll+0x6d83e9]
V  [jvm.dll+0x8b5736]
V  [jvm.dll+0x8b7cee]
V  [jvm.dll+0x8b83d3]
V  [jvm.dll+0x284596]
V  [jvm.dll+0x6d4d05]
V  [jvm.dll+0x6c898a]
V  [jvm.dll+0x35f2f8]
V  [jvm.dll+0x366f36]
V  [jvm.dll+0x3b804e]
V  [jvm.dll+0x3b82f8]
V  [jvm.dll+0x33320c]
V  [jvm.dll+0x33329a]
V  [jvm.dll+0x377382]
V  [jvm.dll+0x375b1a]
V  [jvm.dll+0x332951]
V  [jvm.dll+0x37517a]
V  [jvm.dll+0x8be0c0]
V  [jvm.dll+0x8bf434]
V  [jvm.dll+0x8bf960]
V  [jvm.dll+0x8bfc03]
V  [jvm.dll+0x8600cd]
V  [jvm.dll+0x6d6c1d]
C  [ucrtbase.dll+0x2cd30]
C  [KERNEL32.DLL+0x2cd87]
C  [ntdll.dll+0xacaec]

VM_Operation (0x000000714a1fd620): G1CollectForAllocation, mode: safepoint, requested by thread 0x0000017680b1d200


---------------  P R O C E S S  ---------------

Threads class SMR info:
_java_thread_list=0x000001768a74aa30, length=187, elements={
0x000001764f8654f0, 0x000001767a8edd90, 0x000001767a8ee8f0, 0x000001767a8f3e60,
0x000001767a8f6b30, 0x000001767a8f8ba0, 0x000001767a8fc9d0, 0x000001767d3b24c0,
0x000001767d3bdc40, 0x000001767d56aca0, 0x000001767d68c0b0, 0x000001767eac0420,
0x000001767efa6530, 0x000001767f061fd0, 0x000001767f0aa8f0, 0x000001767f1ce250,
0x000001767f1e6170, 0x000001767f1e2cf0, 0x000001767f1e3380, 0x000001767f1e4730,
0x00000176822ebd40, 0x00000176822eca60, 0x00000176822ea990, 0x00000176822ede10,
0x00000176822ee4a0, 0x00000176822eb020, 0x00000176822ec3d0, 0x00000176822eb6b0,
0x00000176822f0570, 0x00000176822ef850, 0x00000176822f1fb0, 0x00000176822f0c00,
0x00000176822f1290, 0x00000176822ef1c0, 0x00000176822f1920, 0x0000017680b1d890,
0x0000017680b220c0, 0x00000176829c2c40, 0x00000176829bf5c0, 0x0000017684214dc0,
0x000001768421a310, 0x0000017684216e90, 0x00000176842188d0, 0x000001768421d100,
0x000001768421d790, 0x000001768421bd50, 0x000001768421ca70, 0x000001768421de20,
0x000001768421b6c0, 0x000001768421a9a0, 0x000001768421c3e0, 0x0000017684221930,
0x000001768421e4b0, 0x000001768421eb40, 0x000001768421f1d0, 0x000001768421f860,
0x000001768421fef0, 0x0000017684220580, 0x0000017682006230, 0x0000017682004e80,
0x000001768200d850, 0x000001768200c4a0, 0x000001768200a3d0, 0x000001768200b780,
0x000001768200aa60, 0x000001768200dee0, 0x000001768200e570, 0x000001768200b0f0,
0x0000017682011360, 0x0000017682010cd0, 0x0000017682012080, 0x000001768200ec00,
0x000001768200f290, 0x00000176820119f0, 0x000001768200f920, 0x0000017682010640,
0x000001768200ffb0, 0x0000017682084440, 0x0000017682085160, 0x0000017682082a00,
0x00000176820857f0, 0x0000017682085e80, 0x0000017682083720, 0x0000017682086510,
0x0000017682083090, 0x0000017682086ba0, 0x0000017682087230, 0x0000017682083db0,
0x0000017682087f50, 0x0000017682089990, 0x000001768208a020, 0x00000176820878c0,
0x00000176820885e0, 0x0000017682089300, 0x0000017682088c70, 0x000001767e308f80,
0x000001767e30a9c0, 0x000001767e309610, 0x000001767e30b050, 0x000001767e308260,
0x000001767e30a330, 0x000001767e30b6e0, 0x000001767e309ca0, 0x000001767e30bd70,
0x000001767e3088f0, 0x000001767e30e4d0, 0x000001767e30f880, 0x000001767e30eb60,
0x000001767e30ca90, 0x000001767e30f1f0, 0x000001767e30c400, 0x000001767e30d120,
0x000001767e30d7b0, 0x0000017681e85390, 0x0000017681e81f10, 0x0000017681e83950,
0x0000017681e825a0, 0x0000017681e85a20, 0x0000017681e83fe0, 0x0000017681e89530,
0x0000017681e86dd0, 0x0000017681e88810, 0x0000017681e860b0, 0x0000017681e88ea0,
0x0000017681e87460, 0x0000017681e87af0, 0x0000017681e88180, 0x0000017681e86740,
0x0000017680b1d200, 0x0000017680b1f2d0, 0x0000017680b1df20, 0x0000017680b23b00,
0x0000017680b22de0, 0x0000017680b24820, 0x0000017680b24190, 0x000001767f1e4dc0,
0x000001767f1e40a0, 0x000001767f1e5450, 0x000001767f1e5ae0, 0x00000176822ed0f0,
0x00000176822eeb30, 0x0000017680d7d880, 0x0000017680d7be40, 0x0000017680d7b120,
0x0000017680d7b7b0, 0x0000017680d7aa90, 0x0000017680d7cb60, 0x0000017680d7df10,
0x0000017680d7e5a0, 0x0000017680d7d1f0, 0x0000017680d7ec30, 0x0000017680d7f2c0,
0x0000017680d7c4d0, 0x0000017680d7f950, 0x0000017680d80d00, 0x0000017680d7ffe0,
0x0000017680d80670, 0x0000017680d81390, 0x0000017680d820b0, 0x0000017680d81a20,
0x000001768af5dbf0, 0x000001768af5e280, 0x000001768af5c1b0, 0x000001768af5d560,
0x000001768af5bb20, 0x000001768af5ced0, 0x000001768af5ae00, 0x000001768af5e910,
0x000001768af5b490, 0x000001768af5c840, 0x000001768af5fcc0, 0x000001768af62420,
0x000001768af5efa0, 0x000001768af62ab0, 0x000001768af60350, 0x000001768af5f630,
0x000001768af637d0, 0x000001768af63e60, 0x000001768af63140, 0x000001768af61700,
0x000001768af61d90, 0x000001768af609e0, 0x000001768af66c50, 0x000001768af644f0,
0x000001768af65f30, 0x000001768af67970, 0x000001768af672e0
}

Java Threads: ( => current thread )
  0x000001764f8654f0 JavaThread "main"                              [_thread_blocked, id=30656, stack(0x0000007140f00000,0x0000007141000000) (1024K)]
  0x000001767a8edd90 JavaThread "Reference Handler"          daemon [_thread_blocked, id=30156, stack(0x0000007141700000,0x0000007141800000) (1024K)]
  0x000001767a8ee8f0 JavaThread "Finalizer"                  daemon [_thread_blocked, id=26376, stack(0x0000007141800000,0x0000007141900000) (1024K)]
  0x000001767a8f3e60 JavaThread "Signal Dispatcher"          daemon [_thread_blocked, id=26136, stack(0x0000007141900000,0x0000007141a00000) (1024K)]
  0x000001767a8f6b30 JavaThread "Attach Listener"            daemon [_thread_blocked, id=2144, stack(0x0000007141a00000,0x0000007141b00000) (1024K)]
  0x000001767a8f8ba0 JavaThread "Service Thread"             daemon [_thread_blocked, id=27740, stack(0x0000007141b00000,0x0000007141c00000) (1024K)]
  0x000001767a8fc9d0 JavaThread "Monitor Deflation Thread"   daemon [_thread_blocked, id=10488, stack(0x0000007141c00000,0x0000007141d00000) (1024K)]
  0x000001767d3b24c0 JavaThread "C2 CompilerThread0"         daemon [_thread_blocked, id=14148, stack(0x0000007141d00000,0x0000007141e00000) (1024K)]
  0x000001767d3bdc40 JavaThread "C1 CompilerThread0"         daemon [_thread_blocked, id=16588, stack(0x0000007141e00000,0x0000007141f00000) (1024K)]
  0x000001767d56aca0 JavaThread "Common-Cleaner"             daemon [_thread_blocked, id=28808, stack(0x0000007142000000,0x0000007142100000) (1024K)]
  0x000001767d68c0b0 JavaThread "Notification Thread"        daemon [_thread_blocked, id=29308, stack(0x0000007142100000,0x0000007142200000) (1024K)]
  0x000001767eac0420 JavaThread "Daemon health stats"               [_thread_blocked, id=24960, stack(0x0000007142b00000,0x0000007142c00000) (1024K)]
  0x000001767efa6530 JavaThread "Incoming local TCP Connector on port 50894"        [_thread_in_native, id=16908, stack(0x0000007142c00000,0x0000007142d00000) (1024K)]
  0x000001767f061fd0 JavaThread "Daemon periodic checks"            [_thread_blocked, id=25948, stack(0x0000007142d00000,0x0000007142e00000) (1024K)]
  0x000001767f0aa8f0 JavaThread "Daemon"                            [_thread_blocked, id=10684, stack(0x0000007142e00000,0x0000007142f00000) (1024K)]
  0x000001767f1ce250 JavaThread "Daemon worker"                     [_thread_blocked, id=31460, stack(0x0000007143100000,0x0000007143200000) (1024K)]
  0x000001767f1e6170 JavaThread "Cache worker for journal cache (C:\Users\indar\.gradle\caches\journal-1)"        [_thread_blocked, id=27724, stack(0x0000007143600000,0x0000007143700000) (1024K)]
  0x000001767f1e2cf0 JavaThread "File lock request listener"        [_thread_in_native, id=15432, stack(0x0000007143700000,0x0000007143800000) (1024K)]
  0x000001767f1e3380 JavaThread "Cache worker for file hash cache (C:\Users\indar\.gradle\caches\8.14\fileHashes)"        [_thread_blocked, id=20672, stack(0x0000007143800000,0x0000007143900000) (1024K)]
  0x000001767f1e4730 JavaThread "File lock release action executor"        [_thread_blocked, id=29440, stack(0x0000007143900000,0x0000007143a00000) (1024K)]
  0x00000176822ebd40 JavaThread "File watcher server"        daemon [_thread_in_native, id=10172, stack(0x0000007143e00000,0x0000007143f00000) (1024K)]
  0x00000176822eca60 JavaThread "File watcher consumer"      daemon [_thread_blocked, id=14068, stack(0x0000007143f00000,0x0000007144000000) (1024K)]
  0x00000176822ea990 JavaThread "jar transforms"                    [_thread_blocked, id=28008, stack(0x0000007144000000,0x0000007144100000) (1024K)]
  0x00000176822ede10 JavaThread "jar transforms Thread 2"           [_thread_blocked, id=27644, stack(0x0000007144100000,0x0000007144200000) (1024K)]
  0x00000176822ee4a0 JavaThread "jar transforms Thread 3"           [_thread_blocked, id=31104, stack(0x0000007144200000,0x0000007144300000) (1024K)]
  0x00000176822eb020 JavaThread "jar transforms Thread 4"           [_thread_blocked, id=29504, stack(0x0000007141f00000,0x0000007142000000) (1024K)]
  0x00000176822ec3d0 JavaThread "jar transforms Thread 5"           [_thread_blocked, id=26544, stack(0x0000007142a00000,0x0000007142b00000) (1024K)]
  0x00000176822eb6b0 JavaThread "Cache worker for file content cache (C:\Users\indar\.gradle\caches\8.14\fileContent)"        [_thread_blocked, id=31920, stack(0x0000007144600000,0x0000007144700000) (1024K)]
  0x00000176822f0570 JavaThread "jar transforms Thread 6"           [_thread_blocked, id=32088, stack(0x0000007144700000,0x0000007144800000) (1024K)]
  0x00000176822ef850 JavaThread "jar transforms Thread 7"           [_thread_blocked, id=32092, stack(0x0000007144800000,0x0000007144900000) (1024K)]
  0x00000176822f1fb0 JavaThread "jar transforms Thread 8"           [_thread_blocked, id=32096, stack(0x0000007144900000,0x0000007144a00000) (1024K)]
  0x00000176822f0c00 JavaThread "jar transforms Thread 9"           [_thread_blocked, id=32100, stack(0x0000007144a00000,0x0000007144b00000) (1024K)]
  0x00000176822f1290 JavaThread "jar transforms Thread 10"          [_thread_blocked, id=32104, stack(0x0000007144b00000,0x0000007144c00000) (1024K)]
  0x00000176822ef1c0 JavaThread "jar transforms Thread 11"          [_thread_blocked, id=32108, stack(0x0000007144c00000,0x0000007144d00000) (1024K)]
  0x00000176822f1920 JavaThread "jar transforms Thread 12"          [_thread_blocked, id=32112, stack(0x0000007144d00000,0x0000007144e00000) (1024K)]
  0x0000017680b1d890 JavaThread "Memory manager"                    [_thread_blocked, id=32324, stack(0x0000007147200000,0x0000007147300000) (1024K)]
  0x0000017680b220c0 JavaThread "included builds"                   [_thread_blocked, id=32748, stack(0x0000007147400000,0x0000007147500000) (1024K)]
  0x00000176829c2c40 JavaThread "C2 CompilerThread1"         daemon [_thread_blocked, id=30824, stack(0x0000007145000000,0x0000007145100000) (1024K)]
  0x00000176829bf5c0 JavaThread "C2 CompilerThread2"         daemon [_thread_blocked, id=7960, stack(0x000000714a000000,0x000000714a100000) (1024K)]
  0x0000017684214dc0 JavaThread "VFS cleanup"                       [_thread_blocked, id=32328, stack(0x0000007143200000,0x0000007143300000) (1024K)]
  0x000001768421a310 JavaThread "Handler for socket connection from /127.0.0.1:50894 to /127.0.0.1:59686"        [_thread_in_native, id=31440, stack(0x0000007142f00000,0x0000007143000000) (1024K)]
  0x0000017684216e90 JavaThread "Cancel handler"                    [_thread_blocked, id=25892, stack(0x0000007143000000,0x0000007143100000) (1024K)]
  0x00000176842188d0 JavaThread "Asynchronous log dispatcher for DefaultDaemonConnection: socket connection from /127.0.0.1:50894 to /127.0.0.1:59686"        [_thread_blocked, id=26864, stack(0x0000007143300000,0x0000007143400000) (1024K)]
  0x000001768421d100 JavaThread "Stdin handler"                     [_thread_blocked, id=24416, stack(0x0000007143400000,0x0000007143500000) (1024K)]
  0x000001768421d790 JavaThread "Daemon client event forwarder"        [_thread_blocked, id=24708, stack(0x0000007143c00000,0x0000007143d00000) (1024K)]
  0x000001768421bd50 JavaThread "Cache worker for file hash cache (Z:\major\mobile_app_flutter\android\.gradle\8.14\fileHashes)"        [_thread_blocked, id=14740, stack(0x0000007143d00000,0x0000007143e00000) (1024K)]
  0x000001768421ca70 JavaThread "Cache worker for Build Output Cleanup Cache (Z:\major\mobile_app_flutter\android\.gradle\buildOutputCleanup)"        [_thread_blocked, id=27476, stack(0x0000007144300000,0x0000007144400000) (1024K)]
  0x000001768421de20 JavaThread "Cache worker for checksums cache (Z:\major\mobile_app_flutter\android\.gradle\8.14\checksums)"        [_thread_blocked, id=26996, stack(0x0000007144400000,0x0000007144500000) (1024K)]
  0x000001768421b6c0 JavaThread "Cache worker for cache directory md-supplier (C:\Users\indar\.gradle\caches\8.14\md-supplier)"        [_thread_blocked, id=26808, stack(0x0000007144500000,0x0000007144600000) (1024K)]
  0x000001768421a9a0 JavaThread "Cache worker for cache directory md-rule (C:\Users\indar\.gradle\caches\8.14\md-rule)"        [_thread_blocked, id=31148, stack(0x0000007144e00000,0x0000007144f00000) (1024K)]
  0x000001768421c3e0 JavaThread "Cache worker for Build Output Cleanup Cache (C:\src\flutter\packages\flutter_tools\gradle\.gradle\buildOutputCleanup)"        [_thread_blocked, id=11736, stack(0x0000007144f00000,0x0000007145000000) (1024K)]
  0x0000017684221930 JavaThread "Unconstrained build operations"        [_thread_blocked, id=31068, stack(0x0000007145100000,0x0000007145200000) (1024K)]
  0x000001768421e4b0 JavaThread "Unconstrained build operations Thread 2"        [_thread_blocked, id=29060, stack(0x0000007145200000,0x0000007145300000) (1024K)]
  0x000001768421eb40 JavaThread "Unconstrained build operations Thread 3"        [_thread_blocked, id=31800, stack(0x0000007145300000,0x0000007145400000) (1024K)]
  0x000001768421f1d0 JavaThread "Unconstrained build operations Thread 4"        [_thread_blocked, id=19032, stack(0x0000007145400000,0x0000007145500000) (1024K)]
  0x000001768421f860 JavaThread "Unconstrained build operations Thread 5"        [_thread_blocked, id=26800, stack(0x0000007145500000,0x0000007145600000) (1024K)]
  0x000001768421fef0 JavaThread "Unconstrained build operations Thread 6"        [_thread_blocked, id=31832, stack(0x0000007145600000,0x0000007145700000) (1024K)]
  0x0000017684220580 JavaThread "Unconstrained build operations Thread 7"        [_thread_blocked, id=31780, stack(0x0000007145700000,0x0000007145800000) (1024K)]
  0x0000017682006230 JavaThread "Unconstrained build operations Thread 8"        [_thread_blocked, id=15968, stack(0x0000007145800000,0x0000007145900000) (1024K)]
  0x0000017682004e80 JavaThread "Unconstrained build operations Thread 9"        [_thread_blocked, id=2196, stack(0x0000007145900000,0x0000007145a00000) (1024K)]
  0x000001768200d850 JavaThread "Unconstrained build operations Thread 10"        [_thread_blocked, id=22576, stack(0x0000007145a00000,0x0000007145b00000) (1024K)]
  0x000001768200c4a0 JavaThread "Unconstrained build operations Thread 11"        [_thread_blocked, id=28572, stack(0x0000007145b00000,0x0000007145c00000) (1024K)]
  0x000001768200a3d0 JavaThread "Unconstrained build operations Thread 12"        [_thread_blocked, id=21968, stack(0x0000007145c00000,0x0000007145d00000) (1024K)]
  0x000001768200b780 JavaThread "Unconstrained build operations Thread 13"        [_thread_blocked, id=7160, stack(0x0000007145d00000,0x0000007145e00000) (1024K)]
  0x000001768200aa60 JavaThread "Unconstrained build operations Thread 14"        [_thread_blocked, id=27152, stack(0x0000007145e00000,0x0000007145f00000) (1024K)]
  0x000001768200dee0 JavaThread "Unconstrained build operations Thread 15"        [_thread_blocked, id=29208, stack(0x0000007145f00000,0x0000007146000000) (1024K)]
  0x000001768200e570 JavaThread "Unconstrained build operations Thread 16"        [_thread_blocked, id=12308, stack(0x0000007146000000,0x0000007146100000) (1024K)]
  0x000001768200b0f0 JavaThread "Unconstrained build operations Thread 17"        [_thread_blocked, id=31116, stack(0x0000007146100000,0x0000007146200000) (1024K)]
  0x0000017682011360 JavaThread "Unconstrained build operations Thread 18"        [_thread_blocked, id=30392, stack(0x0000007146200000,0x0000007146300000) (1024K)]
  0x0000017682010cd0 JavaThread "Unconstrained build operations Thread 19"        [_thread_blocked, id=6032, stack(0x0000007146300000,0x0000007146400000) (1024K)]
  0x0000017682012080 JavaThread "Unconstrained build operations Thread 20"        [_thread_blocked, id=28372, stack(0x0000007146400000,0x0000007146500000) (1024K)]
  0x000001768200ec00 JavaThread "Unconstrained build operations Thread 21"        [_thread_blocked, id=28876, stack(0x0000007146500000,0x0000007146600000) (1024K)]
  0x000001768200f290 JavaThread "Unconstrained build operations Thread 22"        [_thread_blocked, id=3976, stack(0x0000007146600000,0x0000007146700000) (1024K)]
  0x00000176820119f0 JavaThread "build event listener"              [_thread_blocked, id=5640, stack(0x0000007146700000,0x0000007146800000) (1024K)]
  0x000001768200f920 JavaThread "included builds"                   [_thread_blocked, id=22076, stack(0x0000007146800000,0x0000007146900000) (1024K)]
  0x0000017682010640 JavaThread "Execution worker"                  [_thread_blocked, id=28004, stack(0x0000007146900000,0x0000007146a00000) (1024K)]
  0x000001768200ffb0 JavaThread "Execution worker Thread 2"         [_thread_blocked, id=31420, stack(0x0000007146a00000,0x0000007146b00000) (1024K)]
  0x0000017682084440 JavaThread "Execution worker Thread 3"         [_thread_blocked, id=28212, stack(0x0000007146b00000,0x0000007146c00000) (1024K)]
  0x0000017682085160 JavaThread "Execution worker Thread 4"         [_thread_blocked, id=27728, stack(0x0000007146c00000,0x0000007146d00000) (1024K)]
  0x0000017682082a00 JavaThread "Execution worker Thread 5"         [_thread_blocked, id=22560, stack(0x0000007146d00000,0x0000007146e00000) (1024K)]
  0x00000176820857f0 JavaThread "Execution worker Thread 6"         [_thread_blocked, id=8204, stack(0x0000007146e00000,0x0000007146f00000) (1024K)]
  0x0000017682085e80 JavaThread "Execution worker Thread 7"         [_thread_blocked, id=20788, stack(0x0000007146f00000,0x0000007147000000) (1024K)]
  0x0000017682083720 JavaThread "Execution worker Thread 8"         [_thread_blocked, id=29412, stack(0x0000007147000000,0x0000007147100000) (1024K)]
  0x0000017682086510 JavaThread "Execution worker Thread 9"         [_thread_blocked, id=12160, stack(0x0000007147100000,0x0000007147200000) (1024K)]
  0x0000017682083090 JavaThread "Execution worker Thread 10"        [_thread_blocked, id=18916, stack(0x0000007147300000,0x0000007147400000) (1024K)]
  0x0000017682086ba0 JavaThread "Execution worker Thread 11"        [_thread_blocked, id=21732, stack(0x0000007147500000,0x0000007147600000) (1024K)]
  0x0000017682087230 JavaThread "Cache worker for execution history cache (C:\src\flutter\packages\flutter_tools\gradle\.gradle\8.14\executionHistory)"        [_thread_blocked, id=23528, stack(0x0000007147600000,0x0000007147700000) (1024K)]
  0x0000017682083db0 JavaThread "Unconstrained build operations Thread 23"        [_thread_blocked, id=31352, stack(0x0000007147700000,0x0000007147800000) (1024K)]
  0x0000017682087f50 JavaThread "Unconstrained build operations Thread 24"        [_thread_blocked, id=31808, stack(0x0000007147800000,0x0000007147900000) (1024K)]
  0x0000017682089990 JavaThread "Unconstrained build operations Thread 25"        [_thread_blocked, id=6928, stack(0x0000007147900000,0x0000007147a00000) (1024K)]
  0x000001768208a020 JavaThread "Unconstrained build operations Thread 26"        [_thread_blocked, id=31032, stack(0x0000007147a00000,0x0000007147b00000) (1024K)]
  0x00000176820878c0 JavaThread "Unconstrained build operations Thread 27"        [_thread_blocked, id=18100, stack(0x0000007147b00000,0x0000007147c00000) (1024K)]
  0x00000176820885e0 JavaThread "Unconstrained build operations Thread 28"        [_thread_blocked, id=7756, stack(0x0000007147c00000,0x0000007147d00000) (1024K)]
  0x0000017682089300 JavaThread "Unconstrained build operations Thread 29"        [_thread_blocked, id=6868, stack(0x0000007147d00000,0x0000007147e00000) (1024K)]
  0x0000017682088c70 JavaThread "Unconstrained build operations Thread 30"        [_thread_blocked, id=13556, stack(0x0000007147e00000,0x0000007147f00000) (1024K)]
  0x000001767e308f80 JavaThread "Unconstrained build operations Thread 31"        [_thread_blocked, id=28488, stack(0x0000007147f00000,0x0000007148000000) (1024K)]
  0x000001767e30a9c0 JavaThread "Unconstrained build operations Thread 32"        [_thread_blocked, id=23024, stack(0x0000007148000000,0x0000007148100000) (1024K)]
  0x000001767e309610 JavaThread "Unconstrained build operations Thread 33"        [_thread_blocked, id=5392, stack(0x0000007148100000,0x0000007148200000) (1024K)]
  0x000001767e30b050 JavaThread "Unconstrained build operations Thread 34"        [_thread_blocked, id=3024, stack(0x0000007148200000,0x0000007148300000) (1024K)]
  0x000001767e308260 JavaThread "Unconstrained build operations Thread 35"        [_thread_blocked, id=18224, stack(0x0000007148300000,0x0000007148400000) (1024K)]
  0x000001767e30a330 JavaThread "Unconstrained build operations Thread 36"        [_thread_blocked, id=18944, stack(0x0000007148400000,0x0000007148500000) (1024K)]
  0x000001767e30b6e0 JavaThread "Unconstrained build operations Thread 37"        [_thread_blocked, id=16920, stack(0x0000007148500000,0x0000007148600000) (1024K)]
  0x000001767e309ca0 JavaThread "Unconstrained build operations Thread 38"        [_thread_blocked, id=15312, stack(0x0000007148600000,0x0000007148700000) (1024K)]
  0x000001767e30bd70 JavaThread "Unconstrained build operations Thread 39"        [_thread_blocked, id=31772, stack(0x0000007148700000,0x0000007148800000) (1024K)]
  0x000001767e3088f0 JavaThread "Unconstrained build operations Thread 40"        [_thread_blocked, id=31768, stack(0x0000007148800000,0x0000007148900000) (1024K)]
  0x000001767e30e4d0 JavaThread "Unconstrained build operations Thread 41"        [_thread_blocked, id=31736, stack(0x0000007148900000,0x0000007148a00000) (1024K)]
  0x000001767e30f880 JavaThread "Unconstrained build operations Thread 42"        [_thread_blocked, id=19064, stack(0x0000007148a00000,0x0000007148b00000) (1024K)]
  0x000001767e30eb60 JavaThread "Unconstrained build operations Thread 43"        [_thread_blocked, id=22856, stack(0x0000007148b00000,0x0000007148c00000) (1024K)]
  0x000001767e30ca90 JavaThread "Unconstrained build operations Thread 44"        [_thread_blocked, id=3240, stack(0x0000007148c00000,0x0000007148d00000) (1024K)]
  0x000001767e30f1f0 JavaThread "Unconstrained build operations Thread 45"        [_thread_blocked, id=31792, stack(0x0000007148d00000,0x0000007148e00000) (1024K)]
  0x000001767e30c400 JavaThread "Unconstrained build operations Thread 46"        [_thread_blocked, id=25192, stack(0x0000007148e00000,0x0000007148f00000) (1024K)]
  0x000001767e30d120 JavaThread "Unconstrained build operations Thread 47"        [_thread_blocked, id=25788, stack(0x0000007148f00000,0x0000007149000000) (1024K)]
  0x000001767e30d7b0 JavaThread "Unconstrained build operations Thread 48"        [_thread_blocked, id=18936, stack(0x0000007149000000,0x0000007149100000) (1024K)]
  0x0000017681e85390 JavaThread "Unconstrained build operations Thread 49"        [_thread_blocked, id=24992, stack(0x0000007149100000,0x0000007149200000) (1024K)]
  0x0000017681e81f10 JavaThread "Unconstrained build operations Thread 50"        [_thread_blocked, id=18972, stack(0x0000007149200000,0x0000007149300000) (1024K)]
  0x0000017681e83950 JavaThread "Unconstrained build operations Thread 51"        [_thread_blocked, id=3136, stack(0x0000007149300000,0x0000007149400000) (1024K)]
  0x0000017681e825a0 JavaThread "Unconstrained build operations Thread 52"        [_thread_blocked, id=31816, stack(0x0000007149400000,0x0000007149500000) (1024K)]
  0x0000017681e85a20 JavaThread "Unconstrained build operations Thread 53"        [_thread_blocked, id=30104, stack(0x0000007149500000,0x0000007149600000) (1024K)]
  0x0000017681e83fe0 JavaThread "Unconstrained build operations Thread 54"        [_thread_blocked, id=13060, stack(0x0000007149600000,0x0000007149700000) (1024K)]
  0x0000017681e89530 JavaThread "Unconstrained build operations Thread 55"        [_thread_blocked, id=16940, stack(0x0000007149700000,0x0000007149800000) (1024K)]
  0x0000017681e86dd0 JavaThread "Unconstrained build operations Thread 56"        [_thread_blocked, id=31784, stack(0x0000007149800000,0x0000007149900000) (1024K)]
  0x0000017681e88810 JavaThread "Unconstrained build operations Thread 57"        [_thread_blocked, id=28012, stack(0x0000007149900000,0x0000007149a00000) (1024K)]
  0x0000017681e860b0 JavaThread "Unconstrained build operations Thread 58"        [_thread_blocked, id=16856, stack(0x0000007149a00000,0x0000007149b00000) (1024K)]
  0x0000017681e88ea0 JavaThread "Unconstrained build operations Thread 59"        [_thread_blocked, id=18964, stack(0x0000007149b00000,0x0000007149c00000) (1024K)]
  0x0000017681e87460 JavaThread "Unconstrained build operations Thread 60"        [_thread_blocked, id=2176, stack(0x0000007149c00000,0x0000007149d00000) (1024K)]
  0x0000017681e87af0 JavaThread "Unconstrained build operations Thread 61"        [_thread_blocked, id=31796, stack(0x0000007149d00000,0x0000007149e00000) (1024K)]
  0x0000017681e88180 JavaThread "Unconstrained build operations Thread 62"        [_thread_blocked, id=18988, stack(0x0000007149e00000,0x0000007149f00000) (1024K)]
  0x0000017681e86740 JavaThread "Unconstrained build operations Thread 63"        [_thread_blocked, id=31788, stack(0x0000007149f00000,0x000000714a000000) (1024K)]
  0x0000017680b1d200 JavaThread "Unconstrained build operations Thread 64"        [_thread_blocked, id=6724, stack(0x000000714a100000,0x000000714a200000) (1024K)]
  0x0000017680b1f2d0 JavaThread "Unconstrained build operations Thread 65"        [_thread_blocked, id=27060, stack(0x000000714a200000,0x000000714a300000) (1024K)]
  0x0000017680b1df20 JavaThread "Unconstrained build operations Thread 66"        [_thread_blocked, id=28456, stack(0x000000714a300000,0x000000714a400000) (1024K)]
  0x0000017680b23b00 JavaThread "Unconstrained build operations Thread 67"        [_thread_blocked, id=6992, stack(0x000000714a400000,0x000000714a500000) (1024K)]
  0x0000017680b22de0 JavaThread "Unconstrained build operations Thread 68"        [_thread_blocked, id=27460, stack(0x000000714a500000,0x000000714a600000) (1024K)]
  0x0000017680b24820 JavaThread "build event listener"              [_thread_blocked, id=11992, stack(0x000000714a600000,0x000000714a700000) (1024K)]
  0x0000017680b24190 JavaThread "Unconstrained build operations Thread 69"        [_thread_blocked, id=26536, stack(0x000000714a700000,0x000000714a800000) (1024K)]
  0x000001767f1e4dc0 JavaThread "Unconstrained build operations Thread 70"        [_thread_blocked, id=25680, stack(0x000000714a800000,0x000000714a900000) (1024K)]
  0x000001767f1e40a0 JavaThread "Unconstrained build operations Thread 71"        [_thread_blocked, id=23056, stack(0x000000714a900000,0x000000714aa00000) (1024K)]
  0x000001767f1e5450 JavaThread "Unconstrained build operations Thread 72"        [_thread_blocked, id=26896, stack(0x000000714aa00000,0x000000714ab00000) (1024K)]
  0x000001767f1e5ae0 JavaThread "Unconstrained build operations Thread 73"        [_thread_blocked, id=31776, stack(0x000000714ab00000,0x000000714ac00000) (1024K)]
  0x00000176822ed0f0 JavaThread "Unconstrained build operations Thread 74"        [_thread_blocked, id=17452, stack(0x000000714ac00000,0x000000714ad00000) (1024K)]
  0x00000176822eeb30 JavaThread "Unconstrained build operations Thread 75"        [_thread_blocked, id=31836, stack(0x000000714ad00000,0x000000714ae00000) (1024K)]
  0x0000017680d7d880 JavaThread "Unconstrained build operations Thread 76"        [_thread_blocked, id=17692, stack(0x000000714ae00000,0x000000714af00000) (1024K)]
  0x0000017680d7be40 JavaThread "Unconstrained build operations Thread 77"        [_thread_blocked, id=22028, stack(0x000000714af00000,0x000000714b000000) (1024K)]
  0x0000017680d7b120 JavaThread "Unconstrained build operations Thread 78"        [_thread_blocked, id=29828, stack(0x000000714b000000,0x000000714b100000) (1024K)]
  0x0000017680d7b7b0 JavaThread "Unconstrained build operations Thread 79"        [_thread_blocked, id=14732, stack(0x000000714b100000,0x000000714b200000) (1024K)]
  0x0000017680d7aa90 JavaThread "Unconstrained build operations Thread 80"        [_thread_blocked, id=26348, stack(0x000000714b200000,0x000000714b300000) (1024K)]
  0x0000017680d7cb60 JavaThread "Unconstrained build operations Thread 81"        [_thread_blocked, id=1668, stack(0x000000714b300000,0x000000714b400000) (1024K)]
  0x0000017680d7df10 JavaThread "Unconstrained build operations Thread 82"        [_thread_blocked, id=27488, stack(0x000000714b400000,0x000000714b500000) (1024K)]
  0x0000017680d7e5a0 JavaThread "Problems report writer"            [_thread_blocked, id=19068, stack(0x000000714b500000,0x000000714b600000) (1024K)]
  0x0000017680d7d1f0 JavaThread "Unconstrained build operations Thread 83"        [_thread_blocked, id=3916, stack(0x000000714b600000,0x000000714b700000) (1024K)]
  0x0000017680d7ec30 JavaThread "Unconstrained build operations Thread 84"        [_thread_blocked, id=31812, stack(0x000000714b700000,0x000000714b800000) (1024K)]
  0x0000017680d7f2c0 JavaThread "Unconstrained build operations Thread 85"        [_thread_blocked, id=22200, stack(0x000000714b800000,0x000000714b900000) (1024K)]
  0x0000017680d7c4d0 JavaThread "Unconstrained build operations Thread 86"        [_thread_blocked, id=22720, stack(0x000000714b900000,0x000000714ba00000) (1024K)]
  0x0000017680d7f950 JavaThread "Unconstrained build operations Thread 87"        [_thread_blocked, id=1944, stack(0x000000714ba00000,0x000000714bb00000) (1024K)]
  0x0000017680d80d00 JavaThread "Unconstrained build operations Thread 88"        [_thread_blocked, id=18940, stack(0x000000714bb00000,0x000000714bc00000) (1024K)]
  0x0000017680d7ffe0 JavaThread "Unconstrained build operations Thread 89"        [_thread_blocked, id=30588, stack(0x000000714bc00000,0x000000714bd00000) (1024K)]
  0x0000017680d80670 JavaThread "Unconstrained build operations Thread 90"        [_thread_blocked, id=26760, stack(0x000000714bd00000,0x000000714be00000) (1024K)]
  0x0000017680d81390 JavaThread "Unconstrained build operations Thread 91"        [_thread_blocked, id=27012, stack(0x000000714be00000,0x000000714bf00000) (1024K)]
  0x0000017680d820b0 JavaThread "Unconstrained build operations Thread 92"        [_thread_blocked, id=14328, stack(0x000000714bf00000,0x000000714c000000) (1024K)]
  0x0000017680d81a20 JavaThread "Unconstrained build operations Thread 93"        [_thread_blocked, id=19572, stack(0x000000714c000000,0x000000714c100000) (1024K)]
  0x000001768af5dbf0 JavaThread "Unconstrained build operations Thread 94"        [_thread_blocked, id=29052, stack(0x000000714c100000,0x000000714c200000) (1024K)]
  0x000001768af5e280 JavaThread "Unconstrained build operations Thread 95"        [_thread_blocked, id=16936, stack(0x000000714c200000,0x000000714c300000) (1024K)]
  0x000001768af5c1b0 JavaThread "Unconstrained build operations Thread 96"        [_thread_blocked, id=31576, stack(0x000000714c300000,0x000000714c400000) (1024K)]
  0x000001768af5d560 JavaThread "Unconstrained build operations Thread 97"        [_thread_blocked, id=29288, stack(0x000000714c400000,0x000000714c500000) (1024K)]
  0x000001768af5bb20 JavaThread "Unconstrained build operations Thread 98"        [_thread_blocked, id=18920, stack(0x000000714c500000,0x000000714c600000) (1024K)]
  0x000001768af5ced0 JavaThread "Unconstrained build operations Thread 99"        [_thread_blocked, id=25624, stack(0x000000714c600000,0x000000714c700000) (1024K)]
  0x000001768af5ae00 JavaThread "Unconstrained build operations Thread 100"        [_thread_blocked, id=30040, stack(0x000000714c700000,0x000000714c800000) (1024K)]
  0x000001768af5e910 JavaThread "Unconstrained build operations Thread 101"        [_thread_blocked, id=23584, stack(0x000000714c800000,0x000000714c900000) (1024K)]
  0x000001768af5b490 JavaThread "Unconstrained build operations Thread 102"        [_thread_blocked, id=29280, stack(0x000000714c900000,0x000000714ca00000) (1024K)]
  0x000001768af5c840 JavaThread "Unconstrained build operations Thread 103"        [_thread_blocked, id=24964, stack(0x000000714ca00000,0x000000714cb00000) (1024K)]
  0x000001768af5fcc0 JavaThread "Unconstrained build operations Thread 104"        [_thread_blocked, id=6792, stack(0x000000714cb00000,0x000000714cc00000) (1024K)]
  0x000001768af62420 JavaThread "Unconstrained build operations Thread 105"        [_thread_blocked, id=23472, stack(0x000000714cc00000,0x000000714cd00000) (1024K)]
  0x000001768af5efa0 JavaThread "Unconstrained build operations Thread 106"        [_thread_blocked, id=19948, stack(0x000000714cd00000,0x000000714ce00000) (1024K)]
  0x000001768af62ab0 JavaThread "Unconstrained build operations Thread 107"        [_thread_blocked, id=18864, stack(0x000000714ce00000,0x000000714cf00000) (1024K)]
  0x000001768af60350 JavaThread "Unconstrained build operations Thread 108"        [_thread_blocked, id=19672, stack(0x000000714cf00000,0x000000714d000000) (1024K)]
  0x000001768af5f630 JavaThread "Unconstrained build operations Thread 109"        [_thread_blocked, id=3948, stack(0x000000714d000000,0x000000714d100000) (1024K)]
  0x000001768af637d0 JavaThread "Unconstrained build operations Thread 110"        [_thread_blocked, id=15060, stack(0x000000714d100000,0x000000714d200000) (1024K)]
  0x000001768af63e60 JavaThread "Unconstrained build operations Thread 111"        [_thread_blocked, id=9052, stack(0x000000714d200000,0x000000714d300000) (1024K)]
  0x000001768af63140 JavaThread "Unconstrained build operations Thread 112"        [_thread_blocked, id=15440, stack(0x000000714d300000,0x000000714d400000) (1024K)]
  0x000001768af61700 JavaThread "Unconstrained build operations Thread 113"        [_thread_blocked, id=26736, stack(0x000000714d400000,0x000000714d500000) (1024K)]
  0x000001768af61d90 JavaThread "Unconstrained build operations Thread 114"        [_thread_blocked, id=32636, stack(0x000000714d500000,0x000000714d600000) (1024K)]
  0x000001768af609e0 JavaThread "Unconstrained build operations Thread 115"        [_thread_blocked, id=32624, stack(0x000000714d600000,0x000000714d700000) (1024K)]
  0x000001768af66c50 JavaThread "Unconstrained build operations Thread 116"        [_thread_blocked, id=27068, stack(0x000000714d700000,0x000000714d800000) (1024K)]
  0x000001768af644f0 JavaThread "Unconstrained build operations Thread 117"        [_thread_blocked, id=29744, stack(0x000000714d800000,0x000000714d900000) (1024K)]
  0x000001768af65f30 JavaThread "Unconstrained build operations Thread 118"        [_thread_blocked, id=29584, stack(0x000000714d900000,0x000000714da00000) (1024K)]
  0x000001768af67970 JavaThread "Unconstrained build operations Thread 119"        [_thread_blocked, id=32120, stack(0x000000714da00000,0x000000714db00000) (1024K)]
  0x000001768af672e0 JavaThread "Unconstrained build operations Thread 120"        [_thread_blocked, id=32728, stack(0x000000714db00000,0x000000714dc00000) (1024K)]
Total: 187

Other Threads:
=>0x000001767a8d2310 VMThread "VM Thread"                           [id=28020, stack(0x0000007141600000,0x0000007141700000) (1024K)]
  0x000001767a8bce90 WatcherThread "VM Periodic Task Thread"        [id=29028, stack(0x0000007141500000,0x0000007141600000) (1024K)]
  0x000001764f910ac0 WorkerThread "GC Thread#0"                     [id=6644, stack(0x0000007141000000,0x0000007141100000) (1024K)]
  0x000001767d784bf0 WorkerThread "GC Thread#1"                     [id=23608, stack(0x0000007142200000,0x0000007142300000) (1024K)]
  0x000001767d727110 WorkerThread "GC Thread#2"                     [id=29252, stack(0x0000007142300000,0x0000007142400000) (1024K)]
  0x000001767d7274c0 WorkerThread "GC Thread#3"                     [id=30976, stack(0x0000007142400000,0x0000007142500000) (1024K)]
  0x000001767d818d90 WorkerThread "GC Thread#4"                     [id=23440, stack(0x0000007142500000,0x0000007142600000) (1024K)]
  0x000001767d819140 WorkerThread "GC Thread#5"                     [id=27044, stack(0x0000007142600000,0x0000007142700000) (1024K)]
  0x000001767d8194f0 WorkerThread "GC Thread#6"                     [id=2064, stack(0x0000007142700000,0x0000007142800000) (1024K)]
  0x000001767d8198a0 WorkerThread "GC Thread#7"                     [id=6832, stack(0x0000007142800000,0x0000007142900000) (1024K)]
  0x000001767d865280 WorkerThread "GC Thread#8"                     [id=30016, stack(0x0000007142900000,0x0000007142a00000) (1024K)]
  0x000001767f0efb30 WorkerThread "GC Thread#9"                     [id=30944, stack(0x0000007143500000,0x0000007143600000) (1024K)]
  0x000001764d47dfa0 ConcurrentGCThread "G1 Main Marker"            [id=11808, stack(0x0000007141100000,0x0000007141200000) (1024K)]
  0x000001767a708e40 WorkerThread "G1 Conc#0"                       [id=28632, stack(0x0000007141200000,0x0000007141300000) (1024K)]
  0x0000017682648e30 WorkerThread "G1 Conc#1"                       [id=16536, stack(0x0000007143a00000,0x0000007143b00000) (1024K)]
  0x000001768264af60 WorkerThread "G1 Conc#2"                       [id=4404, stack(0x0000007143b00000,0x0000007143c00000) (1024K)]
  0x000001767a78f3d0 ConcurrentGCThread "G1 Refine#0"               [id=1264, stack(0x0000007141300000,0x0000007141400000) (1024K)]
  0x000001767a78fd60 ConcurrentGCThread "G1 Service"                [id=24200, stack(0x0000007141400000,0x0000007141500000) (1024K)]
Total: 18

Threads with active compile tasks:
C2 CompilerThread0  32730 22061       4       org.gradle.api.internal.artifacts.ivyservice.resolveengine.graph.builder.ModuleResolveState$$Lambda/0x000001760982d388::apply (20 bytes)
C2 CompilerThread1  32730 22062       4       org.gradle.api.internal.artifacts.ivyservice.resolveengine.graph.builder.NodeState::getEndorsedStrictVersions (326 bytes)
C2 CompilerThread2  32730 22064       4       java.util.LinkedList::addAll (182 bytes)
Total: 3

VM state: at safepoint (normal execution)

VM Mutex/Monitor currently owned by a thread:  ([mutex/lock_event])
[0x00007ffa2e39f5b0] Threads_lock - owner thread: 0x000001767a8d2310
[0x00007ffa2e39f6b0] Heap_lock - owner thread: 0x0000017680b1d200

Heap address: 0x0000000600000000, size: 8192 MB, Compressed Oops mode: Zero based, Oop shift amount: 3

CDS archive(s) mapped at: [0x0000017608000000-0x0000017608c80000-0x0000017608c80000), size 13107200, SharedBaseAddress: 0x0000017608000000, ArchiveRelocationMode: 1.
Compressed class space mapped at: 0x0000017609000000-0x0000017649000000, reserved size: 1073741824
Narrow klass base: 0x0000017608000000, Narrow klass shift: 0, Narrow klass range: 0x100000000

GC Precious Log:
 CardTable entry size: 512
 Card Set container configuration: InlinePtr #cards 4 size 8 Array Of Cards #cards 32 size 80 Howl #buckets 8 coarsen threshold 7372 Howl Bitmap #cards 1024 size 144 coarsen threshold 921 Card regions per heap region 1 cards per card region 8192
 CPUs: 12 total, 12 available
 Memory: 24297M
 Large Page Support: Disabled
 NUMA Support: Disabled
 Compressed Oops: Enabled (Zero based)
 Heap Region Size: 4M
 Heap Min Capacity: 8M
 Heap Initial Capacity: 380M
 Heap Max Capacity: 8G
 Pre-touch: Disabled
 Parallel Workers: 10
 Concurrent Workers: 3
 Concurrent Refinement Workers: 10
 Periodic GC: Disabled

Heap:
 garbage-first heap   total 593920K, used 311776K [0x0000000600000000, 0x0000000800000000)
  region size 4096K, 5 young (20480K), 5 survivors (20480K)
 Metaspace       used 127243K, committed 130304K, reserved 1179648K
  class space    used 17855K, committed 19328K, reserved 1048576K

Heap Regions: E=young(eden), S=young(survivor), O=old, HS=humongous(starts), HC=humongous(continues), CS=collection set, F=free, TAMS=top-at-mark-start, PB=parsable bottom
|   0|0x0000000600000000, 0x0000000600400000, 0x0000000600400000|100%|HS|  |TAMS 0x0000000600000000| PB 0x0000000600000000| Complete 
|   1|0x0000000600400000, 0x0000000600800000, 0x0000000600800000|100%| O|  |TAMS 0x0000000600400000| PB 0x0000000600400000| Untracked 
|   2|0x0000000600800000, 0x0000000600c00000, 0x0000000600c00000|100%| O|  |TAMS 0x0000000600800000| PB 0x0000000600800000| Untracked 
|   3|0x0000000600c00000, 0x0000000601000000, 0x0000000601000000|100%| O|  |TAMS 0x0000000600c00000| PB 0x0000000600c00000| Untracked 
|   4|0x0000000601000000, 0x0000000601400000, 0x0000000601400000|100%| O|  |TAMS 0x0000000601000000| PB 0x0000000601000000| Untracked 
|   5|0x0000000601400000, 0x0000000601800000, 0x0000000601800000|100%| O|  |TAMS 0x0000000601400000| PB 0x0000000601400000| Untracked 
|   6|0x0000000601800000, 0x0000000601c00000, 0x0000000601c00000|100%| O|  |TAMS 0x0000000601800000| PB 0x0000000601800000| Untracked 
|   7|0x0000000601c00000, 0x0000000602000000, 0x0000000602000000|100%| O|  |TAMS 0x0000000601c00000| PB 0x0000000601c00000| Untracked 
|   8|0x0000000602000000, 0x0000000602400000, 0x0000000602400000|100%| O|  |TAMS 0x0000000602000000| PB 0x0000000602000000| Untracked 
|   9|0x0000000602400000, 0x0000000602800000, 0x0000000602800000|100%| O|  |TAMS 0x0000000602400000| PB 0x0000000602400000| Untracked 
|  10|0x0000000602800000, 0x0000000602c00000, 0x0000000602c00000|100%| O|  |TAMS 0x0000000602800000| PB 0x0000000602800000| Untracked 
|  11|0x0000000602c00000, 0x0000000603000000, 0x0000000603000000|100%| O|  |TAMS 0x0000000602c00000| PB 0x0000000602c00000| Untracked 
|  12|0x0000000603000000, 0x0000000603400000, 0x0000000603400000|100%| O|  |TAMS 0x0000000603000000| PB 0x0000000603000000| Untracked 
|  13|0x0000000603400000, 0x0000000603800000, 0x0000000603800000|100%| O|  |TAMS 0x0000000603400000| PB 0x0000000603400000| Untracked 
|  14|0x0000000603800000, 0x0000000603c00000, 0x0000000603c00000|100%| O|Cm|TAMS 0x0000000603800000| PB 0x0000000603800000| Complete 
|  15|0x0000000603c00000, 0x0000000604000000, 0x0000000604000000|100%| O|  |TAMS 0x0000000603c00000| PB 0x0000000603c00000| Untracked 
|  16|0x0000000604000000, 0x0000000604400000, 0x0000000604400000|100%| O|  |TAMS 0x0000000604000000| PB 0x0000000604000000| Untracked 
|  17|0x0000000604400000, 0x0000000604800000, 0x0000000604800000|100%| O|  |TAMS 0x0000000604400000| PB 0x0000000604400000| Untracked 
|  18|0x0000000604800000, 0x0000000604c00000, 0x0000000604c00000|100%| O|  |TAMS 0x0000000604800000| PB 0x0000000604800000| Untracked 
|  19|0x0000000604c00000, 0x0000000605000000, 0x0000000605000000|100%| O|  |TAMS 0x0000000604c00000| PB 0x0000000604c00000| Untracked 
|  20|0x0000000605000000, 0x0000000605400000, 0x0000000605400000|100%| O|  |TAMS 0x0000000605000000| PB 0x0000000605000000| Untracked 
|  21|0x0000000605400000, 0x0000000605800000, 0x0000000605800000|100%| O|  |TAMS 0x0000000605400000| PB 0x0000000605400000| Untracked 
|  22|0x0000000605800000, 0x0000000605c00000, 0x0000000605c00000|100%| O|  |TAMS 0x0000000605800000| PB 0x0000000605800000| Untracked 
|  23|0x0000000605c00000, 0x0000000606000000, 0x0000000606000000|100%| O|  |TAMS 0x0000000605c00000| PB 0x0000000605c00000| Untracked 
|  24|0x0000000606000000, 0x0000000606400000, 0x0000000606400000|100%| O|  |TAMS 0x0000000606000000| PB 0x0000000606000000| Untracked 
|  25|0x0000000606400000, 0x0000000606800000, 0x0000000606800000|100%| O|Cm|TAMS 0x0000000606400000| PB 0x0000000606400000| Complete 
|  26|0x0000000606800000, 0x0000000606c00000, 0x0000000606c00000|100%| O|  |TAMS 0x0000000606800000| PB 0x0000000606800000| Untracked 
|  27|0x0000000606c00000, 0x0000000607000000, 0x0000000607000000|100%| O|  |TAMS 0x0000000606c00000| PB 0x0000000606c00000| Untracked 
|  28|0x0000000607000000, 0x0000000607400000, 0x0000000607400000|100%| O|Cm|TAMS 0x0000000607000000| PB 0x0000000607000000| Complete 
|  29|0x0000000607400000, 0x0000000607800000, 0x0000000607800000|100%| O|  |TAMS 0x0000000607400000| PB 0x0000000607400000| Untracked 
|  30|0x0000000607800000, 0x0000000607800000, 0x0000000607c00000|  0%| F|  |TAMS 0x0000000607800000| PB 0x0000000607800000| Untracked 
|  31|0x0000000607c00000, 0x0000000608000000, 0x0000000608000000|100%| O|Cm|TAMS 0x0000000607c00000| PB 0x0000000607c00000| Complete 
|  32|0x0000000608000000, 0x0000000608400000, 0x0000000608400000|100%| O|Cm|TAMS 0x0000000608000000| PB 0x0000000608000000| Complete 
|  33|0x0000000608400000, 0x0000000608800000, 0x0000000608800000|100%| O|Cm|TAMS 0x0000000608400000| PB 0x0000000608400000| Complete 
|  34|0x0000000608800000, 0x0000000608c00000, 0x0000000608c00000|100%| O|Cm|TAMS 0x0000000608800000| PB 0x0000000608800000| Complete 
|  35|0x0000000608c00000, 0x0000000608c00000, 0x0000000609000000|  0%| F|  |TAMS 0x0000000608c00000| PB 0x0000000608c00000| Untracked 
|  36|0x0000000609000000, 0x0000000609000000, 0x0000000609400000|  0%| F|  |TAMS 0x0000000609000000| PB 0x0000000609000000| Untracked 
|  37|0x0000000609400000, 0x0000000609400000, 0x0000000609800000|  0%| F|  |TAMS 0x0000000609400000| PB 0x0000000609400000| Untracked 
|  38|0x0000000609800000, 0x0000000609800000, 0x0000000609c00000|  0%| F|  |TAMS 0x0000000609800000| PB 0x0000000609800000| Untracked 
|  39|0x0000000609c00000, 0x0000000609c00000, 0x000000060a000000|  0%| F|  |TAMS 0x0000000609c00000| PB 0x0000000609c00000| Untracked 
|  40|0x000000060a000000, 0x000000060a400000, 0x000000060a400000|100%| O|Cm|TAMS 0x000000060a000000| PB 0x000000060a000000| Complete 
|  41|0x000000060a400000, 0x000000060a800000, 0x000000060a800000|100%| O|Cm|TAMS 0x000000060a400000| PB 0x000000060a400000| Complete 
|  42|0x000000060a800000, 0x000000060ac00000, 0x000000060ac00000|100%| O|Cm|TAMS 0x000000060a800000| PB 0x000000060a800000| Complete 
|  43|0x000000060ac00000, 0x000000060b000000, 0x000000060b000000|100%| O|  |TAMS 0x000000060ac00000| PB 0x000000060ac00000| Untracked 
|  44|0x000000060b000000, 0x000000060b400000, 0x000000060b400000|100%| O|Cm|TAMS 0x000000060b000000| PB 0x000000060b000000| Complete 
|  45|0x000000060b400000, 0x000000060b400000, 0x000000060b800000|  0%| F|  |TAMS 0x000000060b400000| PB 0x000000060b400000| Untracked 
|  46|0x000000060b800000, 0x000000060bc00000, 0x000000060bc00000|100%| O|Cm|TAMS 0x000000060b800000| PB 0x000000060b800000| Complete 
|  47|0x000000060bc00000, 0x000000060bc00000, 0x000000060c000000|  0%| F|  |TAMS 0x000000060bc00000| PB 0x000000060bc00000| Untracked 
|  48|0x000000060c000000, 0x000000060c000000, 0x000000060c400000|  0%| F|  |TAMS 0x000000060c000000| PB 0x000000060c000000| Untracked 
|  49|0x000000060c400000, 0x000000060c400000, 0x000000060c800000|  0%| F|  |TAMS 0x000000060c400000| PB 0x000000060c400000| Untracked 
|  50|0x000000060c800000, 0x000000060cc00000, 0x000000060cc00000|100%| O|  |TAMS 0x000000060c800000| PB 0x000000060c800000| Untracked 
|  51|0x000000060cc00000, 0x000000060cc00000, 0x000000060d000000|  0%| F|  |TAMS 0x000000060cc00000| PB 0x000000060cc00000| Untracked 
|  52|0x000000060d000000, 0x000000060d400000, 0x000000060d400000|100%| O|Cm|TAMS 0x000000060d000000| PB 0x000000060d000000| Complete 
|  53|0x000000060d400000, 0x000000060d800000, 0x000000060d800000|100%| O|Cm|TAMS 0x000000060d400000| PB 0x000000060d400000| Complete 
|  54|0x000000060d800000, 0x000000060dc00000, 0x000000060dc00000|100%| O|Cm|TAMS 0x000000060d800000| PB 0x000000060d800000| Complete 
|  55|0x000000060dc00000, 0x000000060dc00000, 0x000000060e000000|  0%| F|  |TAMS 0x000000060dc00000| PB 0x000000060dc00000| Untracked 
|  56|0x000000060e000000, 0x000000060e000000, 0x000000060e400000|  0%| F|  |TAMS 0x000000060e000000| PB 0x000000060e000000| Untracked 
|  57|0x000000060e400000, 0x000000060e400000, 0x000000060e800000|  0%| F|  |TAMS 0x000000060e400000| PB 0x000000060e400000| Untracked 
|  58|0x000000060e800000, 0x000000060ec00000, 0x000000060ec00000|100%| O|Cm|TAMS 0x000000060e800000| PB 0x000000060e800000| Complete 
|  59|0x000000060ec00000, 0x000000060ec00000, 0x000000060f000000|  0%| F|  |TAMS 0x000000060ec00000| PB 0x000000060ec00000| Untracked 
|  60|0x000000060f000000, 0x000000060f400000, 0x000000060f400000|100%| O|Cm|TAMS 0x000000060f000000| PB 0x000000060f000000| Complete 
|  61|0x000000060f400000, 0x000000060f800000, 0x000000060f800000|100%| O|  |TAMS 0x000000060f400000| PB 0x000000060f400000| Untracked 
|  62|0x000000060f800000, 0x000000060fc00000, 0x000000060fc00000|100%| O|  |TAMS 0x000000060f800000| PB 0x000000060f800000| Untracked 
|  63|0x000000060fc00000, 0x0000000610000000, 0x0000000610000000|100%| O|  |TAMS 0x000000060fc00000| PB 0x000000060fc00000| Untracked 
|  64|0x0000000610000000, 0x0000000610400000, 0x0000000610400000|100%| O|  |TAMS 0x0000000610000000| PB 0x0000000610000000| Untracked 
|  65|0x0000000610400000, 0x0000000610800000, 0x0000000610800000|100%| O|Cm|TAMS 0x0000000610400000| PB 0x0000000610400000| Complete 
|  66|0x0000000610800000, 0x0000000610c00000, 0x0000000610c00000|100%| O|Cm|TAMS 0x0000000610800000| PB 0x0000000610800000| Complete 
|  67|0x0000000610c00000, 0x0000000611000000, 0x0000000611000000|100%| O|Cm|TAMS 0x0000000610c00000| PB 0x0000000610c00000| Complete 
|  68|0x0000000611000000, 0x0000000611400000, 0x0000000611400000|100%| O|  |TAMS 0x0000000611000000| PB 0x0000000611000000| Untracked 
|  69|0x0000000611400000, 0x0000000611800000, 0x0000000611800000|100%| O|  |TAMS 0x0000000611400000| PB 0x0000000611400000| Untracked 
|  70|0x0000000611800000, 0x0000000611c00000, 0x0000000611c00000|100%| O|  |TAMS 0x0000000611800000| PB 0x0000000611800000| Untracked 
|  71|0x0000000611c00000, 0x0000000612000000, 0x0000000612000000|100%| O|  |TAMS 0x0000000611c00000| PB 0x0000000611c00000| Untracked 
|  72|0x0000000612000000, 0x0000000612400000, 0x0000000612400000|100%| O|  |TAMS 0x0000000612000000| PB 0x0000000612000000| Untracked 
|  73|0x0000000612400000, 0x0000000612800000, 0x0000000612800000|100%| O|  |TAMS 0x0000000612400000| PB 0x0000000612400000| Untracked 
|  74|0x0000000612800000, 0x0000000612c00000, 0x0000000612c00000|100%| O|  |TAMS 0x0000000612800000| PB 0x0000000612800000| Untracked 
|  75|0x0000000612c00000, 0x0000000613000000, 0x0000000613000000|100%| O|  |TAMS 0x0000000612c00000| PB 0x0000000612c00000| Untracked 
|  76|0x0000000613000000, 0x0000000613400000, 0x0000000613400000|100%| O|  |TAMS 0x0000000613000000| PB 0x0000000613000000| Untracked 
|  77|0x0000000613400000, 0x0000000613800000, 0x0000000613800000|100%| O|  |TAMS 0x0000000613400000| PB 0x0000000613400000| Untracked 
|  78|0x0000000613800000, 0x0000000613c00000, 0x0000000613c00000|100%| O|  |TAMS 0x0000000613800000| PB 0x0000000613800000| Untracked 
|  79|0x0000000613c00000, 0x0000000614000000, 0x0000000614000000|100%| O|  |TAMS 0x0000000613c00000| PB 0x0000000613c00000| Untracked 
|  80|0x0000000614000000, 0x0000000614400000, 0x0000000614400000|100%| O|  |TAMS 0x0000000614000000| PB 0x0000000614000000| Untracked 
|  81|0x0000000614400000, 0x0000000614800000, 0x0000000614800000|100%| O|  |TAMS 0x0000000614400000| PB 0x0000000614400000| Untracked 
|  82|0x0000000614800000, 0x0000000614c00000, 0x0000000614c00000|100%| O|  |TAMS 0x0000000614800000| PB 0x0000000614800000| Untracked 
|  83|0x0000000614c00000, 0x0000000614c00000, 0x0000000615000000|  0%| F|  |TAMS 0x0000000614c00000| PB 0x0000000614c00000| Untracked 
|  84|0x0000000615000000, 0x0000000615400000, 0x0000000615400000|100%| O|  |TAMS 0x0000000615000000| PB 0x0000000615000000| Untracked 
|  85|0x0000000615400000, 0x0000000615800000, 0x0000000615800000|100%| O|  |TAMS 0x0000000615400000| PB 0x0000000615400000| Untracked 
|  86|0x0000000615800000, 0x0000000615a5faa0, 0x0000000615c00000| 59%| O|  |TAMS 0x0000000615800000| PB 0x0000000615800000| Untracked 
|  87|0x0000000615c00000, 0x0000000615e18820, 0x0000000616000000| 52%| S|CS|TAMS 0x0000000615c00000| PB 0x0000000615c00000| Complete 
|  88|0x0000000616000000, 0x0000000616400000, 0x0000000616400000|100%| S|CS|TAMS 0x0000000616000000| PB 0x0000000616000000| Complete 
|  89|0x0000000616400000, 0x0000000616400000, 0x0000000616800000|  0%| F|  |TAMS 0x0000000616400000| PB 0x0000000616400000| Untracked 
|  90|0x0000000616800000, 0x0000000616800000, 0x0000000616c00000|  0%| F|  |TAMS 0x0000000616800000| PB 0x0000000616800000| Untracked 
|  91|0x0000000616c00000, 0x0000000616c00000, 0x0000000617000000|  0%| F|  |TAMS 0x0000000616c00000| PB 0x0000000616c00000| Untracked 
|  92|0x0000000617000000, 0x0000000617000000, 0x0000000617400000|  0%| F|  |TAMS 0x0000000617000000| PB 0x0000000617000000| Untracked 
|  93|0x0000000617400000, 0x0000000617800000, 0x0000000617800000|100%| S|CS|TAMS 0x0000000617400000| PB 0x0000000617400000| Complete 
|  94|0x0000000617800000, 0x0000000617c00000, 0x0000000617c00000|100%| S|CS|TAMS 0x0000000617800000| PB 0x0000000617800000| Complete 
|  95|0x0000000617c00000, 0x0000000618000000, 0x0000000618000000|100%| S|CS|TAMS 0x0000000617c00000| PB 0x0000000617c00000| Complete 
|  96|0x0000000618000000, 0x0000000618000000, 0x0000000618400000|  0%| F|  |TAMS 0x0000000618000000| PB 0x0000000618000000| Untracked 
|  97|0x0000000618400000, 0x0000000618400000, 0x0000000618800000|  0%| F|  |TAMS 0x0000000618400000| PB 0x0000000618400000| Untracked 
|  98|0x0000000618800000, 0x0000000618800000, 0x0000000618c00000|  0%| F|  |TAMS 0x0000000618800000| PB 0x0000000618800000| Untracked 
|  99|0x0000000618c00000, 0x0000000618c00000, 0x0000000619000000|  0%| F|  |TAMS 0x0000000618c00000| PB 0x0000000618c00000| Untracked 
| 100|0x0000000619000000, 0x0000000619000000, 0x0000000619400000|  0%| F|  |TAMS 0x0000000619000000| PB 0x0000000619000000| Untracked 
| 101|0x0000000619400000, 0x0000000619400000, 0x0000000619800000|  0%| F|  |TAMS 0x0000000619400000| PB 0x0000000619400000| Untracked 
| 102|0x0000000619800000, 0x0000000619800000, 0x0000000619c00000|  0%| F|  |TAMS 0x0000000619800000| PB 0x0000000619800000| Untracked 
| 103|0x0000000619c00000, 0x0000000619c00000, 0x000000061a000000|  0%| F|  |TAMS 0x0000000619c00000| PB 0x0000000619c00000| Untracked 
| 104|0x000000061a000000, 0x000000061a000000, 0x000000061a400000|  0%| F|  |TAMS 0x000000061a000000| PB 0x000000061a000000| Untracked 
| 105|0x000000061a400000, 0x000000061a400000, 0x000000061a800000|  0%| F|  |TAMS 0x000000061a400000| PB 0x000000061a400000| Untracked 
| 106|0x000000061a800000, 0x000000061a800000, 0x000000061ac00000|  0%| F|  |TAMS 0x000000061a800000| PB 0x000000061a800000| Untracked 
| 107|0x000000061ac00000, 0x000000061ac00000, 0x000000061b000000|  0%| F|  |TAMS 0x000000061ac00000| PB 0x000000061ac00000| Untracked 
| 108|0x000000061b000000, 0x000000061b000000, 0x000000061b400000|  0%| F|  |TAMS 0x000000061b000000| PB 0x000000061b000000| Untracked 
| 109|0x000000061b400000, 0x000000061b400000, 0x000000061b800000|  0%| F|  |TAMS 0x000000061b400000| PB 0x000000061b400000| Untracked 
| 110|0x000000061b800000, 0x000000061b800000, 0x000000061bc00000|  0%| F|  |TAMS 0x000000061b800000| PB 0x000000061b800000| Untracked 
| 111|0x000000061bc00000, 0x000000061bc00000, 0x000000061c000000|  0%| F|  |TAMS 0x000000061bc00000| PB 0x000000061bc00000| Untracked 
| 112|0x000000061c000000, 0x000000061c000000, 0x000000061c400000|  0%| F|  |TAMS 0x000000061c000000| PB 0x000000061c000000| Untracked 
| 113|0x000000061c400000, 0x000000061c400000, 0x000000061c800000|  0%| F|  |TAMS 0x000000061c400000| PB 0x000000061c400000| Untracked 
| 114|0x000000061c800000, 0x000000061c800000, 0x000000061cc00000|  0%| F|  |TAMS 0x000000061c800000| PB 0x000000061c800000| Untracked 
| 115|0x000000061cc00000, 0x000000061cc00000, 0x000000061d000000|  0%| F|  |TAMS 0x000000061cc00000| PB 0x000000061cc00000| Untracked 
| 116|0x000000061d000000, 0x000000061d000000, 0x000000061d400000|  0%| F|  |TAMS 0x000000061d000000| PB 0x000000061d000000| Untracked 
| 117|0x000000061d400000, 0x000000061d400000, 0x000000061d800000|  0%| F|  |TAMS 0x000000061d400000| PB 0x000000061d400000| Untracked 
| 118|0x000000061d800000, 0x000000061d800000, 0x000000061dc00000|  0%| F|  |TAMS 0x000000061d800000| PB 0x000000061d800000| Untracked 
| 119|0x000000061dc00000, 0x000000061dc00000, 0x000000061e000000|  0%| F|  |TAMS 0x000000061dc00000| PB 0x000000061dc00000| Untracked 
| 120|0x000000061e000000, 0x000000061e000000, 0x000000061e400000|  0%| F|  |TAMS 0x000000061e000000| PB 0x000000061e000000| Untracked 
| 121|0x000000061e400000, 0x000000061e400000, 0x000000061e800000|  0%| F|  |TAMS 0x000000061e400000| PB 0x000000061e400000| Untracked 
| 122|0x000000061e800000, 0x000000061e800000, 0x000000061ec00000|  0%| F|  |TAMS 0x000000061e800000| PB 0x000000061e800000| Untracked 
| 123|0x000000061ec00000, 0x000000061ec00000, 0x000000061f000000|  0%| F|  |TAMS 0x000000061ec00000| PB 0x000000061ec00000| Untracked 
| 124|0x000000061f000000, 0x000000061f000000, 0x000000061f400000|  0%| F|  |TAMS 0x000000061f000000| PB 0x000000061f000000| Untracked 
| 125|0x000000061f400000, 0x000000061f400000, 0x000000061f800000|  0%| F|  |TAMS 0x000000061f400000| PB 0x000000061f400000| Untracked 
| 126|0x000000061f800000, 0x000000061f800000, 0x000000061fc00000|  0%| F|  |TAMS 0x000000061f800000| PB 0x000000061f800000| Untracked 
| 127|0x000000061fc00000, 0x000000061fc00000, 0x0000000620000000|  0%| F|  |TAMS 0x000000061fc00000| PB 0x000000061fc00000| Untracked 
| 128|0x0000000620000000, 0x0000000620000000, 0x0000000620400000|  0%| F|  |TAMS 0x0000000620000000| PB 0x0000000620000000| Untracked 
| 129|0x0000000620400000, 0x0000000620400000, 0x0000000620800000|  0%| F|  |TAMS 0x0000000620400000| PB 0x0000000620400000| Untracked 
| 130|0x0000000620800000, 0x0000000620800000, 0x0000000620c00000|  0%| F|  |TAMS 0x0000000620800000| PB 0x0000000620800000| Untracked 
| 131|0x0000000620c00000, 0x0000000620c00000, 0x0000000621000000|  0%| F|  |TAMS 0x0000000620c00000| PB 0x0000000620c00000| Untracked 
| 132|0x0000000621000000, 0x0000000621000000, 0x0000000621400000|  0%| F|  |TAMS 0x0000000621000000| PB 0x0000000621000000| Untracked 
| 133|0x0000000621400000, 0x0000000621400000, 0x0000000621800000|  0%| F|  |TAMS 0x0000000621400000| PB 0x0000000621400000| Untracked 
| 134|0x0000000621800000, 0x0000000621800000, 0x0000000621c00000|  0%| F|  |TAMS 0x0000000621800000| PB 0x0000000621800000| Untracked 
| 135|0x0000000621c00000, 0x0000000621c00000, 0x0000000622000000|  0%| F|  |TAMS 0x0000000621c00000| PB 0x0000000621c00000| Untracked 
| 136|0x0000000622000000, 0x0000000622000000, 0x0000000622400000|  0%| F|  |TAMS 0x0000000622000000| PB 0x0000000622000000| Untracked 
| 137|0x0000000622400000, 0x0000000622400000, 0x0000000622800000|  0%| F|  |TAMS 0x0000000622400000| PB 0x0000000622400000| Untracked 
| 138|0x0000000622800000, 0x0000000622800000, 0x0000000622c00000|  0%| F|  |TAMS 0x0000000622800000| PB 0x0000000622800000| Untracked 
| 139|0x0000000622c00000, 0x0000000622c00000, 0x0000000623000000|  0%| F|  |TAMS 0x0000000622c00000| PB 0x0000000622c00000| Untracked 
|2043|0x00000007fec00000, 0x00000007fec00000, 0x00000007ff000000|  0%| F|  |TAMS 0x00000007fec00000| PB 0x00000007fec00000| Untracked 
|2044|0x00000007ff000000, 0x00000007ff400000, 0x00000007ff400000|100%| O|  |TAMS 0x00000007ff000000| PB 0x00000007ff000000| Untracked 
|2045|0x00000007ff400000, 0x00000007ff400000, 0x00000007ff800000|  0%| F|  |TAMS 0x00000007ff400000| PB 0x00000007ff400000| Untracked 
|2046|0x00000007ff800000, 0x00000007ff800000, 0x00000007ffc00000|  0%| F|  |TAMS 0x00000007ff800000| PB 0x00000007ff800000| Untracked 
|2047|0x00000007ffc00000, 0x00000007ffc00000, 0x0000000800000000|  0%| F|  |TAMS 0x00000007ffc00000| PB 0x00000007ffc00000| Untracked 

Card table byte_map: [0x0000017679700000,0x000001767a700000] _byte_map_base: 0x0000017676700000

Marking Bits: (CMBitMap*) 0x000001764f9118f0
 Bits: [0x0000017600000000, 0x0000017608000000)

Polling page: 0x000001764da20000

Metaspace:

Usage:
  Non-class:    106.83 MB used.
      Class:     17.44 MB used.
       Both:    124.26 MB used.

Virtual space:
  Non-class space:      128.00 MB reserved,     108.38 MB ( 85%) committed,  2 nodes.
      Class space:        1.00 GB reserved,      18.88 MB (  2%) committed,  1 nodes.
             Both:        1.12 GB reserved,     127.25 MB ( 11%) committed. 

Chunk freelists:
   Non-Class:  2.83 MB
       Class:  13.12 MB
        Both:  15.95 MB

MaxMetaspaceSize: 4.00 GB
CompressedClassSpaceSize: 1.00 GB
Initial GC threshold: 21.00 MB
Current GC threshold: 211.50 MB
CDS: on
 - commit_granule_bytes: 65536.
 - commit_granule_words: 8192.
 - virtual_space_node_default_size: 8388608.
 - enlarge_chunks_in_place: 1.
 - use_allocation_guard: 0.


Internal statistics:

num_allocs_failed_limit: 9.
num_arena_births: 4894.
num_arena_deaths: 0.
num_vsnodes_births: 3.
num_vsnodes_deaths: 0.
num_space_committed: 2036.
num_space_uncommitted: 0.
num_chunks_returned_to_freelist: 9.
num_chunks_taken_from_freelist: 11348.
num_chunk_merges: 6.
num_chunk_splits: 7237.
num_chunks_enlarged: 4424.
num_inconsistent_stats: 0.

CodeHeap 'non-profiled nmethods': size=259264Kb used=17262Kb max_used=17262Kb free=242001Kb
 bounds [0x0000017668250000, 0x0000017669330000, 0x0000017677f80000]
CodeHeap 'profiled nmethods': size=259264Kb used=35650Kb max_used=35682Kb free=223613Kb
 bounds [0x0000017657f80000, 0x000001765a2a0000, 0x0000017667cb0000]
CodeHeap 'non-nmethods': size=5760Kb used=3063Kb max_used=3129Kb free=2696Kb
 bounds [0x0000017667cb0000, 0x0000017667fd0000, 0x0000017668250000]
CodeCache: size=524288Kb, used=55975Kb, max_used=56073Kb, free=468310Kb
 total_blobs=19580, nmethods=18528, adapters=955, full_count=0
Compilation: enabled, stopped_count=0, restarted_count=0

Compilation events (20 events):
Event: 32.381 Thread 0x000001767d3bdc40 nmethod 22055 0x000001766932a410 code [0x000001766932a5a0, 0x000001766932a670]
Event: 32.381 Thread 0x00000176829bf5c0 22056       4       java.util.ArrayDeque::toArray (7 bytes)
Event: 32.381 Thread 0x000001767d3bdc40 22057       1       org.gradle.api.internal.artifacts.configurations.DefaultConfiguration::access$1600 (5 bytes)
Event: 32.381 Thread 0x000001767d3bdc40 nmethod 22057 0x000001766932a710 code [0x000001766932a8a0, 0x000001766932a950]
Event: 32.381 Thread 0x000001767d3bdc40 22058       3       org.gradle.api.internal.artifacts.dependencies.DefaultExternalModuleDependency_Decorated::getArtifacts (39 bytes)
Event: 32.382 Thread 0x000001767d3bdc40 nmethod 22058 0x0000017658902690 code [0x0000017658902860, 0x0000017658902be8]
Event: 32.382 Thread 0x000001767d3bdc40 22059       1       org.gradle.api.internal.artifacts.ivyservice.resolutionstrategy.DefaultResolutionStrategy::getComponentSelection (5 bytes)
Event: 32.382 Thread 0x000001767d3bdc40 nmethod 22059 0x000001766932aa10 code [0x000001766932aba0, 0x000001766932ac70]
Event: 32.382 Thread 0x000001767d3bdc40 22060       3       org.gradle.api.internal.collections.SortedSetElementSource::isEmpty (28 bytes)
Event: 32.382 Thread 0x000001767d3bdc40 nmethod 22060 0x00000176587cce90 code [0x00000176587cd060, 0x00000176587cd418]
Event: 32.383 Thread 0x000001767d3b24c0 22061       4       org.gradle.api.internal.artifacts.ivyservice.resolveengine.graph.builder.ModuleResolveState$$Lambda/0x000001760982d388::apply (20 bytes)
Event: 32.383 Thread 0x00000176829c2c40 22062       4       org.gradle.api.internal.artifacts.ivyservice.resolveengine.graph.builder.NodeState::getEndorsedStrictVersions (326 bytes)
Event: 32.384 Thread 0x00000176829bf5c0 nmethod 22056 0x000001766932ad10 code [0x000001766932aec0, 0x000001766932b368]
Event: 32.384 Thread 0x00000176829bf5c0 22064       4       java.util.LinkedList::addAll (182 bytes)
Event: 32.385 Thread 0x000001767d3bdc40 22067       3       org.gradle.api.internal.artifacts.ivyservice.resolveengine.graph.builder.DependencyGraphBuilder::assembleResult (453 bytes)
Event: 32.388 Thread 0x000001767d3bdc40 nmethod 22067 0x000001765a298c10 code [0x000001765a299320, 0x000001765a29d620]
Event: 32.388 Thread 0x000001767d3bdc40 22070       3       org.gradle.internal.component.external.model.DefaultModuleComponentArtifactIdentifier::equals (63 bytes)
Event: 32.389 Thread 0x000001767d3bdc40 nmethod 22070 0x00000176593a9710 code [0x00000176593a9900, 0x00000176593a9e90]
Event: 32.389 Thread 0x000001767d3bdc40 22068       1       org.gradle.api.internal.artifacts.configurations.DefaultConfiguration::access$2000 (5 bytes)
Event: 32.389 Thread 0x000001767d3bdc40 nmethod 22068 0x000001766932b590 code [0x000001766932b720, 0x000001766932b7d0]

GC Heap History (20 events):
Event: 23.356 GC heap after
{Heap after GC invocations=56 (full 0):
 garbage-first heap   total 393216K, used 209375K [0x0000000600000000, 0x0000000800000000)
  region size 4096K, 4 young (16384K), 4 survivors (16384K)
 Metaspace       used 113199K, committed 116032K, reserved 1179648K
  class space    used 16001K, committed 17344K, reserved 1048576K
}
Event: 24.049 GC heap before
{Heap before GC invocations=56 (full 0):
 garbage-first heap   total 393216K, used 340447K [0x0000000600000000, 0x0000000800000000)
  region size 4096K, 37 young (151552K), 4 survivors (16384K)
 Metaspace       used 113360K, committed 116160K, reserved 1179648K
  class space    used 16020K, committed 17344K, reserved 1048576K
}
Event: 24.066 GC heap after
{Heap after GC invocations=57 (full 0):
 garbage-first heap   total 393216K, used 220994K [0x0000000600000000, 0x0000000800000000)
  region size 4096K, 4 young (16384K), 4 survivors (16384K)
 Metaspace       used 113360K, committed 116160K, reserved 1179648K
  class space    used 16020K, committed 17344K, reserved 1048576K
}
Event: 24.725 GC heap before
{Heap before GC invocations=58 (full 0):
 garbage-first heap   total 393216K, used 347970K [0x0000000600000000, 0x0000000800000000)
  region size 4096K, 35 young (143360K), 4 survivors (16384K)
 Metaspace       used 113801K, committed 116672K, reserved 1179648K
  class space    used 16067K, committed 17408K, reserved 1048576K
}
Event: 24.744 GC heap after
{Heap after GC invocations=59 (full 0):
 garbage-first heap   total 393216K, used 233190K [0x0000000600000000, 0x0000000800000000)
  region size 4096K, 4 young (16384K), 4 survivors (16384K)
 Metaspace       used 113801K, committed 116672K, reserved 1179648K
  class space    used 16067K, committed 17408K, reserved 1048576K
}
Event: 25.020 GC heap before
{Heap before GC invocations=59 (full 0):
 garbage-first heap   total 393216K, used 347878K [0x0000000600000000, 0x0000000800000000)
  region size 4096K, 33 young (135168K), 4 survivors (16384K)
 Metaspace       used 113916K, committed 116800K, reserved 1179648K
  class space    used 16081K, committed 17408K, reserved 1048576K
}
Event: 25.038 GC heap after
{Heap after GC invocations=60 (full 0):
 garbage-first heap   total 593920K, used 238879K [0x0000000600000000, 0x0000000800000000)
  region size 4096K, 3 young (12288K), 3 survivors (12288K)
 Metaspace       used 113916K, committed 116800K, reserved 1179648K
  class space    used 16081K, committed 17408K, reserved 1048576K
}
Event: 25.970 GC heap before
{Heap before GC invocations=60 (full 0):
 garbage-first heap   total 593920K, used 492831K [0x0000000600000000, 0x0000000800000000)
  region size 4096K, 66 young (270336K), 3 survivors (12288K)
 Metaspace       used 115494K, committed 118336K, reserved 1179648K
  class space    used 16315K, committed 17664K, reserved 1048576K
}
Event: 25.989 GC heap after
{Heap after GC invocations=61 (full 0):
 garbage-first heap   total 593920K, used 256661K [0x0000000600000000, 0x0000000800000000)
  region size 4096K, 7 young (28672K), 7 survivors (28672K)
 Metaspace       used 115494K, committed 118336K, reserved 1179648K
  class space    used 16315K, committed 17664K, reserved 1048576K
}
Event: 27.307 GC heap before
{Heap before GC invocations=61 (full 0):
 garbage-first heap   total 593920K, used 510613K [0x0000000600000000, 0x0000000800000000)
  region size 4096K, 69 young (282624K), 7 survivors (28672K)
 Metaspace       used 120262K, committed 123200K, reserved 1179648K
  class space    used 16974K, committed 18368K, reserved 1048576K
}
Event: 27.320 GC heap after
{Heap after GC invocations=62 (full 0):
 garbage-first heap   total 593920K, used 265571K [0x0000000600000000, 0x0000000800000000)
  region size 4096K, 4 young (16384K), 4 survivors (16384K)
 Metaspace       used 120262K, committed 123200K, reserved 1179648K
  class space    used 16974K, committed 18368K, reserved 1048576K
}
Event: 29.282 GC heap before
{Heap before GC invocations=62 (full 0):
 garbage-first heap   total 593920K, used 519523K [0x0000000600000000, 0x0000000800000000)
  region size 4096K, 67 young (274432K), 4 survivors (16384K)
 Metaspace       used 126400K, committed 129472K, reserved 1179648K
  class space    used 17812K, committed 19264K, reserved 1048576K
}
Event: 29.295 GC heap after
{Heap after GC invocations=63 (full 0):
 garbage-first heap   total 593920K, used 285197K [0x0000000600000000, 0x0000000800000000)
  region size 4096K, 8 young (32768K), 8 survivors (32768K)
 Metaspace       used 126400K, committed 129472K, reserved 1179648K
  class space    used 17812K, committed 19264K, reserved 1048576K
}
Event: 30.017 GC heap before
{Heap before GC invocations=63 (full 0):
 garbage-first heap   total 593920K, used 530957K [0x0000000600000000, 0x0000000800000000)
  region size 4096K, 68 young (278528K), 8 survivors (32768K)
 Metaspace       used 126696K, committed 129728K, reserved 1179648K
  class space    used 17833K, committed 19264K, reserved 1048576K
}
Event: 30.034 GC heap after
{Heap after GC invocations=64 (full 0):
 garbage-first heap   total 593920K, used 304963K [0x0000000600000000, 0x0000000800000000)
  region size 4096K, 6 young (24576K), 6 survivors (24576K)
 Metaspace       used 126696K, committed 129728K, reserved 1179648K
  class space    used 17833K, committed 19264K, reserved 1048576K
}
Event: 30.789 GC heap before
{Heap before GC invocations=64 (full 0):
 garbage-first heap   total 593920K, used 530243K [0x0000000600000000, 0x0000000800000000)
  region size 4096K, 61 young (249856K), 6 survivors (24576K)
 Metaspace       used 126916K, committed 129920K, reserved 1179648K
  class space    used 17837K, committed 19264K, reserved 1048576K
}
Event: 30.804 GC heap after
{Heap after GC invocations=65 (full 0):
 garbage-first heap   total 593920K, used 327356K [0x0000000600000000, 0x0000000800000000)
  region size 4096K, 6 young (24576K), 6 survivors (24576K)
 Metaspace       used 126916K, committed 129920K, reserved 1179648K
  class space    used 17837K, committed 19264K, reserved 1048576K
}
Event: 31.365 GC heap before
{Heap before GC invocations=66 (full 0):
 garbage-first heap   total 593920K, used 536252K [0x0000000600000000, 0x0000000800000000)
  region size 4096K, 57 young (233472K), 6 survivors (24576K)
 Metaspace       used 127101K, committed 130176K, reserved 1179648K
  class space    used 17854K, committed 19328K, reserved 1048576K
}
Event: 31.382 GC heap after
{Heap after GC invocations=67 (full 0):
 garbage-first heap   total 593920K, used 346857K [0x0000000600000000, 0x0000000800000000)
  region size 4096K, 5 young (20480K), 5 survivors (20480K)
 Metaspace       used 127101K, committed 130176K, reserved 1179648K
  class space    used 17854K, committed 19328K, reserved 1048576K
}
Event: 32.394 GC heap before
{Heap before GC invocations=67 (full 0):
 garbage-first heap   total 593920K, used 543465K [0x0000000600000000, 0x0000000800000000)
  region size 4096K, 53 young (217088K), 5 survivors (20480K)
 Metaspace       used 127243K, committed 130304K, reserved 1179648K
  class space    used 17855K, committed 19328K, reserved 1048576K
}

Dll operation events (20 events):
Event: 0.081 Attempting to load shared library C:\Program Files\Eclipse Adoptium\jdk-21.0.12.101-hotspot\bin\nio.dll
Event: 0.083 Loaded shared library C:\Program Files\Eclipse Adoptium\jdk-21.0.12.101-hotspot\bin\nio.dll
Event: 0.086 Attempting to load shared library C:\Program Files\Eclipse Adoptium\jdk-21.0.12.101-hotspot\bin\zip.dll
Event: 0.086 Loaded shared library C:\Program Files\Eclipse Adoptium\jdk-21.0.12.101-hotspot\bin\zip.dll
Event: 0.446 Attempting to load shared library C:\Program Files\Eclipse Adoptium\jdk-21.0.12.101-hotspot\bin\jimage.dll
Event: 0.446 Loaded shared library C:\Program Files\Eclipse Adoptium\jdk-21.0.12.101-hotspot\bin\jimage.dll
Event: 0.600 Attempting to load shared library C:\Program Files\Eclipse Adoptium\jdk-21.0.12.101-hotspot\bin\verify.dll
Event: 0.600 Loaded shared library C:\Program Files\Eclipse Adoptium\jdk-21.0.12.101-hotspot\bin\verify.dll
Event: 0.692 Attempting to load shared library C:\Users\indar\.gradle\native\1def1411415f61bf3af743bc5b6707747c0891f09f0c88961ee8f79bc544acac\windows-amd64\native-platform.dll
Event: 0.692 Loaded shared library C:\Users\indar\.gradle\native\1def1411415f61bf3af743bc5b6707747c0891f09f0c88961ee8f79bc544acac\windows-amd64\native-platform.dll
Event: 0.699 Attempting to load shared library C:\Users\indar\.gradle\native\0.2.7\x86_64-windows-gnu\gradle-fileevents.dll
Event: 0.699 Loaded shared library C:\Users\indar\.gradle\native\0.2.7\x86_64-windows-gnu\gradle-fileevents.dll
Event: 1.645 Attempting to load shared library C:\Program Files\Eclipse Adoptium\jdk-21.0.12.101-hotspot\bin\management.dll
Event: 1.645 Loaded shared library C:\Program Files\Eclipse Adoptium\jdk-21.0.12.101-hotspot\bin\management.dll
Event: 1.649 Attempting to load shared library C:\Program Files\Eclipse Adoptium\jdk-21.0.12.101-hotspot\bin\management_ext.dll
Event: 1.650 Loaded shared library C:\Program Files\Eclipse Adoptium\jdk-21.0.12.101-hotspot\bin\management_ext.dll
Event: 1.783 Attempting to load shared library C:\Program Files\Eclipse Adoptium\jdk-21.0.12.101-hotspot\bin\extnet.dll
Event: 1.784 Loaded shared library C:\Program Files\Eclipse Adoptium\jdk-21.0.12.101-hotspot\bin\extnet.dll
Event: 2.021 Attempting to load shared library C:\Program Files\Eclipse Adoptium\jdk-21.0.12.101-hotspot\bin\sunmscapi.dll
Event: 2.022 Loaded shared library C:\Program Files\Eclipse Adoptium\jdk-21.0.12.101-hotspot\bin\sunmscapi.dll

Deoptimization events (20 events):
Event: 31.346 Thread 0x000001767f1ce250 DEOPT PACKING pc=0x00000176692856f8 sp=0x00000071431f8180
Event: 31.346 Thread 0x000001767f1ce250 DEOPT UNPACKING pc=0x0000017667d07ba2 sp=0x00000071431f80c0 mode 2
Event: 31.346 Thread 0x000001767f1ce250 Uncommon trap: trap_request=0xffffffbe fr.pc=0x00000176692856f8 relative=0x00000000000002f8
Event: 31.346 Thread 0x000001767f1ce250 Uncommon trap: reason=profile_predicate action=maybe_recompile pc=0x00000176692856f8 method=java.util.Collections.indexedBinarySearch(Ljava/util/List;Ljava/lang/Object;Ljava/util/Comparator;)I @ 15 c2
Event: 31.346 Thread 0x000001767f1ce250 DEOPT PACKING pc=0x00000176692856f8 sp=0x00000071431f8180
Event: 31.346 Thread 0x000001767f1ce250 DEOPT UNPACKING pc=0x0000017667d07ba2 sp=0x00000071431f80c0 mode 2
Event: 31.346 Thread 0x000001767f1ce250 Uncommon trap: trap_request=0xffffffbe fr.pc=0x00000176692856f8 relative=0x00000000000002f8
Event: 31.346 Thread 0x000001767f1ce250 Uncommon trap: reason=profile_predicate action=maybe_recompile pc=0x00000176692856f8 method=java.util.Collections.indexedBinarySearch(Ljava/util/List;Ljava/lang/Object;Ljava/util/Comparator;)I @ 15 c2
Event: 31.346 Thread 0x000001767f1ce250 DEOPT PACKING pc=0x00000176692856f8 sp=0x00000071431f8180
Event: 31.346 Thread 0x000001767f1ce250 DEOPT UNPACKING pc=0x0000017667d07ba2 sp=0x00000071431f80c0 mode 2
Event: 31.347 Thread 0x000001767f1ce250 Uncommon trap: trap_request=0xffffffbe fr.pc=0x00000176692856f8 relative=0x00000000000002f8
Event: 31.347 Thread 0x000001767f1ce250 Uncommon trap: reason=profile_predicate action=maybe_recompile pc=0x00000176692856f8 method=java.util.Collections.indexedBinarySearch(Ljava/util/List;Ljava/lang/Object;Ljava/util/Comparator;)I @ 15 c2
Event: 31.347 Thread 0x000001767f1ce250 DEOPT PACKING pc=0x00000176692856f8 sp=0x00000071431f8180
Event: 31.347 Thread 0x000001767f1ce250 DEOPT UNPACKING pc=0x0000017667d07ba2 sp=0x00000071431f80c0 mode 2
Event: 31.388 Thread 0x000001767f1ce250 DEOPT PACKING pc=0x0000017658600a88 sp=0x00000071431f7540
Event: 31.388 Thread 0x000001767f1ce250 DEOPT UNPACKING pc=0x0000017667d086e2 sp=0x00000071431f69a0 mode 0
Event: 32.178 Thread 0x0000017680d7b120 Uncommon trap: trap_request=0xffffff45 fr.pc=0x00000176690ecca0 relative=0x0000000000000820
Event: 32.178 Thread 0x0000017680d7b120 Uncommon trap: reason=unstable_if action=reinterpret pc=0x00000176690ecca0 method=java.util.concurrent.ConcurrentHashMap.replaceNode(Ljava/lang/Object;Ljava/lang/Object;Ljava/lang/Object;)Ljava/lang/Object; @ 99 c2
Event: 32.178 Thread 0x0000017680d7b120 DEOPT PACKING pc=0x00000176690ecca0 sp=0x000000714b0fe5c0
Event: 32.178 Thread 0x0000017680d7b120 DEOPT UNPACKING pc=0x0000017667d07ba2 sp=0x000000714b0fe538 mode 2

Classes loaded (20 events):
Event: 28.165 Loading class java/util/logging/LogRecord
Event: 28.165 Loading class java/util/logging/LogRecord done
Event: 28.241 Loading class java/nio/file/StandardCopyOption
Event: 28.241 Loading class java/nio/file/StandardCopyOption done
Event: 28.241 Loading class sun/nio/fs/WindowsFileCopy
Event: 28.242 Loading class sun/nio/fs/WindowsFileCopy done
Event: 28.244 Loading class sun/nio/fs/WindowsSecurity$Privilege
Event: 28.244 Loading class sun/nio/fs/WindowsSecurity$Privilege done
Event: 28.326 Loading class java/util/Collections$EmptyListIterator
Event: 28.326 Loading class java/util/Collections$EmptyListIterator done
Event: 28.331 Loading class java/io/CharArrayWriter
Event: 28.332 Loading class java/io/CharArrayWriter done
Event: 28.337 Loading class java/time/Instant$1
Event: 28.337 Loading class java/time/Instant$1 done
Event: 28.374 Loading class java/net/UrlDeserializedState
Event: 28.374 Loading class java/net/UrlDeserializedState done
Event: 28.377 Loading class java/util/concurrent/CompletableFuture$AsyncRun
Event: 28.377 Loading class java/util/concurrent/CompletableFuture$AsyncRun done
Event: 28.526 Loading class jdk/internal/math/FormattedFPDecimal
Event: 28.527 Loading class jdk/internal/math/FormattedFPDecimal done

Classes unloaded (0 events):
No events

Classes redefined (0 events):
No events

Internal exceptions (20 events):
Event: 28.752 Thread 0x000001767f1ce250 Exception <a 'sun/nio/fs/WindowsException'{0x00000006194e5580}> (0x00000006194e5580) 
thrown [s\src\hotspot\share\prims\jni.cpp, line 520]
Event: 28.752 Thread 0x000001767f1ce250 Exception <a 'sun/nio/fs/WindowsException'{0x00000006194e7198}> (0x00000006194e7198) 
thrown [s\src\hotspot\share\prims\jni.cpp, line 520]
Event: 28.752 Thread 0x000001767f1ce250 Exception <a 'sun/nio/fs/WindowsException'{0x00000006194e8da0}> (0x00000006194e8da0) 
thrown [s\src\hotspot\share\prims\jni.cpp, line 520]
Event: 28.753 Thread 0x000001767f1ce250 Exception <a 'sun/nio/fs/WindowsException'{0x00000006194ea668}> (0x00000006194ea668) 
thrown [s\src\hotspot\share\prims\jni.cpp, line 520]
Event: 28.765 Thread 0x000001767f1ce250 Implicit null exception at 0x0000017668dfe5e6 to 0x0000017668e03f2c
Event: 29.113 Thread 0x000001767f1ce250 Exception <a 'java/lang/ClassNotFoundException'{0x00000006165f7fd0}: GradleAnnotationProcessorPatchPluginBeanInfo> (0x00000006165f7fd0) 
thrown [s\src\hotspot\share\classfile\systemDictionary.cpp, line 313]
Event: 29.113 Thread 0x000001767f1ce250 Exception <a 'java/lang/ClassNotFoundException'{0x00000006166058e8}: GradleAnnotationProcessorPatchPluginCustomizer> (0x00000006166058e8) 
thrown [s\src\hotspot\share\classfile\systemDictionary.cpp, line 313]
Event: 29.114 Thread 0x000001767f1ce250 Exception <a 'java/lang/ClassNotFoundException'{0x0000000616635d58}: GradleAnnotationProcessorPatchPlugin$AnnotationProcessorModelBuilderBeanInfo> (0x0000000616635d58) 
thrown [s\src\hotspot\share\classfile\systemDictionary.cpp, line 313]
Event: 29.115 Thread 0x000001767f1ce250 Exception <a 'java/lang/ClassNotFoundException'{0x0000000616643850}: GradleAnnotationProcessorPatchPlugin$AnnotationProcessorModelBuilderCustomizer> (0x0000000616643850) 
thrown [s\src\hotspot\share\classfile\systemDictionary.cpp, line 313]
Event: 29.119 Thread 0x000001767f1ce250 Exception <a 'java/lang/ClassNotFoundException'{0x00000006166bc380}: org/gradle/tooling/provider/model/internal/DefaultToolingModelBuilderRegistryBeanInfo> (0x00000006166bc380) 
thrown [s\src\hotspot\share\classfile\systemDictionary.cpp, line 313]
Event: 29.119 Thread 0x000001767f1ce250 Exception <a 'java/lang/ClassNotFoundException'{0x00000006166d5e28}: org/gradle/tooling/provider/model/internal/DefaultToolingModelBuilderRegistryCustomizer> (0x00000006166d5e28) 
thrown [s\src\hotspot\share\classfile\systemDictionary.cpp, line 313]
Event: 29.165 Thread 0x0000017682086ba0 Implicit null exception at 0x0000017668d11515 to 0x0000017668d118d8
Event: 29.212 Thread 0x0000017682086ba0 Exception <a 'sun/nio/fs/WindowsException'{0x00000006155cffd0}> (0x00000006155cffd0) 
thrown [s\src\hotspot\share\prims\jni.cpp, line 520]
Event: 29.212 Thread 0x0000017682086ba0 Exception <a 'sun/nio/fs/WindowsException'{0x00000006155d1c68}> (0x00000006155d1c68) 
thrown [s\src\hotspot\share\prims\jni.cpp, line 520]
Event: 29.212 Thread 0x0000017682086ba0 Exception <a 'sun/nio/fs/WindowsException'{0x00000006155d3850}> (0x00000006155d3850) 
thrown [s\src\hotspot\share\prims\jni.cpp, line 520]
Event: 29.212 Thread 0x0000017682086ba0 Exception <a 'sun/nio/fs/WindowsException'{0x00000006155d5170}> (0x00000006155d5170) 
thrown [s\src\hotspot\share\prims\jni.cpp, line 520]
Event: 29.214 Thread 0x0000017682086ba0 Exception <a 'sun/nio/fs/WindowsException'{0x00000006155ec8f0}> (0x00000006155ec8f0) 
thrown [s\src\hotspot\share\prims\jni.cpp, line 520]
Event: 29.214 Thread 0x0000017682086ba0 Exception <a 'sun/nio/fs/WindowsException'{0x00000006155ee238}> (0x00000006155ee238) 
thrown [s\src\hotspot\share\prims\jni.cpp, line 520]
Event: 29.309 Thread 0x000001768421d790 Implicit null exception at 0x000001766834ac87 to 0x000001766834ad64
Event: 29.669 Thread 0x000001767f1ce250 Implicit null exception at 0x0000017668e44f40 to 0x0000017668e450ac

ZGC Phase Switch (0 events):
No events

VM Operations (20 events):
Event: 29.155 Executing safepoint VM operation: ICBufferFull done
Event: 29.262 Executing safepoint VM operation: ICBufferFull
Event: 29.262 Executing safepoint VM operation: ICBufferFull done
Event: 29.282 Executing safepoint VM operation: G1CollectForAllocation (G1 Evacuation Pause)
Event: 29.295 Executing safepoint VM operation: G1CollectForAllocation (G1 Evacuation Pause) done
Event: 29.667 Executing safepoint VM operation: ICBufferFull
Event: 29.667 Executing safepoint VM operation: ICBufferFull done
Event: 30.017 Executing safepoint VM operation: G1CollectForAllocation (G1 Evacuation Pause)
Event: 30.034 Executing safepoint VM operation: G1CollectForAllocation (G1 Evacuation Pause) done
Event: 30.789 Executing safepoint VM operation: G1CollectForAllocation (G1 Evacuation Pause)
Event: 30.804 Executing safepoint VM operation: G1CollectForAllocation (G1 Evacuation Pause) done
Event: 30.907 Executing safepoint VM operation: G1PauseRemark
Event: 30.918 Executing safepoint VM operation: G1PauseRemark done
Event: 30.977 Executing safepoint VM operation: G1PauseCleanup
Event: 30.977 Executing safepoint VM operation: G1PauseCleanup done
Event: 31.365 Executing safepoint VM operation: G1CollectForAllocation (G1 Evacuation Pause)
Event: 31.382 Executing safepoint VM operation: G1CollectForAllocation (G1 Evacuation Pause) done
Event: 32.384 Executing safepoint VM operation: Cleanup
Event: 32.385 Executing safepoint VM operation: Cleanup done
Event: 32.394 Executing safepoint VM operation: G1CollectForAllocation (G1 Evacuation Pause)

Memory protections (0 events):
No events

Nmethod flushes (20 events):
Event: 30.915 Thread 0x000001767a8d2310 flushing  nmethod 0x0000017658c90a10
Event: 30.915 Thread 0x000001767a8d2310 flushing  nmethod 0x0000017658d82210
Event: 30.915 Thread 0x000001767a8d2310 flushing  nmethod 0x0000017658df1c10
Event: 30.915 Thread 0x000001767a8d2310 flushing  nmethod 0x0000017658df8110
Event: 30.915 Thread 0x000001767a8d2310 flushing  nmethod 0x0000017658e32610
Event: 30.915 Thread 0x000001767a8d2310 flushing  nmethod 0x0000017658e3a110
Event: 30.915 Thread 0x000001767a8d2310 flushing  nmethod 0x0000017658e3b590
Event: 30.915 Thread 0x000001767a8d2310 flushing  nmethod 0x0000017658eb1b10
Event: 30.915 Thread 0x000001767a8d2310 flushing  nmethod 0x0000017658eb5b90
Event: 30.916 Thread 0x000001767a8d2310 flushing  nmethod 0x0000017658eb6910
Event: 30.916 Thread 0x000001767a8d2310 flushing  nmethod 0x0000017658eb7310
Event: 30.916 Thread 0x000001767a8d2310 flushing  nmethod 0x0000017658ee3710
Event: 30.916 Thread 0x000001767a8d2310 flushing  nmethod 0x0000017658f50690
Event: 30.916 Thread 0x000001767a8d2310 flushing  nmethod 0x0000017658fd7b90
Event: 30.916 Thread 0x000001767a8d2310 flushing  nmethod 0x0000017658fdf690
Event: 30.916 Thread 0x000001767a8d2310 flushing  nmethod 0x0000017659112590
Event: 30.916 Thread 0x000001767a8d2310 flushing  nmethod 0x0000017659118590
Event: 30.916 Thread 0x000001767a8d2310 flushing  nmethod 0x00000176593a8990
Event: 30.916 Thread 0x000001767a8d2310 flushing  nmethod 0x0000017659424e90
Event: 30.916 Thread 0x000001767a8d2310 flushing  nmethod 0x00000176596a2890

Events (20 events):
Event: 29.841 Thread 0x000001767f1ce250 Thread added: 0x000001768af5e910
Event: 29.841 Thread 0x000001767f1ce250 Thread added: 0x000001768af5b490
Event: 29.841 Thread 0x000001767f1ce250 Thread added: 0x000001768af5c840
Event: 29.841 Thread 0x000001767f1ce250 Thread added: 0x000001768af5fcc0
Event: 29.974 Thread 0x000001767f1ce250 Thread added: 0x000001768af62420
Event: 29.974 Thread 0x000001767f1ce250 Thread added: 0x000001768af5efa0
Event: 29.974 Thread 0x000001767f1ce250 Thread added: 0x000001768af62ab0
Event: 29.974 Thread 0x000001767f1ce250 Thread added: 0x000001768af60350
Event: 29.974 Thread 0x000001767f1ce250 Thread added: 0x000001768af5f630
Event: 29.974 Thread 0x000001767f1ce250 Thread added: 0x000001768af637d0
Event: 29.974 Thread 0x000001767f1ce250 Thread added: 0x000001768af63e60
Event: 29.974 Thread 0x000001767f1ce250 Thread added: 0x000001768af63140
Event: 29.974 Thread 0x000001767f1ce250 Thread added: 0x000001768af61700
Event: 29.975 Thread 0x000001767f1ce250 Thread added: 0x000001768af61d90
Event: 29.975 Thread 0x000001767f1ce250 Thread added: 0x000001768af609e0
Event: 29.990 Thread 0x000001767f1ce250 Thread added: 0x000001768af66c50
Event: 29.990 Thread 0x000001767f1ce250 Thread added: 0x000001768af644f0
Event: 29.991 Thread 0x000001767f1ce250 Thread added: 0x000001768af65f30
Event: 29.991 Thread 0x000001767f1ce250 Thread added: 0x000001768af67970
Event: 29.991 Thread 0x000001767f1ce250 Thread added: 0x000001768af672e0


Dynamic libraries:
0x00007ff6c6870000 - 0x00007ff6c687e000 	C:\Program Files\Eclipse Adoptium\jdk-21.0.12.101-hotspot\bin\java.exe
0x00007ffb51000000 - 0x00007ffb51267000 	C:\WINDOWS\SYSTEM32\ntdll.dll
0x00007ffb4ed20000 - 0x00007ffb4edeb000 	C:\WINDOWS\System32\KERNEL32.DLL
0x00007ffb4e6c0000 - 0x00007ffb4eac2000 	C:\WINDOWS\System32\KERNELBASE.dll
0x00007ffb4e200000 - 0x00007ffb4e34c000 	C:\WINDOWS\System32\ucrtbase.dll
0x00007ffb30b80000 - 0x00007ffb30b98000 	C:\Program Files\Eclipse Adoptium\jdk-21.0.12.101-hotspot\bin\jli.dll
0x00007ffb30340000 - 0x00007ffb3035e000 	C:\Program Files\Eclipse Adoptium\jdk-21.0.12.101-hotspot\bin\VCRUNTIME140.dll
0x00007ffb4f180000 - 0x00007ffb4f34f000 	C:\WINDOWS\System32\USER32.dll
0x00007ffb4e490000 - 0x00007ffb4e4b7000 	C:\WINDOWS\System32\win32u.dll
0x00007ffb2f440000 - 0x00007ffb2f6d0000 	C:\WINDOWS\WinSxS\amd64_microsoft.windows.common-controls_6595b64144ccf1df_6.0.26100.9278_none_3e0d1ba8e3303201\COMCTL32.dll
0x00007ffb50f10000 - 0x00007ffb50f3b000 	C:\WINDOWS\System32\GDI32.dll
0x00007ffb50750000 - 0x00007ffb507f9000 	C:\WINDOWS\System32\msvcrt.dll
0x00007ffb4e360000 - 0x00007ffb4e489000 	C:\WINDOWS\System32\gdi32full.dll
0x00007ffb4e550000 - 0x00007ffb4e5f3000 	C:\WINDOWS\System32\msvcp_win.dll
0x00007ffb4ffa0000 - 0x00007ffb4ffd1000 	C:\WINDOWS\System32\IMM32.DLL
0x00007ffb31460000 - 0x00007ffb3146c000 	C:\Program Files\Eclipse Adoptium\jdk-21.0.12.101-hotspot\bin\vcruntime140_1.dll
0x00007ffb16770000 - 0x00007ffb167fd000 	C:\Program Files\Eclipse Adoptium\jdk-21.0.12.101-hotspot\bin\msvcp140.dll
0x00007ffa2d6e0000 - 0x00007ffa2e482000 	C:\Program Files\Eclipse Adoptium\jdk-21.0.12.101-hotspot\bin\server\jvm.dll
0x00007ffb4ffe0000 - 0x00007ffb5009c000 	C:\WINDOWS\System32\ADVAPI32.dll
0x00007ffb4fef0000 - 0x00007ffb4ff99000 	C:\WINDOWS\System32\sechost.dll
0x00007ffb50630000 - 0x00007ffb50748000 	C:\WINDOWS\System32\RPCRT4.dll
0x00007ffb4fe60000 - 0x00007ffb4fee0000 	C:\WINDOWS\System32\WS2_32.dll
0x00007ffb4cd30000 - 0x00007ffb4cd8e000 	C:\WINDOWS\SYSTEM32\POWRPROF.dll
0x00007ffb3f070000 - 0x00007ffb3f0a6000 	C:\WINDOWS\SYSTEM32\WINMM.dll
0x00007ffb41da0000 - 0x00007ffb41dab000 	C:\WINDOWS\SYSTEM32\VERSION.dll
0x00007ffb4cd10000 - 0x00007ffb4cd25000 	C:\WINDOWS\SYSTEM32\UMPDC.dll
0x00007ffb4cff0000 - 0x00007ffb4d00b000 	C:\WINDOWS\SYSTEM32\kernel.appcore.dll
0x00007ffb30b70000 - 0x00007ffb30b7a000 	C:\Program Files\Eclipse Adoptium\jdk-21.0.12.101-hotspot\bin\jimage.dll
0x00007ffb4b1a0000 - 0x00007ffb4b3ec000 	C:\WINDOWS\SYSTEM32\DBGHELP.DLL
0x00007ffb50210000 - 0x00007ffb50595000 	C:\WINDOWS\System32\combase.dll
0x00007ffb4f080000 - 0x00007ffb4f159000 	C:\WINDOWS\System32\OLEAUT32.dll
0x00007ffb16130000 - 0x00007ffb1616b000 	C:\WINDOWS\SYSTEM32\dbgcore.DLL
0x00007ffb4ec60000 - 0x00007ffb4ed0c000 	C:\WINDOWS\System32\bcryptPrimitives.dll
0x00007ffb308f0000 - 0x00007ffb308ff000 	C:\Program Files\Eclipse Adoptium\jdk-21.0.12.101-hotspot\bin\instrument.dll
0x00007ffb2cf20000 - 0x00007ffb2cf40000 	C:\Program Files\Eclipse Adoptium\jdk-21.0.12.101-hotspot\bin\java.dll
0x00007ffb4f370000 - 0x00007ffb4fb08000 	C:\WINDOWS\System32\SHELL32.dll
0x00007ffb4bc60000 - 0x00007ffb4c50e000 	C:\WINDOWS\SYSTEM32\windows.storage.dll
0x00007ffb50110000 - 0x00007ffb5020b000 	C:\WINDOWS\System32\SHCORE.dll
0x00007ffb4eeb0000 - 0x00007ffb4ef16000 	C:\WINDOWS\System32\shlwapi.dll
0x00007ffb4e120000 - 0x00007ffb4e149000 	C:\WINDOWS\SYSTEM32\profapi.dll
0x00007ffacade0000 - 0x00007ffacaeb7000 	C:\Program Files\Eclipse Adoptium\jdk-21.0.12.101-hotspot\bin\jsvml.dll
0x00007ffb2c8f0000 - 0x00007ffb2c908000 	C:\Program Files\Eclipse Adoptium\jdk-21.0.12.101-hotspot\bin\zip.dll
0x00007ffb30400000 - 0x00007ffb30410000 	C:\Program Files\Eclipse Adoptium\jdk-21.0.12.101-hotspot\bin\net.dll
0x00007ffb43fa0000 - 0x00007ffb440ca000 	C:\WINDOWS\SYSTEM32\WINHTTP.dll
0x00007ffb4d5b0000 - 0x00007ffb4d61c000 	C:\WINDOWS\system32\mswsock.dll
0x00007ffb2ba40000 - 0x00007ffb2ba56000 	C:\Program Files\Eclipse Adoptium\jdk-21.0.12.101-hotspot\bin\nio.dll
0x00007ffb2c8e0000 - 0x00007ffb2c8f0000 	C:\Program Files\Eclipse Adoptium\jdk-21.0.12.101-hotspot\bin\verify.dll
0x00007ffac3760000 - 0x00007ffac3787000 	C:\Users\indar\.gradle\native\1def1411415f61bf3af743bc5b6707747c0891f09f0c88961ee8f79bc544acac\windows-amd64\native-platform.dll
0x00007ffaa57c0000 - 0x00007ffaa5838000 	C:\Users\indar\.gradle\native\0.2.7\x86_64-windows-gnu\gradle-fileevents.dll
0x00007ffb2a870000 - 0x00007ffb2a87a000 	C:\Program Files\Eclipse Adoptium\jdk-21.0.12.101-hotspot\bin\management.dll
0x00007ffb25ea0000 - 0x00007ffb25eac000 	C:\Program Files\Eclipse Adoptium\jdk-21.0.12.101-hotspot\bin\management_ext.dll
0x00007ffb4f360000 - 0x00007ffb4f368000 	C:\WINDOWS\System32\PSAPI.DLL
0x00007ffb4c9a0000 - 0x00007ffb4c9d3000 	C:\WINDOWS\SYSTEM32\IPHLPAPI.DLL
0x00007ffb500b0000 - 0x00007ffb500ba000 	C:\WINDOWS\System32\NSI.dll
0x00007ffb253e0000 - 0x00007ffb253e9000 	C:\Program Files\Eclipse Adoptium\jdk-21.0.12.101-hotspot\bin\extnet.dll
0x00007ffb4d8c0000 - 0x00007ffb4d8db000 	C:\WINDOWS\SYSTEM32\CRYPTSP.dll
0x00007ffb4cf50000 - 0x00007ffb4cf89000 	C:\WINDOWS\system32\rsaenh.dll
0x00007ffb4d660000 - 0x00007ffb4d694000 	C:\WINDOWS\SYSTEM32\USERENV.dll
0x00007ffb4e0f0000 - 0x00007ffb4e11a000 	C:\WINDOWS\SYSTEM32\bcrypt.dll
0x00007ffb4d8a0000 - 0x00007ffb4d8ac000 	C:\WINDOWS\SYSTEM32\CRYPTBASE.dll
0x00007ffb253d0000 - 0x00007ffb253de000 	C:\Program Files\Eclipse Adoptium\jdk-21.0.12.101-hotspot\bin\sunmscapi.dll
0x00007ffb4ead0000 - 0x00007ffb4ec4e000 	C:\WINDOWS\System32\CRYPT32.dll
0x00007ffb4dae0000 - 0x00007ffb4db10000 	C:\WINDOWS\SYSTEM32\ncrypt.dll
0x00007ffb4da90000 - 0x00007ffb4dacf000 	C:\WINDOWS\SYSTEM32\NTASN1.dll
0x00007ffb40f20000 - 0x00007ffb40f28000 	C:\WINDOWS\system32\wshunix.dll
0x00007ffb4d120000 - 0x00007ffb4d156000 	C:\WINDOWS\SYSTEM32\ntmarta.dll

JVMTI agents:
C:\Users\indar\.gradle\wrapper\dists\gradle-8.14-all\c2qonpi39x1mddn7hk5gh9iqj\gradle-8.14\lib\agents\gradle-instrumentation-agent-8.14.jar path:C:\Program Files\Eclipse Adoptium\jdk-21.0.12.101-hotspot\bin\instrument.dll, loaded, initialized, instrumentlib options:none

dbghelp: loaded successfully - version: 4.0.5 - missing functions: none
symbol engine: initialized successfully - sym options: 0x614 - pdb path: .;C:\Program Files\Eclipse Adoptium\jdk-21.0.12.101-hotspot\bin;C:\WINDOWS\SYSTEM32;C:\WINDOWS\WinSxS\amd64_microsoft.windows.common-controls_6595b64144ccf1df_6.0.26100.9278_none_3e0d1ba8e3303201;C:\Program Files\Eclipse Adoptium\jdk-21.0.12.101-hotspot\bin\server;C:\Users\indar\.gradle\native\1def1411415f61bf3af743bc5b6707747c0891f09f0c88961ee8f79bc544acac\windows-amd64;C:\Users\indar\.gradle\native\0.2.7\x86_64-windows-gnu

VM Arguments:
jvm_args: --add-opens=java.base/java.lang=ALL-UNNAMED --add-opens=java.base/java.lang.invoke=ALL-UNNAMED --add-opens=java.base/java.util=ALL-UNNAMED --add-opens=java.prefs/java.util.prefs=ALL-UNNAMED --add-exports=jdk.compiler/com.sun.tools.javac.api=ALL-UNNAMED --add-exports=jdk.compiler/com.sun.tools.javac.util=ALL-UNNAMED --add-opens=java.base/java.util=ALL-UNNAMED --add-opens=java.prefs/java.util.prefs=ALL-UNNAMED --add-opens=java.base/java.nio.charset=ALL-UNNAMED --add-opens=java.base/java.net=ALL-UNNAMED --add-opens=java.base/java.util.concurrent.atomic=ALL-UNNAMED --add-opens=java.xml/javax.xml.namespace=ALL-UNNAMED -XX:MaxMetaspaceSize=4G -XX:ReservedCodeCacheSize=512m -XX:+HeapDumpOnOutOfMemoryError -Xmx8G -Dfile.encoding=UTF-8 -Duser.country=IN -Duser.language=en -Duser.variant -javaagent:C:\Users\indar\.gradle\wrapper\dists\gradle-8.14-all\c2qonpi39x1mddn7hk5gh9iqj\gradle-8.14\lib\agents\gradle-instrumentation-agent-8.14.jar 
java_command: org.gradle.launcher.daemon.bootstrap.GradleDaemon 8.14
java_class_path (initial): C:\Users\indar\.gradle\wrapper\dists\gradle-8.14-all\c2qonpi39x1mddn7hk5gh9iqj\gradle-8.14\lib\gradle-daemon-main-8.14.jar
Launcher Type: SUN_STANDARD

[Global flags]
     intx CICompilerCount                          = 4                                         {product} {ergonomic}
     uint ConcGCThreads                            = 3                                         {product} {ergonomic}
     uint G1ConcRefinementThreads                  = 10                                        {product} {ergonomic}
   size_t G1HeapRegionSize                         = 4194304                                   {product} {ergonomic}
    uintx GCDrainStackTargetSize                   = 64                                        {product} {ergonomic}
     bool HeapDumpOnOutOfMemoryError               = true                                   {manageable} {command line}
   size_t InitialHeapSize                          = 398458880                                 {product} {ergonomic}
   size_t MarkStackSize                            = 4194304                                   {product} {ergonomic}
   size_t MaxHeapSize                              = 8589934592                                {product} {command line}
   size_t MaxMetaspaceSize                         = 4294967296                                {product} {command line}
   size_t MaxNewSize                               = 5150605312                                {product} {ergonomic}
   size_t MinHeapDeltaBytes                        = 4194304                                   {product} {ergonomic}
   size_t MinHeapSize                              = 8388608                                   {product} {ergonomic}
    uintx NonNMethodCodeHeapSize                   = 5839372                                {pd product} {ergonomic}
    uintx NonProfiledCodeHeapSize                  = 265515770                              {pd product} {ergonomic}
    uintx ProfiledCodeHeapSize                     = 265515770                              {pd product} {ergonomic}
    uintx ReservedCodeCacheSize                    = 536870912                              {pd product} {command line}
     bool SegmentedCodeCache                       = true                                      {product} {ergonomic}
   size_t SoftMaxHeapSize                          = 8589934592                             {manageable} {ergonomic}
     bool UseCompressedOops                        = true                           {product lp64_product} {ergonomic}
     bool UseG1GC                                  = true                                      {product} {ergonomic}
     bool UseLargePagesIndividualAllocation        = false                                  {pd product} {ergonomic}

Logging:
Log output configuration:
 #0: stdout all=warning uptime,level,tags foldmultilines=false
 #1: stderr all=off uptime,level,tags foldmultilines=false

Release file:
IMPLEMENTOR="Eclipse Adoptium" 
IMPLEMENTOR_VERSION="Temurin-21.0.12.1+1" 
JAVA_RUNTIME_VERSION="21.0.12.1+1-LTS" 
JAVA_VERSION="21.0.12.1" 
JAVA_VERSION_DATE="2026-08-18" 
LIBC="default" 
MODULES="java.base java.compiler java.datatransfer java.xml java.prefs java.desktop java.instrument java.logging java.management java.security.sasl java.naming java.rmi java.management.rmi java.net.http java.scripting java.security.jgss java.transaction.xa java.sql java.sql.rowset java.xml.crypto java.se java.smartcardio jdk.accessibility jdk.internal.jvmstat jdk.attach jdk.charsets jdk.internal.opt jdk.zipfs jdk.compiler jdk.crypto.ec jdk.crypto.cryptoki jdk.crypto.mscapi jdk.dynalink jdk.internal.ed jdk.editpad jdk.hotspot.agent jdk.httpserver jdk.incubator.vector jdk.internal.le jdk.internal.vm.ci jdk.internal.vm.compiler jdk.internal.vm.compiler.management jdk.jartool jdk.javadoc jdk.jcmd jdk.management jdk.management.agent jdk.jconsole jdk.jdeps jdk.jdwp.agent jdk.jdi jdk.jfr jdk.jlink jdk.jpackage jdk.jshell jdk.jsobject jdk.jstatd jdk.localedata jdk.management.jfr jdk.naming.dns jdk.naming.rmi jdk.net jdk.nio.mapmode jdk.random jdk.sctp jdk.security.auth jdk.security.jgss jdk.unsupported jdk.unsupported.desktop jdk.xml.dom" 
OS_ARCH="x86_64" 
OS_NAME="Windows" 
SOURCE=".:git:1c417fbfc2f7" 
BUILD_SOURCE="git:e6ba7dec3d07654074559310376a3ae89da5f4ac"
BUILD_SOURCE_REPO="https://github.com/adoptium/temurin-build.git"
SOURCE_REPO="https://github.com/adoptium/jdk21u.git"
FULL_VERSION="21.0.12.1+1-LTS"
SEMANTIC_VERSION="21.0.12.1+1"
BUILD_INFO="OS: Windows Server 2022 Version: 10.0"
JVM_VARIANT="Hotspot"
JVM_VERSION="21.0.12.1+1-LTS"
IMAGE_TYPE="JDK"

Environment Variables:
JAVA_HOME=C:\Program Files\Eclipse Adoptium\jdk-21.0.12.101-hotspot\
PATH=C:\Program Files\Eclipse Adoptium\jdk-21.0.12.101-hotspot\bin;C:\Program Files\Common Files\Oracle\Java\javapath;C:\Windows\system32;C:\Windows;C:\Windows\System32\Wbem;C:\Windows\System32\WindowsPowerShell\v1.0\;C:\Windows\System32\OpenSSH\;C:\Program Files (x86)\NVIDIA Corporation\PhysX\Common;C:\Program Files\NVIDIA Corporation\NVIDIA NvDLISR;C:\WINDOWS\system32;C:\WINDOWS;C:\WINDOWS\System32\Wbem;C:\WINDOWS\System32\WindowsPowerShell\v1.0\;C:\WINDOWS\System32\OpenSSH\;C:\Program Files\Git\cmd;C:\Program Files\nodejs\;C:\Program Files\dotnet\;C:\Users\indar\.kimi-code\bin;C:/Users/indar/.gemini/antigravity-ide/bin;C:\Program Files\Common Files\Oracle\Java\javapath;C:\Windows\system32;C:\Windows;C:\Windows\System32\Wbem;C:\Windows\System32\WindowsPowerShell\v1.0\;C:\Windows\System32\OpenSSH\;C:\Program Files (x86)\NVIDIA Corporation\PhysX\Common;C:\Program Files\NVIDIA Corporation\NVIDIA NvDLISR;C:\WINDOWS\system32;C:\WINDOWS;C:\WINDOWS\System32\Wbem;C:\WINDOWS\System32\WindowsPowerShell\v1.0\;C:\WINDOWS\System32\OpenSSH\;C:\Program Files\Git\cmd;C:\Program Files\nodejs\;C:\Users\indar\AppData\Local\Microsoft\WindowsApps;C:\Users\indar\AppData\Local\Python\bin;C:\Users\indar\AppData\Roaming\npm;C:\Users\indar\AppData\Local\Programs\cursor\resources\app\bin;C:\src\flutter\bin;C:\Users\indar\AppData\Local\Programs\Antigravity IDE\bin;C:\Users\indar\AppData\Local\Programs\Microsoft VS Code\bin;C:\Users\indar\AppData\Local\Android\Sdk\platform-tools;C:\Users\indar\AppData\Local\Android\Sdk\emulator
USERNAME=indar
OS=Windows_NT
PROCESSOR_IDENTIFIER=Intel64 Family 6 Model 141 Stepping 1, GenuineIntel
TMP=C:\Users\indar\AppData\Local\Temp
TEMP=C:\Users\indar\AppData\Local\Temp




Periodic native trim disabled

---------------  S Y S T E M  ---------------

OS:
 Windows 11 , 64 bit Build 26100 (10.0.26100.9444)
OS uptime: 0 days 1:36 hours
Hyper-V role detected

CPU: total 12 (initial active 12) (6 cores per cpu, 2 threads per core) family 6 model 141 stepping 1 microcode 0x50, cx8, cmov, fxsr, ht, mmx, 3dnowpref, sse, sse2, sse3, ssse3, sse4.1, sse4.2, popcnt, lzcnt, tsc, tscinvbit, avx, avx2, aes, erms, clmul, bmi1, bmi2, adx, avx512f, avx512dq, avx512cd, avx512bw, avx512vl, sha, fma, vzeroupper, avx512_vpopcntdq, avx512_vpclmulqdq, avx512_vaes, avx512_vnni, clflush, clflushopt, clwb, avx512_vbmi2, avx512_vbmi, hv, rdtscp, rdpid, fsrm, gfni, avx512_bitalg, f16c, cet_ibt, cet_ss, avx512_ifma
Processor Information for the first 12 processors :
  Max Mhz: 2688, Current Mhz: 2688, Mhz Limit: 2688

Memory: 4k page, system-wide physical 24297M (3873M free)
TotalPageFile size 24297M (AvailPageFile size 183M)
current process WorkingSet (physical memory assigned to process): 983M, peak: 991M
current process commit charge ("private bytes"): 1031M, peak: 1231M

vm_info: OpenJDK 64-Bit Server VM (21.0.12.1+1-LTS) for windows-amd64 JRE (21.0.12.1+1-LTS), built on 2026-08-18T00:00:00Z by "admin" with MS VC++ 17.12 (VS2022)

END.
