{"level":"error","message":"Firebase initialization failed: Failed to parse private key: Error: Too few bytes to read ASN.1 value.","service":"krushikadhara-api","timestamp":"2026-06-02 15:51:42"}
{"level":"info","message":"Connecting to MongoDB... (URI set: YES, host: unknown)","service":"krushikadhara-api","timestamp":"2026-06-02 15:51:42"}
{"level":"info","message":"🌾 KrushikaDhara API running in development mode on port 5000","service":"krushikadhara-api","timestamp":"2026-06-02 15:51:42"}
{"level":"info","message":"==================================================","service":"krushikadhara-api","timestamp":"2026-06-02 15:51:42"}
{"level":"info","message":"🕐 Initializing cron job scheduler...","service":"krushikadhara-api","timestamp":"2026-06-02 15:51:42"}
{"level":"info","message":"==================================================","service":"krushikadhara-api","timestamp":"2026-06-02 15:51:42"}
{"level":"info","message":"  ✅ Weather update job: every 3 hours","service":"krushikadhara-api","timestamp":"2026-06-02 15:51:42"}
{"level":"info","message":"  ✅ Market price refresh job: every 3 hours (+30 min offset)","service":"krushikadhara-api","timestamp":"2026-06-02 15:51:42"}
{"level":"info","message":"  ✅ Government scheme check job: daily at 6:00 AM IST","service":"krushikadhara-api","timestamp":"2026-06-02 15:51:42"}
{"level":"info","message":"==================================================","service":"krushikadhara-api","timestamp":"2026-06-02 15:51:42"}
{"level":"info","message":"🕐 All cron jobs scheduled successfully","service":"krushikadhara-api","timestamp":"2026-06-02 15:51:42"}
{"level":"info","message":"==================================================","service":"krushikadhara-api","timestamp":"2026-06-02 15:51:42"}
{"level":"info","message":"✅ MongoDB Connected: localhost","service":"krushikadhara-api","timestamp":"2026-06-02 15:51:42"}
{"level":"error","message":"Firebase initialization failed: Failed to parse private key: Error: Too few bytes to read ASN.1 value.","service":"krushikadhara-api","timestamp":"2026-06-02 18:41:04"}
{"level":"info","message":"Connecting to MongoDB... (URI set: YES, host: unknown)","service":"krushikadhara-api","timestamp":"2026-06-02 18:41:04"}
{"level":"info","message":"🌾 KrushikaDhara API running in development mode on port 5000","service":"krushikadhara-api","timestamp":"2026-06-02 18:41:04"}
{"level":"info","message":"==================================================","service":"krushikadhara-api","timestamp":"2026-06-02 18:41:04"}
{"level":"info","message":"🕐 Initializing cron job scheduler...","service":"krushikadhara-api","timestamp":"2026-06-02 18:41:04"}
{"level":"info","message":"==================================================","service":"krushikadhara-api","timestamp":"2026-06-02 18:41:04"}
{"level":"info","message":"  ✅ Weather update job: every 3 hours","service":"krushikadhara-api","timestamp":"2026-06-02 18:41:04"}
{"level":"info","message":"  ✅ Market price refresh job: every 3 hours (+30 min offset)","service":"krushikadhara-api","timestamp":"2026-06-02 18:41:04"}
{"level":"info","message":"  ✅ Government scheme check job: daily at 6:00 AM IST","service":"krushikadhara-api","timestamp":"2026-06-02 18:41:04"}
{"level":"info","message":"==================================================","service":"krushikadhara-api","timestamp":"2026-06-02 18:41:04"}
{"level":"info","message":"🕐 All cron jobs scheduled successfully","service":"krushikadhara-api","timestamp":"2026-06-02 18:41:04"}
{"level":"info","message":"==================================================","service":"krushikadhara-api","timestamp":"2026-06-02 18:41:04"}
{"level":"info","message":"✅ MongoDB Connected: localhost","service":"krushikadhara-api","timestamp":"2026-06-02 18:41:05"}
{"level":"info","message":"[CRON] Starting weather data update...","service":"krushikadhara-api","timestamp":"2026-06-02 21:00:00"}
{"level":"error","message":"[CRON] Weather fetch failed for Bangalore: Request failed with status code 401","service":"krushikadhara-api","timestamp":"2026-06-02 21:00:00"}
{"level":"error","message":"[CRON] Weather fetch failed for Mysore: Request failed with status code 401","service":"krushikadhara-api","timestamp":"2026-06-02 21:00:00"}
{"level":"error","message":"[CRON] Weather fetch failed for Hubli: Request failed with status code 401","service":"krushikadhara-api","timestamp":"2026-06-02 21:00:00"}
{"level":"error","message":"[CRON] Weather fetch failed for Belgaum: Request failed with status code 401","service":"krushikadhara-api","timestamp":"2026-06-02 21:00:01"}
{"level":"error","message":"[CRON] Weather fetch failed for Mangalore: Request failed with status code 401","service":"krushikadhara-api","timestamp":"2026-06-02 21:00:01"}
{"level":"error","message":"[CRON] Weather fetch failed for Davangere: Request failed with status code 401","service":"krushikadhara-api","timestamp":"2026-06-02 21:00:01"}
{"level":"error","message":"[CRON] Weather fetch failed for Bellary: Request failed with status code 401","service":"krushikadhara-api","timestamp":"2026-06-02 21:00:01"}
{"level":"error","message":"[CRON] Weather fetch failed for Shimoga: Request failed with status code 401","service":"krushikadhara-api","timestamp":"2026-06-02 21:00:01"}
{"level":"error","message":"[CRON] Weather fetch failed for Mandya: Request failed with status code 401","service":"krushikadhara-api","timestamp":"2026-06-02 21:00:01"}
{"level":"error","message":"[CRON] Weather fetch failed for Hassan: Request failed with status code 401","service":"krushikadhara-api","timestamp":"2026-06-02 21:00:01"}
{"level":"error","message":"[CRON] Weather fetch failed for Tumkur: Request failed with status code 401","service":"krushikadhara-api","timestamp":"2026-06-02 21:00:01"}
{"level":"error","message":"[CRON] Weather fetch failed for Raichur: Request failed with status code 401","service":"krushikadhara-api","timestamp":"2026-06-02 21:00:01"}
{"level":"info","message":"[CRON] Weather update complete: 0/12 locations, 0 alerts sent","service":"krushikadhara-api","timestamp":"2026-06-02 21:00:01"}
{"level":"error","message":"Firebase initialization failed: Failed to parse private key: Error: Too few bytes to read ASN.1 value.","service":"krushikadhara-api","timestamp":"2026-06-02 21:20:19"}
{"level":"info","message":"Connecting to MongoDB... (URI set: YES, host: unknown)","service":"krushikadhara-api","timestamp":"2026-06-02 21:20:19"}
{"level":"info","message":"🌾 KrushikaDhara API running in development mode on port 5000","service":"krushikadhara-api","timestamp":"2026-06-02 21:20:19"}
{"level":"info","message":"==================================================","service":"krushikadhara-api","timestamp":"2026-06-02 21:20:19"}
{"level":"info","message":"🕐 Initializing cron job scheduler...","service":"krushikadhara-api","timestamp":"2026-06-02 21:20:19"}
{"level":"info","message":"==================================================","service":"krushikadhara-api","timestamp":"2026-06-02 21:20:19"}
{"level":"info","message":"  ✅ Weather update job: every 3 hours","service":"krushikadhara-api","timestamp":"2026-06-02 21:20:19"}
{"level":"info","message":"  ✅ Market price refresh job: every 3 hours (+30 min offset)","service":"krushikadhara-api","timestamp":"2026-06-02 21:20:19"}
{"level":"info","message":"  ✅ Government scheme check job: daily at 6:00 AM IST","service":"krushikadhara-api","timestamp":"2026-06-02 21:20:19"}
{"level":"info","message":"==================================================","service":"krushikadhara-api","timestamp":"2026-06-02 21:20:19"}
{"level":"info","message":"🕐 All cron jobs scheduled successfully","service":"krushikadhara-api","timestamp":"2026-06-02 21:20:19"}
{"level":"info","message":"==================================================","service":"krushikadhara-api","timestamp":"2026-06-02 21:20:19"}
{"level":"info","message":"✅ MongoDB Connected: localhost","service":"krushikadhara-api","timestamp":"2026-06-02 21:20:19"}
{"level":"error","message":"Firebase initialization failed: Failed to parse private key: Error: Too few bytes to read ASN.1 value.","service":"krushikadhara-api","timestamp":"2026-06-02 21:20:21"}
{"level":"info","message":"Connecting to MongoDB... (URI set: YES, host: unknown)","service":"krushikadhara-api","timestamp":"2026-06-02 21:20:21"}
{"level":"info","message":"🌾 KrushikaDhara API running in development mode on port 5000","service":"krushikadhara-api","timestamp":"2026-06-02 21:20:21"}
{"level":"info","message":"==================================================","service":"krushikadhara-api","timestamp":"2026-06-02 21:20:21"}
{"level":"info","message":"🕐 Initializing cron job scheduler...","service":"krushikadhara-api","timestamp":"2026-06-02 21:20:21"}
{"level":"info","message":"==================================================","service":"krushikadhara-api","timestamp":"2026-06-02 21:20:21"}
{"level":"info","message":"  ✅ Weather update job: every 3 hours","service":"krushikadhara-api","timestamp":"2026-06-02 21:20:21"}
{"level":"info","message":"  ✅ Market price refresh job: every 3 hours (+30 min offset)","service":"krushikadhara-api","timestamp":"2026-06-02 21:20:21"}
{"level":"info","message":"  ✅ Government scheme check job: daily at 6:00 AM IST","service":"krushikadhara-api","timestamp":"2026-06-02 21:20:21"}
{"level":"info","message":"==================================================","service":"krushikadhara-api","timestamp":"2026-06-02 21:20:21"}
{"level":"info","message":"🕐 All cron jobs scheduled successfully","service":"krushikadhara-api","timestamp":"2026-06-02 21:20:21"}
{"level":"info","message":"==================================================","service":"krushikadhara-api","timestamp":"2026-06-02 21:20:21"}
{"level":"info","message":"✅ MongoDB Connected: localhost","service":"krushikadhara-api","timestamp":"2026-06-02 21:20:21"}
{"level":"error","message":"Firebase initialization failed: Failed to parse private key: Error: Too few bytes to read ASN.1 value.","service":"krushikadhara-api","timestamp":"2026-06-02 21:20:38"}
{"level":"info","message":"Connecting to MongoDB... (URI set: YES, host: unknown)","service":"krushikadhara-api","timestamp":"2026-06-02 21:20:38"}
{"level":"info","message":"🌾 KrushikaDhara API running in development mode on port 5000","service":"krushikadhara-api","timestamp":"2026-06-02 21:20:38"}
{"level":"info","message":"==================================================","service":"krushikadhara-api","timestamp":"2026-06-02 21:20:38"}
{"level":"info","message":"🕐 Initializing cron job scheduler...","service":"krushikadhara-api","timestamp":"2026-06-02 21:20:38"}
{"level":"info","message":"==================================================","service":"krushikadhara-api","timestamp":"2026-06-02 21:20:38"}
{"level":"info","message":"  ✅ Weather update job: every 3 hours","service":"krushikadhara-api","timestamp":"2026-06-02 21:20:38"}
{"level":"info","message":"  ✅ Market price refresh job: every 3 hours (+30 min offset)","service":"krushikadhara-api","timestamp":"2026-06-02 21:20:38"}
{"level":"info","message":"  ✅ Government scheme check job: daily at 6:00 AM IST","service":"krushikadhara-api","timestamp":"2026-06-02 21:20:38"}
{"level":"info","message":"==================================================","service":"krushikadhara-api","timestamp":"2026-06-02 21:20:38"}
{"level":"info","message":"🕐 All cron jobs scheduled successfully","service":"krushikadhara-api","timestamp":"2026-06-02 21:20:38"}
{"level":"info","message":"==================================================","service":"krushikadhara-api","timestamp":"2026-06-02 21:20:38"}
{"level":"info","message":"✅ MongoDB Connected: localhost","service":"krushikadhara-api","timestamp":"2026-06-02 21:20:38"}
{"level":"info","message":"[CRON] Starting market price refresh...","service":"krushikadhara-api","timestamp":"2026-06-02 21:30:00"}
{"level":"error","message":"Market API fetch failed: Request failed with status code 403","service":"krushikadhara-api","timestamp":"2026-06-02 21:30:01"}
{"level":"info","message":"[CRON] Market prices refreshed: 0 records (source: error)","service":"krushikadhara-api","timestamp":"2026-06-02 21:30:01"}
{"level":"error","message":"Firebase initialization failed: Failed to parse private key: Error: Too few bytes to read ASN.1 value.","service":"krushikadhara-api","timestamp":"2026-06-02 21:57:54"}
{"level":"info","message":"Connecting to MongoDB... (URI set: YES, host: unknown)","service":"krushikadhara-api","timestamp":"2026-06-02 21:57:54"}
{"level":"info","message":"🌾 KrushikaDhara API running in development mode on port 5000","service":"krushikadhara-api","timestamp":"2026-06-02 21:57:54"}
{"level":"info","message":"==================================================","service":"krushikadhara-api","timestamp":"2026-06-02 21:57:54"}
{"level":"info","message":"🕐 Initializing cron job scheduler...","service":"krushikadhara-api","timestamp":"2026-06-02 21:57:54"}
{"level":"info","message":"==================================================","service":"krushikadhara-api","timestamp":"2026-06-02 21:57:54"}
{"level":"info","message":"  ✅ Weather update job: every 3 hours","service":"krushikadhara-api","timestamp":"2026-06-02 21:57:54"}
{"level":"info","message":"  ✅ Market price refresh job: every 3 hours (+30 min offset)","service":"krushikadhara-api","timestamp":"2026-06-02 21:57:54"}
{"level":"info","message":"  ✅ Government scheme check job: daily at 6:00 AM IST","service":"krushikadhara-api","timestamp":"2026-06-02 21:57:54"}
{"level":"info","message":"==================================================","service":"krushikadhara-api","timestamp":"2026-06-02 21:57:54"}
{"level":"info","message":"🕐 All cron jobs scheduled successfully","service":"krushikadhara-api","timestamp":"2026-06-02 21:57:54"}
{"level":"info","message":"==================================================","service":"krushikadhara-api","timestamp":"2026-06-02 21:57:54"}
{"level":"info","message":"✅ MongoDB Connected: localhost","service":"krushikadhara-api","timestamp":"2026-06-02 21:57:54"}
{"level":"error","message":"Firebase initialization failed: Failed to parse private key: Error: Too few bytes to read ASN.1 value.","service":"krushikadhara-api","timestamp":"2026-06-02 21:58:07"}
{"level":"info","message":"Connecting to MongoDB... (URI set: YES, host: unknown)","service":"krushikadhara-api","timestamp":"2026-06-02 21:58:07"}
{"level":"info","message":"🌾 KrushikaDhara API running in development mode on port 5000","service":"krushikadhara-api","timestamp":"2026-06-02 21:58:07"}
{"level":"info","message":"==================================================","service":"krushikadhara-api","timestamp":"2026-06-02 21:58:07"}
{"level":"info","message":"🕐 Initializing cron job scheduler...","service":"krushikadhara-api","timestamp":"2026-06-02 21:58:07"}
{"level":"info","message":"==================================================","service":"krushikadhara-api","timestamp":"2026-06-02 21:58:07"}
{"level":"info","message":"  ✅ Weather update job: every 3 hours","service":"krushikadhara-api","timestamp":"2026-06-02 21:58:07"}
{"level":"info","message":"  ✅ Market price refresh job: every 3 hours (+30 min offset)","service":"krushikadhara-api","timestamp":"2026-06-02 21:58:07"}
{"level":"info","message":"  ✅ Government scheme check job: daily at 6:00 AM IST","service":"krushikadhara-api","timestamp":"2026-06-02 21:58:07"}
{"level":"info","message":"==================================================","service":"krushikadhara-api","timestamp":"2026-06-02 21:58:07"}
{"level":"info","message":"🕐 All cron jobs scheduled successfully","service":"krushikadhara-api","timestamp":"2026-06-02 21:58:07"}
{"level":"info","message":"==================================================","service":"krushikadhara-api","timestamp":"2026-06-02 21:58:07"}
{"level":"info","message":"✅ MongoDB Connected: localhost","service":"krushikadhara-api","timestamp":"2026-06-02 21:58:07"}
{"level":"error","message":"Firebase initialization failed: Failed to parse private key: Error: Too few bytes to read ASN.1 value.","service":"krushikadhara-api","timestamp":"2026-06-02 21:58:23"}
{"level":"info","message":"Connecting to MongoDB... (URI set: YES, host: unknown)","service":"krushikadhara-api","timestamp":"2026-06-02 21:58:23"}
{"level":"info","message":"🌾 KrushikaDhara API running in development mode on port 5000","service":"krushikadhara-api","timestamp":"2026-06-02 21:58:23"}
{"level":"info","message":"==================================================","service":"krushikadhara-api","timestamp":"2026-06-02 21:58:23"}
{"level":"info","message":"🕐 Initializing cron job scheduler...","service":"krushikadhara-api","timestamp":"2026-06-02 21:58:23"}
{"level":"info","message":"==================================================","service":"krushikadhara-api","timestamp":"2026-06-02 21:58:23"}
{"level":"info","message":"  ✅ Weather update job: every 3 hours","service":"krushikadhara-api","timestamp":"2026-06-02 21:58:23"}
{"level":"info","message":"  ✅ Market price refresh job: every 3 hours (+30 min offset)","service":"krushikadhara-api","timestamp":"2026-06-02 21:58:23"}
{"level":"info","message":"  ✅ Government scheme check job: daily at 6:00 AM IST","service":"krushikadhara-api","timestamp":"2026-06-02 21:58:23"}
{"level":"info","message":"==================================================","service":"krushikadhara-api","timestamp":"2026-06-02 21:58:23"}
{"level":"info","message":"🕐 All cron jobs scheduled successfully","service":"krushikadhara-api","timestamp":"2026-06-02 21:58:23"}
{"level":"info","message":"==================================================","service":"krushikadhara-api","timestamp":"2026-06-02 21:58:23"}
{"level":"info","message":"✅ MongoDB Connected: localhost","service":"krushikadhara-api","timestamp":"2026-06-02 21:58:23"}
{"level":"error","message":"Firebase initialization failed: Failed to parse private key: Error: Too few bytes to read ASN.1 value.","service":"krushikadhara-api","timestamp":"2026-06-02 22:00:34"}
{"level":"info","message":"Connecting to MongoDB... (URI set: YES, host: unknown)","service":"krushikadhara-api","timestamp":"2026-06-02 22:00:34"}
{"level":"info","message":"🌾 KrushikaDhara API running in development mode on port 5000","service":"krushikadhara-api","timestamp":"2026-06-02 22:00:34"}
{"level":"info","message":"==================================================","service":"krushikadhara-api","timestamp":"2026-06-02 22:00:34"}
{"level":"info","message":"🕐 Initializing cron job scheduler...","service":"krushikadhara-api","timestamp":"2026-06-02 22:00:34"}
{"level":"info","message":"==================================================","service":"krushikadhara-api","timestamp":"2026-06-02 22:00:34"}
{"level":"info","message":"  ✅ Weather update job: every 3 hours","service":"krushikadhara-api","timestamp":"2026-06-02 22:00:34"}
{"level":"info","message":"  ✅ Market price refresh job: every 3 hours (+30 min offset)","service":"krushikadhara-api","timestamp":"2026-06-02 22:00:34"}
{"level":"info","message":"  ✅ Government scheme check job: daily at 6:00 AM IST","service":"krushikadhara-api","timestamp":"2026-06-02 22:00:34"}
{"level":"info","message":"==================================================","service":"krushikadhara-api","timestamp":"2026-06-02 22:00:34"}
{"level":"info","message":"🕐 All cron jobs scheduled successfully","service":"krushikadhara-api","timestamp":"2026-06-02 22:00:34"}
{"level":"info","message":"==================================================","service":"krushikadhara-api","timestamp":"2026-06-02 22:00:34"}
{"level":"info","message":"✅ MongoDB Connected: localhost","service":"krushikadhara-api","timestamp":"2026-06-02 22:00:34"}
{"level":"error","message":"Firebase initialization failed: Failed to parse private key: Error: Too few bytes to read ASN.1 value.","service":"krushikadhara-api","timestamp":"2026-06-02 23:47:49"}
{"level":"info","message":"Connecting to MongoDB... (URI set: YES, host: unknown)","service":"krushikadhara-api","timestamp":"2026-06-02 23:47:49"}
{"level":"info","message":"🌾 KrushikaDhara API running in development mode on port 5000","service":"krushikadhara-api","timestamp":"2026-06-02 23:47:49"}
{"level":"info","message":"==================================================","service":"krushikadhara-api","timestamp":"2026-06-02 23:47:49"}
{"level":"info","message":"🕐 Initializing cron job scheduler...","service":"krushikadhara-api","timestamp":"2026-06-02 23:47:49"}
{"level":"info","message":"==================================================","service":"krushikadhara-api","timestamp":"2026-06-02 23:47:49"}
{"level":"info","message":"  ✅ Weather update job: every 3 hours","service":"krushikadhara-api","timestamp":"2026-06-02 23:47:49"}
{"level":"info","message":"  ✅ Market price refresh job: every 3 hours (+30 min offset)","service":"krushikadhara-api","timestamp":"2026-06-02 23:47:49"}
{"level":"info","message":"  ✅ Government scheme check job: daily at 6:00 AM IST","service":"krushikadhara-api","timestamp":"2026-06-02 23:47:49"}
{"level":"info","message":"==================================================","service":"krushikadhara-api","timestamp":"2026-06-02 23:47:49"}
{"level":"info","message":"🕐 All cron jobs scheduled successfully","service":"krushikadhara-api","timestamp":"2026-06-02 23:47:49"}
{"level":"info","message":"==================================================","service":"krushikadhara-api","timestamp":"2026-06-02 23:47:49"}
{"level":"info","message":"✅ MongoDB Connected: localhost","service":"krushikadhara-api","timestamp":"2026-06-02 23:47:49"}
{"level":"error","message":"Firebase initialization failed: Failed to parse private key: Error: Too few bytes to read ASN.1 value.","service":"krushikadhara-api","timestamp":"2026-06-02 23:48:14"}
{"level":"info","message":"Connecting to MongoDB... (URI set: YES, host: unknown)","service":"krushikadhara-api","timestamp":"2026-06-02 23:48:14"}
{"level":"info","message":"🌾 KrushikaDhara API running in development mode on port 5000","service":"krushikadhara-api","timestamp":"2026-06-02 23:48:14"}
{"level":"info","message":"==================================================","service":"krushikadhara-api","timestamp":"2026-06-02 23:48:14"}
{"level":"info","message":"🕐 Initializing cron job scheduler...","service":"krushikadhara-api","timestamp":"2026-06-02 23:48:14"}
{"level":"info","message":"==================================================","service":"krushikadhara-api","timestamp":"2026-06-02 23:48:14"}
{"level":"info","message":"  ✅ Weather update job: every 3 hours","service":"krushikadhara-api","timestamp":"2026-06-02 23:48:14"}
{"level":"info","message":"  ✅ Market price refresh job: every 3 hours (+30 min offset)","service":"krushikadhara-api","timestamp":"2026-06-02 23:48:14"}
{"level":"info","message":"  ✅ Government scheme check job: daily at 6:00 AM IST","service":"krushikadhara-api","timestamp":"2026-06-02 23:48:14"}
{"level":"info","message":"==================================================","service":"krushikadhara-api","timestamp":"2026-06-02 23:48:14"}
{"level":"info","message":"🕐 All cron jobs scheduled successfully","service":"krushikadhara-api","timestamp":"2026-06-02 23:48:14"}
{"level":"info","message":"==================================================","service":"krushikadhara-api","timestamp":"2026-06-02 23:48:14"}
{"level":"info","message":"✅ MongoDB Connected: localhost","service":"krushikadhara-api","timestamp":"2026-06-02 23:48:14"}
{"level":"error","message":"Firebase initialization failed: Failed to parse private key: Error: Too few bytes to read ASN.1 value.","service":"krushikadhara-api","timestamp":"2026-06-02 23:50:14"}
{"level":"info","message":"Connecting to MongoDB... (URI set: YES, host: unknown)","service":"krushikadhara-api","timestamp":"2026-06-02 23:50:14"}
{"level":"info","message":"🌾 KrushikaDhara API running in development mode on port 5000","service":"krushikadhara-api","timestamp":"2026-06-02 23:50:14"}
{"level":"info","message":"==================================================","service":"krushikadhara-api","timestamp":"2026-06-02 23:50:14"}
{"level":"info","message":"🕐 Initializing cron job scheduler...","service":"krushikadhara-api","timestamp":"2026-06-02 23:50:14"}
{"level":"info","message":"==================================================","service":"krushikadhara-api","timestamp":"2026-06-02 23:50:14"}
{"level":"info","message":"  ✅ Weather update job: every 3 hours","service":"krushikadhara-api","timestamp":"2026-06-02 23:50:14"}
{"level":"info","message":"  ✅ Market price refresh job: every 3 hours (+30 min offset)","service":"krushikadhara-api","timestamp":"2026-06-02 23:50:14"}
{"level":"info","message":"  ✅ Government scheme check job: daily at 6:00 AM IST","service":"krushikadhara-api","timestamp":"2026-06-02 23:50:14"}
{"level":"info","message":"==================================================","service":"krushikadhara-api","timestamp":"2026-06-02 23:50:14"}
{"level":"info","message":"🕐 All cron jobs scheduled successfully","service":"krushikadhara-api","timestamp":"2026-06-02 23:50:14"}
{"level":"info","message":"==================================================","service":"krushikadhara-api","timestamp":"2026-06-02 23:50:14"}
{"level":"info","message":"✅ MongoDB Connected: localhost","service":"krushikadhara-api","timestamp":"2026-06-02 23:50:14"}
{"level":"error","message":"Firebase initialization failed: Failed to parse private key: Error: Too few bytes to read ASN.1 value.","service":"krushikadhara-api","timestamp":"2026-06-02 23:51:10"}
{"level":"info","message":"Connecting to MongoDB... (URI set: YES, host: unknown)","service":"krushikadhara-api","timestamp":"2026-06-02 23:51:10"}
{"level":"info","message":"🌾 KrushikaDhara API running in development mode on port 5000","service":"krushikadhara-api","timestamp":"2026-06-02 23:51:10"}
{"level":"info","message":"==================================================","service":"krushikadhara-api","timestamp":"2026-06-02 23:51:10"}
{"level":"info","message":"🕐 Initializing cron job scheduler...","service":"krushikadhara-api","timestamp":"2026-06-02 23:51:10"}
{"level":"info","message":"==================================================","service":"krushikadhara-api","timestamp":"2026-06-02 23:51:10"}
{"level":"info","message":"  ✅ Weather update job: every 3 hours","service":"krushikadhara-api","timestamp":"2026-06-02 23:51:10"}
{"level":"info","message":"  ✅ Market price refresh job: every 3 hours (+30 min offset)","service":"krushikadhara-api","timestamp":"2026-06-02 23:51:10"}
{"level":"info","message":"  ✅ Government scheme check job: daily at 6:00 AM IST","service":"krushikadhara-api","timestamp":"2026-06-02 23:51:10"}
{"level":"info","message":"==================================================","service":"krushikadhara-api","timestamp":"2026-06-02 23:51:10"}
{"level":"info","message":"🕐 All cron jobs scheduled successfully","service":"krushikadhara-api","timestamp":"2026-06-02 23:51:10"}
{"level":"info","message":"==================================================","service":"krushikadhara-api","timestamp":"2026-06-02 23:51:10"}
{"level":"info","message":"✅ MongoDB Connected: localhost","service":"krushikadhara-api","timestamp":"2026-06-02 23:51:10"}
{"level":"error","message":"Firebase initialization failed: Failed to parse private key: Error: Too few bytes to read ASN.1 value.","service":"krushikadhara-api","timestamp":"2026-06-02 23:53:22"}
{"level":"info","message":"Connecting to MongoDB... (URI set: YES, host: unknown)","service":"krushikadhara-api","timestamp":"2026-06-02 23:53:22"}
{"level":"info","message":"🌾 KrushikaDhara API running in development mode on port 5000","service":"krushikadhara-api","timestamp":"2026-06-02 23:53:22"}
{"level":"info","message":"==================================================","service":"krushikadhara-api","timestamp":"2026-06-02 23:53:22"}
{"level":"info","message":"🕐 Initializing cron job scheduler...","service":"krushikadhara-api","timestamp":"2026-06-02 23:53:22"}
{"level":"info","message":"==================================================","service":"krushikadhara-api","timestamp":"2026-06-02 23:53:22"}
{"level":"info","message":"  ✅ Weather update job: every 3 hours","service":"krushikadhara-api","timestamp":"2026-06-02 23:53:22"}
{"level":"info","message":"  ✅ Market price refresh job: every 3 hours (+30 min offset)","service":"krushikadhara-api","timestamp":"2026-06-02 23:53:22"}
{"level":"info","message":"  ✅ Government scheme check job: daily at 6:00 AM IST","service":"krushikadhara-api","timestamp":"2026-06-02 23:53:22"}
{"level":"info","message":"==================================================","service":"krushikadhara-api","timestamp":"2026-06-02 23:53:22"}
{"level":"info","message":"🕐 All cron jobs scheduled successfully","service":"krushikadhara-api","timestamp":"2026-06-02 23:53:22"}
{"level":"info","message":"==================================================","service":"krushikadhara-api","timestamp":"2026-06-02 23:53:22"}
{"level":"info","message":"✅ MongoDB Connected: localhost","service":"krushikadhara-api","timestamp":"2026-06-02 23:53:22"}
{"level":"info","message":"[CRON] Starting weather data update...","service":"krushikadhara-api","timestamp":"2026-06-03 00:00:00"}
{"level":"error","message":"[CRON] Weather fetch failed for Bangalore: Request failed with status code 401","service":"krushikadhara-api","timestamp":"2026-06-03 00:00:01"}
{"level":"error","message":"[CRON] Weather fetch failed for Mysore: Request failed with status code 401","service":"krushikadhara-api","timestamp":"2026-06-03 00:00:01"}
{"level":"error","message":"[CRON] Weather fetch failed for Hubli: Request failed with status code 401","service":"krushikadhara-api","timestamp":"2026-06-03 00:00:01"}
{"level":"error","message":"[CRON] Weather fetch failed for Belgaum: Request failed with status code 401","service":"krushikadhara-api","timestamp":"2026-06-03 00:00:01"}
{"level":"error","message":"[CRON] Weather fetch failed for Mangalore: Request failed with status code 401","service":"krushikadhara-api","timestamp":"2026-06-03 00:00:01"}
{"level":"error","message":"[CRON] Weather fetch failed for Davangere: Request failed with status code 401","service":"krushikadhara-api","timestamp":"2026-06-03 00:00:01"}
{"level":"error","message":"[CRON] Weather fetch failed for Bellary: Request failed with status code 401","service":"krushikadhara-api","timestamp":"2026-06-03 00:00:01"}
{"level":"error","message":"[CRON] Weather fetch failed for Shimoga: Request failed with status code 401","service":"krushikadhara-api","timestamp":"2026-06-03 00:00:01"}
{"level":"error","message":"[CRON] Weather fetch failed for Mandya: Request failed with status code 401","service":"krushikadhara-api","timestamp":"2026-06-03 00:00:01"}
{"level":"error","message":"[CRON] Weather fetch failed for Hassan: Request failed with status code 401","service":"krushikadhara-api","timestamp":"2026-06-03 00:00:01"}
{"level":"error","message":"[CRON] Weather fetch failed for Tumkur: Request failed with status code 401","service":"krushikadhara-api","timestamp":"2026-06-03 00:00:01"}
{"level":"error","message":"[CRON] Weather fetch failed for Raichur: Request failed with status code 401","service":"krushikadhara-api","timestamp":"2026-06-03 00:00:01"}
{"level":"info","message":"[CRON] Weather update complete: 0/12 locations, 0 alerts sent","service":"krushikadhara-api","timestamp":"2026-06-03 00:00:01"}
{"level":"error","message":"Firebase initialization failed: Failed to parse private key: Error: Too few bytes to read ASN.1 value.","service":"krushikadhara-api","timestamp":"2026-06-03 00:22:20"}
{"level":"info","message":"Connecting to MongoDB... (URI set: YES, host: unknown)","service":"krushikadhara-api","timestamp":"2026-06-03 00:22:20"}
{"level":"info","message":"🌾 KrushikaDhara API running in development mode on port 5000","service":"krushikadhara-api","timestamp":"2026-06-03 00:22:20"}
{"level":"info","message":"==================================================","service":"krushikadhara-api","timestamp":"2026-06-03 00:22:20"}
{"level":"info","message":"🕐 Initializing cron job scheduler...","service":"krushikadhara-api","timestamp":"2026-06-03 00:22:20"}
{"level":"info","message":"==================================================","service":"krushikadhara-api","timestamp":"2026-06-03 00:22:20"}
{"level":"info","message":"  ✅ Weather update job: every 3 hours","service":"krushikadhara-api","timestamp":"2026-06-03 00:22:20"}
{"level":"info","message":"  ✅ Market price refresh job: every 3 hours (+30 min offset)","service":"krushikadhara-api","timestamp":"2026-06-03 00:22:20"}
{"level":"info","message":"  ✅ Government scheme check job: daily at 6:00 AM IST","service":"krushikadhara-api","timestamp":"2026-06-03 00:22:20"}
{"level":"info","message":"==================================================","service":"krushikadhara-api","timestamp":"2026-06-03 00:22:20"}
{"level":"info","message":"🕐 All cron jobs scheduled successfully","service":"krushikadhara-api","timestamp":"2026-06-03 00:22:20"}
{"level":"info","message":"==================================================","service":"krushikadhara-api","timestamp":"2026-06-03 00:22:20"}
{"level":"info","message":"✅ MongoDB Connected: localhost","service":"krushikadhara-api","timestamp":"2026-06-03 00:22:20"}
{"level":"error","message":"Firebase initialization failed: Failed to parse private key: Error: Too few bytes to read ASN.1 value.","service":"krushikadhara-api","timestamp":"2026-06-03 00:23:08"}
{"level":"info","message":"Connecting to MongoDB... (URI set: YES, host: unknown)","service":"krushikadhara-api","timestamp":"2026-06-03 00:23:08"}
{"level":"info","message":"🌾 KrushikaDhara API running in development mode on port 5000","service":"krushikadhara-api","timestamp":"2026-06-03 00:23:08"}
{"level":"info","message":"==================================================","service":"krushikadhara-api","timestamp":"2026-06-03 00:23:08"}
{"level":"info","message":"🕐 Initializing cron job scheduler...","service":"krushikadhara-api","timestamp":"2026-06-03 00:23:08"}
{"level":"info","message":"==================================================","service":"krushikadhara-api","timestamp":"2026-06-03 00:23:08"}
{"level":"info","message":"  ✅ Weather update job: every 3 hours","service":"krushikadhara-api","timestamp":"2026-06-03 00:23:08"}
{"level":"info","message":"  ✅ Market price refresh job: every 3 hours (+30 min offset)","service":"krushikadhara-api","timestamp":"2026-06-03 00:23:08"}
{"level":"info","message":"  ✅ Government scheme check job: daily at 6:00 AM IST","service":"krushikadhara-api","timestamp":"2026-06-03 00:23:08"}
{"level":"info","message":"==================================================","service":"krushikadhara-api","timestamp":"2026-06-03 00:23:08"}
{"level":"info","message":"🕐 All cron jobs scheduled successfully","service":"krushikadhara-api","timestamp":"2026-06-03 00:23:08"}
{"level":"info","message":"==================================================","service":"krushikadhara-api","timestamp":"2026-06-03 00:23:08"}
{"level":"info","message":"✅ MongoDB Connected: localhost","service":"krushikadhara-api","timestamp":"2026-06-03 00:23:08"}
{"level":"info","message":"[CRON] Starting market price refresh...","service":"krushikadhara-api","timestamp":"2026-06-03 00:30:00"}
{"level":"error","message":"Market API fetch failed: Request failed with status code 403","service":"krushikadhara-api","timestamp":"2026-06-03 00:30:01"}
{"level":"info","message":"[CRON] Market prices refreshed: 0 records (source: error)","service":"krushikadhara-api","timestamp":"2026-06-03 00:30:01"}
{"level":"error","message":"Firebase initialization failed: Failed to parse private key: Error: Too few bytes to read ASN.1 value.","service":"krushikadhara-api","timestamp":"2026-06-03 01:04:10"}
{"level":"info","message":"Connecting to MongoDB... (URI set: YES, host: unknown)","service":"krushikadhara-api","timestamp":"2026-06-03 01:04:10"}
{"level":"info","message":"🌾 KrushikaDhara API running in development mode on port 5000","service":"krushikadhara-api","timestamp":"2026-06-03 01:04:10"}
{"level":"info","message":"==================================================","service":"krushikadhara-api","timestamp":"2026-06-03 01:04:10"}
{"level":"info","message":"🕐 Initializing cron job scheduler...","service":"krushikadhara-api","timestamp":"2026-06-03 01:04:10"}
{"level":"info","message":"==================================================","service":"krushikadhara-api","timestamp":"2026-06-03 01:04:10"}
{"level":"info","message":"  ✅ Weather update job: every 3 hours","service":"krushikadhara-api","timestamp":"2026-06-03 01:04:10"}
{"level":"info","message":"  ✅ Market price refresh job: every 3 hours (+30 min offset)","service":"krushikadhara-api","timestamp":"2026-06-03 01:04:10"}
{"level":"info","message":"  ✅ Government scheme check job: daily at 6:00 AM IST","service":"krushikadhara-api","timestamp":"2026-06-03 01:04:10"}
{"level":"info","message":"==================================================","service":"krushikadhara-api","timestamp":"2026-06-03 01:04:10"}
{"level":"info","message":"🕐 All cron jobs scheduled successfully","service":"krushikadhara-api","timestamp":"2026-06-03 01:04:10"}
{"level":"info","message":"==================================================","service":"krushikadhara-api","timestamp":"2026-06-03 01:04:10"}
{"level":"info","message":"✅ MongoDB Connected: localhost","service":"krushikadhara-api","timestamp":"2026-06-03 01:04:10"}
{"level":"error","message":"Firebase initialization failed: Failed to parse private key: Error: Too few bytes to read ASN.1 value.","service":"krushikadhara-api","timestamp":"2026-06-03 01:04:19"}
{"level":"info","message":"Connecting to MongoDB... (URI set: YES, host: unknown)","service":"krushikadhara-api","timestamp":"2026-06-03 01:04:19"}
{"level":"info","message":"🌾 KrushikaDhara API running in development mode on port 5000","service":"krushikadhara-api","timestamp":"2026-06-03 01:04:19"}
{"level":"info","message":"==================================================","service":"krushikadhara-api","timestamp":"2026-06-03 01:04:19"}
{"level":"info","message":"🕐 Initializing cron job scheduler...","service":"krushikadhara-api","timestamp":"2026-06-03 01:04:19"}
{"level":"info","message":"==================================================","service":"krushikadhara-api","timestamp":"2026-06-03 01:04:19"}
{"level":"info","message":"  ✅ Weather update job: every 3 hours","service":"krushikadhara-api","timestamp":"2026-06-03 01:04:19"}
{"level":"info","message":"  ✅ Market price refresh job: every 3 hours (+30 min offset)","service":"krushikadhara-api","timestamp":"2026-06-03 01:04:19"}
{"level":"info","message":"  ✅ Government scheme check job: daily at 6:00 AM IST","service":"krushikadhara-api","timestamp":"2026-06-03 01:04:19"}
{"level":"info","message":"==================================================","service":"krushikadhara-api","timestamp":"2026-06-03 01:04:19"}
{"level":"info","message":"🕐 All cron jobs scheduled successfully","service":"krushikadhara-api","timestamp":"2026-06-03 01:04:19"}
{"level":"info","message":"==================================================","service":"krushikadhara-api","timestamp":"2026-06-03 01:04:19"}
{"level":"info","message":"✅ MongoDB Connected: localhost","service":"krushikadhara-api","timestamp":"2026-06-03 01:04:19"}
{"level":"error","message":"Firebase initialization failed: Failed to parse private key: Error: Too few bytes to read ASN.1 value.","service":"krushikadhara-api","timestamp":"2026-06-03 09:05:55"}
{"level":"info","message":"Connecting to MongoDB... (URI set: YES, host: unknown)","service":"krushikadhara-api","timestamp":"2026-06-03 09:05:55"}
{"level":"info","message":"🌾 KrushikaDhara API running in development mode on port 5000","service":"krushikadhara-api","timestamp":"2026-06-03 09:05:55"}
{"level":"info","message":"==================================================","service":"krushikadhara-api","timestamp":"2026-06-03 09:05:55"}
{"level":"info","message":"🕐 Initializing cron job scheduler...","service":"krushikadhara-api","timestamp":"2026-06-03 09:05:55"}
{"level":"info","message":"==================================================","service":"krushikadhara-api","timestamp":"2026-06-03 09:05:55"}
{"level":"info","message":"  ✅ Weather update job: every 3 hours","service":"krushikadhara-api","timestamp":"2026-06-03 09:05:55"}
{"level":"info","message":"  ✅ Market price refresh job: every 3 hours (+30 min offset)","service":"krushikadhara-api","timestamp":"2026-06-03 09:05:55"}
{"level":"info","message":"  ✅ Government scheme check job: daily at 6:00 AM IST","service":"krushikadhara-api","timestamp":"2026-06-03 09:05:55"}
{"level":"info","message":"==================================================","service":"krushikadhara-api","timestamp":"2026-06-03 09:05:55"}
{"level":"info","message":"🕐 All cron jobs scheduled successfully","service":"krushikadhara-api","timestamp":"2026-06-03 09:05:55"}
{"level":"info","message":"==================================================","service":"krushikadhara-api","timestamp":"2026-06-03 09:05:55"}
{"level":"info","message":"✅ MongoDB Connected: localhost","service":"krushikadhara-api","timestamp":"2026-06-03 09:05:55"}
{"level":"info","message":"[CRON] Starting market price refresh...","service":"krushikadhara-api","timestamp":"2026-06-03 09:30:00"}
{"level":"error","message":"Market API fetch failed: Request failed with status code 403","service":"krushikadhara-api","timestamp":"2026-06-03 09:30:03"}
{"level":"info","message":"[CRON] Market prices refreshed: 0 records (source: error)","service":"krushikadhara-api","timestamp":"2026-06-03 09:30:03"}
{"level":"error","message":"Firebase initialization failed: Failed to parse private key: Error: Too few bytes to read ASN.1 value.","service":"krushikadhara-api","timestamp":"2026-06-03 13:35:12"}
{"level":"info","message":"Connecting to MongoDB... (URI set: YES, host: unknown)","service":"krushikadhara-api","timestamp":"2026-06-03 13:35:12"}
{"level":"info","message":"🌾 KrushikaDhara API running in development mode on port 5000","service":"krushikadhara-api","timestamp":"2026-06-03 13:35:12"}
{"level":"info","message":"==================================================","service":"krushikadhara-api","timestamp":"2026-06-03 13:35:12"}
{"level":"info","message":"🕐 Initializing cron job scheduler...","service":"krushikadhara-api","timestamp":"2026-06-03 13:35:12"}
{"level":"info","message":"==================================================","service":"krushikadhara-api","timestamp":"2026-06-03 13:35:12"}
{"level":"info","message":"  ✅ Weather update job: every 3 hours","service":"krushikadhara-api","timestamp":"2026-06-03 13:35:12"}
{"level":"info","message":"  ✅ Market price refresh job: every 3 hours (+30 min offset)","service":"krushikadhara-api","timestamp":"2026-06-03 13:35:12"}
{"level":"info","message":"  ✅ Government scheme check job: daily at 6:00 AM IST","service":"krushikadhara-api","timestamp":"2026-06-03 13:35:12"}
{"level":"info","message":"==================================================","service":"krushikadhara-api","timestamp":"2026-06-03 13:35:12"}
{"level":"info","message":"🕐 All cron jobs scheduled successfully","service":"krushikadhara-api","timestamp":"2026-06-03 13:35:12"}
{"level":"info","message":"==================================================","service":"krushikadhara-api","timestamp":"2026-06-03 13:35:12"}
{"level":"info","message":"✅ MongoDB Connected: localhost","service":"krushikadhara-api","timestamp":"2026-06-03 13:35:12"}
{"level":"info","message":"[CRON] Starting weather data update...","service":"krushikadhara-api","timestamp":"2026-06-03 15:00:00"}
{"level":"error","message":"[CRON] Weather fetch failed for Bangalore: Request failed with status code 401","service":"krushikadhara-api","timestamp":"2026-06-03 15:00:01"}
{"level":"error","message":"[CRON] Weather fetch failed for Mysore: Request failed with status code 401","service":"krushikadhara-api","timestamp":"2026-06-03 15:00:01"}
{"level":"error","message":"[CRON] Weather fetch failed for Hubli: Request failed with status code 401","service":"krushikadhara-api","timestamp":"2026-06-03 15:00:01"}
{"level":"error","message":"[CRON] Weather fetch failed for Belgaum: Request failed with status code 401","service":"krushikadhara-api","timestamp":"2026-06-03 15:00:01"}
{"level":"error","message":"[CRON] Weather fetch failed for Mangalore: Request failed with status code 401","service":"krushikadhara-api","timestamp":"2026-06-03 15:00:01"}
{"level":"error","message":"[CRON] Weather fetch failed for Davangere: Request failed with status code 401","service":"krushikadhara-api","timestamp":"2026-06-03 15:00:01"}
{"level":"error","message":"[CRON] Weather fetch failed for Bellary: Request failed with status code 401","service":"krushikadhara-api","timestamp":"2026-06-03 15:00:01"}
{"level":"error","message":"[CRON] Weather fetch failed for Shimoga: Request failed with status code 401","service":"krushikadhara-api","timestamp":"2026-06-03 15:00:01"}
{"level":"error","message":"[CRON] Weather fetch failed for Mandya: Request failed with status code 401","service":"krushikadhara-api","timestamp":"2026-06-03 15:00:01"}
{"level":"error","message":"[CRON] Weather fetch failed for Hassan: Request failed with status code 401","service":"krushikadhara-api","timestamp":"2026-06-03 15:00:01"}
{"level":"error","message":"[CRON] Weather fetch failed for Tumkur: Request failed with status code 401","service":"krushikadhara-api","timestamp":"2026-06-03 15:00:01"}
{"level":"error","message":"[CRON] Weather fetch failed for Raichur: Request failed with status code 401","service":"krushikadhara-api","timestamp":"2026-06-03 15:00:01"}
{"level":"info","message":"[CRON] Weather update complete: 0/12 locations, 0 alerts sent","service":"krushikadhara-api","timestamp":"2026-06-03 15:00:01"}
{"level":"error","message":"Firebase initialization failed: Failed to parse private key: Error: Too few bytes to read ASN.1 value.","service":"krushikadhara-api","timestamp":"2026-06-03 15:05:38"}
{"level":"info","message":"Connecting to MongoDB... (URI set: YES, host: unknown)","service":"krushikadhara-api","timestamp":"2026-06-03 15:05:38"}
{"level":"info","message":"🌾 KrushikaDhara API running in development mode on port 5000","service":"krushikadhara-api","timestamp":"2026-06-03 15:05:38"}
{"level":"info","message":"==================================================","service":"krushikadhara-api","timestamp":"2026-06-03 15:05:38"}
{"level":"info","message":"🕐 Initializing cron job scheduler...","service":"krushikadhara-api","timestamp":"2026-06-03 15:05:38"}
{"level":"info","message":"==================================================","service":"krushikadhara-api","timestamp":"2026-06-03 15:05:38"}
{"level":"info","message":"  ✅ Weather update job: every 3 hours","service":"krushikadhara-api","timestamp":"2026-06-03 15:05:38"}
{"level":"info","message":"  ✅ Market price refresh job: every 3 hours (+30 min offset)","service":"krushikadhara-api","timestamp":"2026-06-03 15:05:38"}
{"level":"info","message":"  ✅ Government scheme check job: daily at 6:00 AM IST","service":"krushikadhara-api","timestamp":"2026-06-03 15:05:38"}
{"level":"info","message":"==================================================","service":"krushikadhara-api","timestamp":"2026-06-03 15:05:38"}
{"level":"info","message":"🕐 All cron jobs scheduled successfully","service":"krushikadhara-api","timestamp":"2026-06-03 15:05:38"}
{"level":"info","message":"==================================================","service":"krushikadhara-api","timestamp":"2026-06-03 15:05:38"}
{"level":"info","message":"✅ MongoDB Connected: localhost","service":"krushikadhara-api","timestamp":"2026-06-03 15:05:38"}
{"level":"error","message":"Firebase initialization failed: Failed to parse private key: Error: Too few bytes to read ASN.1 value.","service":"krushikadhara-api","timestamp":"2026-06-03 23:18:20"}
{"level":"info","message":"Connecting to MongoDB... (URI set: YES, host: unknown)","service":"krushikadhara-api","timestamp":"2026-06-03 23:18:20"}
{"level":"info","message":"🌾 KrushikaDhara API running in development mode on port 5000","service":"krushikadhara-api","timestamp":"2026-06-03 23:18:20"}
{"level":"info","message":"==================================================","service":"krushikadhara-api","timestamp":"2026-06-03 23:18:20"}
{"level":"info","message":"🕐 Initializing cron job scheduler...","service":"krushikadhara-api","timestamp":"2026-06-03 23:18:20"}
{"level":"info","message":"==================================================","service":"krushikadhara-api","timestamp":"2026-06-03 23:18:20"}
{"level":"info","message":"  ✅ Weather update job: every 3 hours","service":"krushikadhara-api","timestamp":"2026-06-03 23:18:20"}
{"level":"info","message":"  ✅ Market price refresh job: every 3 hours (+30 min offset)","service":"krushikadhara-api","timestamp":"2026-06-03 23:18:20"}
{"level":"info","message":"  ✅ Government scheme check job: daily at 6:00 AM IST","service":"krushikadhara-api","timestamp":"2026-06-03 23:18:20"}
{"level":"info","message":"==================================================","service":"krushikadhara-api","timestamp":"2026-06-03 23:18:20"}
{"level":"info","message":"🕐 All cron jobs scheduled successfully","service":"krushikadhara-api","timestamp":"2026-06-03 23:18:20"}
{"level":"info","message":"==================================================","service":"krushikadhara-api","timestamp":"2026-06-03 23:18:20"}
{"level":"info","message":"✅ MongoDB Connected: localhost","service":"krushikadhara-api","timestamp":"2026-06-03 23:18:20"}
{"level":"error","message":"Farmer validation failed: phoneNumber: Please provide a valid 10-digit Indian phone number","service":"krushikadhara-api","stack":"ValidationError: Farmer validation failed: phoneNumber: Please provide a valid 10-digit Indian phone number\n    at Document.invalidate (X:\\major\\major\\backend_node_api\\node_modules\\mongoose\\lib\\document.js:3381:32)\n    at X:\\major\\major\\backend_node_api\\node_modules\\mongoose\\lib\\document.js:3142:17\n    at X:\\major\\major\\backend_node_api\\node_modules\\mongoose\\lib\\schemaType.js:1446:9\n    at process.processTicksAndRejections (node:internal/process/task_queues:84:11)","timestamp":"2026-06-03 23:36:20","url":"/api/v1/auth/phone-sync"}
{"level":"error","message":"Not authorized — no token provided","service":"krushikadhara-api","stack":"Error: Not authorized — no token provided\n    at X:\\major\\major\\backend_node_api\\src\\middleware\\auth.js:17:15\n    at X:\\major\\major\\backend_node_api\\src\\utils\\helpers.js:17:21\n    at Layer.handle [as handle_request] (X:\\major\\major\\backend_node_api\\node_modules\\express\\lib\\router\\layer.js:95:5)\n    at next (X:\\major\\major\\backend_node_api\\node_modules\\express\\lib\\router\\route.js:149:13)\n    at Route.dispatch (X:\\major\\major\\backend_node_api\\node_modules\\express\\lib\\router\\route.js:119:3)\n    at Layer.handle [as handle_request] (X:\\major\\major\\backend_node_api\\node_modules\\express\\lib\\router\\layer.js:95:5)\n    at X:\\major\\major\\backend_node_api\\node_modules\\express\\lib\\router\\index.js:284:15\n    at router.process_params (X:\\major\\major\\backend_node_api\\node_modules\\express\\lib\\router\\index.js:346:12)\n    at next (X:\\major\\major\\backend_node_api\\node_modules\\express\\lib\\router\\index.js:280:10)\n    at router.handle (X:\\major\\major\\backend_node_api\\node_modules\\express\\lib\\router\\index.js:175:3)","timestamp":"2026-06-03 23:36:42","url":"/api/v1/auth/update-profile"}
{"level":"error","message":"Not authorized — no token provided","service":"krushikadhara-api","stack":"Error: Not authorized — no token provided\n    at X:\\major\\major\\backend_node_api\\src\\middleware\\auth.js:17:15\n    at X:\\major\\major\\backend_node_api\\src\\utils\\helpers.js:17:21\n    at Layer.handle [as handle_request] (X:\\major\\major\\backend_node_api\\node_modules\\express\\lib\\router\\layer.js:95:5)\n    at next (X:\\major\\major\\backend_node_api\\node_modules\\express\\lib\\router\\route.js:149:13)\n    at Route.dispatch (X:\\major\\major\\backend_node_api\\node_modules\\express\\lib\\router\\route.js:119:3)\n    at Layer.handle [as handle_request] (X:\\major\\major\\backend_node_api\\node_modules\\express\\lib\\router\\layer.js:95:5)\n    at X:\\major\\major\\backend_node_api\\node_modules\\express\\lib\\router\\index.js:284:15\n    at router.process_params (X:\\major\\major\\backend_node_api\\node_modules\\express\\lib\\router\\index.js:346:12)\n    at next (X:\\major\\major\\backend_node_api\\node_modules\\express\\lib\\router\\index.js:280:10)\n    at router.handle (X:\\major\\major\\backend_node_api\\node_modules\\express\\lib\\router\\index.js:175:3)","timestamp":"2026-06-03 23:36:43","url":"/api/v1/notifications?"}
{"level":"error","message":"Not authorized — no token provided","service":"krushikadhara-api","stack":"Error: Not authorized — no token provided\n    at X:\\major\\major\\backend_node_api\\src\\middleware\\auth.js:17:15\n    at X:\\major\\major\\backend_node_api\\src\\utils\\helpers.js:17:21\n    at Layer.handle [as handle_request] (X:\\major\\major\\backend_node_api\\node_modules\\express\\lib\\router\\layer.js:95:5)\n    at next (X:\\major\\major\\backend_node_api\\node_modules\\express\\lib\\router\\route.js:149:13)\n    at Route.dispatch (X:\\major\\major\\backend_node_api\\node_modules\\express\\lib\\router\\route.js:119:3)\n    at Layer.handle [as handle_request] (X:\\major\\major\\backend_node_api\\node_modules\\express\\lib\\router\\layer.js:95:5)\n    at X:\\major\\major\\backend_node_api\\node_modules\\express\\lib\\router\\index.js:284:15\n    at router.process_params (X:\\major\\major\\backend_node_api\\node_modules\\express\\lib\\router\\index.js:346:12)\n    at next (X:\\major\\major\\backend_node_api\\node_modules\\express\\lib\\router\\index.js:280:10)\n    at router.handle (X:\\major\\major\\backend_node_api\\node_modules\\express\\lib\\router\\index.js:175:3)","timestamp":"2026-06-03 23:36:43","url":"/api/v1/auth/update-profile"}
{"level":"error","message":"Weather API key not configured. Set WEATHER_API_KEY in .env","service":"krushikadhara-api","stack":"Error: Weather API key not configured. Set WEATHER_API_KEY in .env\n    at X:\\major\\major\\backend_node_api\\src\\controllers\\weatherController.js:110:19\n    at process.processTicksAndRejections (node:internal/process/task_queues:103:5)","timestamp":"2026-06-03 23:36:44","url":"/api/v1/weather/Kundalahalli"}
{"level":"error","message":"Not authorized — no token provided","service":"krushikadhara-api","stack":"Error: Not authorized — no token provided\n    at X:\\major\\major\\backend_node_api\\src\\middleware\\auth.js:17:15\n    at X:\\major\\major\\backend_node_api\\src\\utils\\helpers.js:17:21\n    at Layer.handle [as handle_request] (X:\\major\\major\\backend_node_api\\node_modules\\express\\lib\\router\\layer.js:95:5)\n    at next (X:\\major\\major\\backend_node_api\\node_modules\\express\\lib\\router\\route.js:149:13)\n    at Route.dispatch (X:\\major\\major\\backend_node_api\\node_modules\\express\\lib\\router\\route.js:119:3)\n    at Layer.handle [as handle_request] (X:\\major\\major\\backend_node_api\\node_modules\\express\\lib\\router\\layer.js:95:5)\n    at X:\\major\\major\\backend_node_api\\node_modules\\express\\lib\\router\\index.js:284:15\n    at router.process_params (X:\\major\\major\\backend_node_api\\node_modules\\express\\lib\\router\\index.js:346:12)\n    at next (X:\\major\\major\\backend_node_api\\node_modules\\express\\lib\\router\\index.js:280:10)\n    at router.handle (X:\\major\\major\\backend_node_api\\node_modules\\express\\lib\\router\\index.js:175:3)","timestamp":"2026-06-03 23:37:05","url":"/api/v1/auth/me"}
{"level":"error","message":"Not authorized — no token provided","service":"krushikadhara-api","stack":"Error: Not authorized — no token provided\n    at X:\\major\\major\\backend_node_api\\src\\middleware\\auth.js:17:15\n    at X:\\major\\major\\backend_node_api\\src\\utils\\helpers.js:17:21\n    at Layer.handle [as handle_request] (X:\\major\\major\\backend_node_api\\node_modules\\express\\lib\\router\\layer.js:95:5)\n    at next (X:\\major\\major\\backend_node_api\\node_modules\\express\\lib\\router\\route.js:149:13)\n    at Route.dispatch (X:\\major\\major\\backend_node_api\\node_modules\\express\\lib\\router\\route.js:119:3)\n    at Layer.handle [as handle_request] (X:\\major\\major\\backend_node_api\\node_modules\\express\\lib\\router\\layer.js:95:5)\n    at X:\\major\\major\\backend_node_api\\node_modules\\express\\lib\\router\\index.js:284:15\n    at router.process_params (X:\\major\\major\\backend_node_api\\node_modules\\express\\lib\\router\\index.js:346:12)\n    at next (X:\\major\\major\\backend_node_api\\node_modules\\express\\lib\\router\\index.js:280:10)\n    at router.handle (X:\\major\\major\\backend_node_api\\node_modules\\express\\lib\\router\\index.js:175:3)","timestamp":"2026-06-03 23:37:49","url":"/api/v1/notifications?"}
{"level":"error","message":"Not authorized — no token provided","service":"krushikadhara-api","stack":"Error: Not authorized — no token provided\n    at X:\\major\\major\\backend_node_api\\src\\middleware\\auth.js:17:15\n    at X:\\major\\major\\backend_node_api\\src\\utils\\helpers.js:17:21\n    at Layer.handle [as handle_request] (X:\\major\\major\\backend_node_api\\node_modules\\express\\lib\\router\\layer.js:95:5)\n    at next (X:\\major\\major\\backend_node_api\\node_modules\\express\\lib\\router\\route.js:149:13)\n    at Route.dispatch (X:\\major\\major\\backend_node_api\\node_modules\\express\\lib\\router\\route.js:119:3)\n    at Layer.handle [as handle_request] (X:\\major\\major\\backend_node_api\\node_modules\\express\\lib\\router\\layer.js:95:5)\n    at X:\\major\\major\\backend_node_api\\node_modules\\express\\lib\\router\\index.js:284:15\n    at router.process_params (X:\\major\\major\\backend_node_api\\node_modules\\express\\lib\\router\\index.js:346:12)\n    at next (X:\\major\\major\\backend_node_api\\node_modules\\express\\lib\\router\\index.js:280:10)\n    at router.handle (X:\\major\\major\\backend_node_api\\node_modules\\express\\lib\\router\\index.js:175:3)","timestamp":"2026-06-03 23:38:01","url":"/api/v1/notifications?"}
{"level":"error","message":"Not authorized — no token provided","service":"krushikadhara-api","stack":"Error: Not authorized — no token provided\n    at X:\\major\\major\\backend_node_api\\src\\middleware\\auth.js:17:15\n    at X:\\major\\major\\backend_node_api\\src\\utils\\helpers.js:17:21\n    at Layer.handle [as handle_request] (X:\\major\\major\\backend_node_api\\node_modules\\express\\lib\\router\\layer.js:95:5)\n    at next (X:\\major\\major\\backend_node_api\\node_modules\\express\\lib\\router\\route.js:149:13)\n    at Route.dispatch (X:\\major\\major\\backend_node_api\\node_modules\\express\\lib\\router\\route.js:119:3)\n    at Layer.handle [as handle_request] (X:\\major\\major\\backend_node_api\\node_modules\\express\\lib\\router\\layer.js:95:5)\n    at X:\\major\\major\\backend_node_api\\node_modules\\express\\lib\\router\\index.js:284:15\n    at router.process_params (X:\\major\\major\\backend_node_api\\node_modules\\express\\lib\\router\\index.js:346:12)\n    at next (X:\\major\\major\\backend_node_api\\node_modules\\express\\lib\\router\\index.js:280:10)\n    at router.handle (X:\\major\\major\\backend_node_api\\node_modules\\express\\lib\\router\\index.js:175:3)","timestamp":"2026-06-03 23:38:02","url":"/api/v1/auth/update-profile"}
{"level":"error","message":"Weather API key not configured. Set WEATHER_API_KEY in .env","service":"krushikadhara-api","stack":"Error: Weather API key not configured. Set WEATHER_API_KEY in .env\n    at X:\\major\\major\\backend_node_api\\src\\controllers\\weatherController.js:110:19\n    at process.processTicksAndRejections (node:internal/process/task_queues:103:5)","timestamp":"2026-06-03 23:38:03","url":"/api/v1/weather/Kundalahalli"}
{"level":"error","message":"Not authorized — no token provided","service":"krushikadhara-api","stack":"Error: Not authorized — no token provided\n    at X:\\major\\major\\backend_node_api\\src\\middleware\\auth.js:17:15\n    at X:\\major\\major\\backend_node_api\\src\\utils\\helpers.js:17:21\n    at Layer.handle [as handle_request] (X:\\major\\major\\backend_node_api\\node_modules\\express\\lib\\router\\layer.js:95:5)\n    at next (X:\\major\\major\\backend_node_api\\node_modules\\express\\lib\\router\\route.js:149:13)\n    at Route.dispatch (X:\\major\\major\\backend_node_api\\node_modules\\express\\lib\\router\\route.js:119:3)\n    at Layer.handle [as handle_request] (X:\\major\\major\\backend_node_api\\node_modules\\express\\lib\\router\\layer.js:95:5)\n    at X:\\major\\major\\backend_node_api\\node_modules\\express\\lib\\router\\index.js:284:15\n    at router.process_params (X:\\major\\major\\backend_node_api\\node_modules\\express\\lib\\router\\index.js:346:12)\n    at next (X:\\major\\major\\backend_node_api\\node_modules\\express\\lib\\router\\index.js:280:10)\n    at router.handle (X:\\major\\major\\backend_node_api\\node_modules\\express\\lib\\router\\index.js:175:3)","timestamp":"2026-06-03 23:43:20","url":"/api/v1/notifications?"}
{"level":"error","message":"Not authorized — no token provided","service":"krushikadhara-api","stack":"Error: Not authorized — no token provided\n    at X:\\major\\major\\backend_node_api\\src\\middleware\\auth.js:17:15\n    at X:\\major\\major\\backend_node_api\\src\\utils\\helpers.js:17:21\n    at Layer.handle [as handle_request] (X:\\major\\major\\backend_node_api\\node_modules\\express\\lib\\router\\layer.js:95:5)\n    at next (X:\\major\\major\\backend_node_api\\node_modules\\express\\lib\\router\\route.js:149:13)\n    at Route.dispatch (X:\\major\\major\\backend_node_api\\node_modules\\express\\lib\\router\\route.js:119:3)\n    at Layer.handle [as handle_request] (X:\\major\\major\\backend_node_api\\node_modules\\express\\lib\\router\\layer.js:95:5)\n    at X:\\major\\major\\backend_node_api\\node_modules\\express\\lib\\router\\index.js:284:15\n    at router.process_params (X:\\major\\major\\backend_node_api\\node_modules\\express\\lib\\router\\index.js:346:12)\n    at next (X:\\major\\major\\backend_node_api\\node_modules\\express\\lib\\router\\index.js:280:10)\n    at router.handle (X:\\major\\major\\backend_node_api\\node_modules\\express\\lib\\router\\index.js:175:3)","timestamp":"2026-06-03 23:45:18","url":"/api/v1/notifications?"}
{"level":"error","message":"Not authorized — no token provided","service":"krushikadhara-api","stack":"Error: Not authorized — no token provided\n    at X:\\major\\major\\backend_node_api\\src\\middleware\\auth.js:17:15\n    at X:\\major\\major\\backend_node_api\\src\\utils\\helpers.js:17:21\n    at Layer.handle [as handle_request] (X:\\major\\major\\backend_node_api\\node_modules\\express\\lib\\router\\layer.js:95:5)\n    at next (X:\\major\\major\\backend_node_api\\node_modules\\express\\lib\\router\\route.js:149:13)\n    at Route.dispatch (X:\\major\\major\\backend_node_api\\node_modules\\express\\lib\\router\\route.js:119:3)\n    at Layer.handle [as handle_request] (X:\\major\\major\\backend_node_api\\node_modules\\express\\lib\\router\\layer.js:95:5)\n    at X:\\major\\major\\backend_node_api\\node_modules\\express\\lib\\router\\index.js:284:15\n    at router.process_params (X:\\major\\major\\backend_node_api\\node_modules\\express\\lib\\router\\index.js:346:12)\n    at next (X:\\major\\major\\backend_node_api\\node_modules\\express\\lib\\router\\index.js:280:10)\n    at router.handle (X:\\major\\major\\backend_node_api\\node_modules\\express\\lib\\router\\index.js:175:3)","timestamp":"2026-06-03 23:45:52","url":"/api/v1/notifications?"}
{"level":"error","message":"Not authorized — no token provided","service":"krushikadhara-api","stack":"Error: Not authorized — no token provided\n    at X:\\major\\major\\backend_node_api\\src\\middleware\\auth.js:17:15\n    at X:\\major\\major\\backend_node_api\\src\\utils\\helpers.js:17:21\n    at Layer.handle [as handle_request] (X:\\major\\major\\backend_node_api\\node_modules\\express\\lib\\router\\layer.js:95:5)\n    at next (X:\\major\\major\\backend_node_api\\node_modules\\express\\lib\\router\\route.js:149:13)\n    at Route.dispatch (X:\\major\\major\\backend_node_api\\node_modules\\express\\lib\\router\\route.js:119:3)\n    at Layer.handle [as handle_request] (X:\\major\\major\\backend_node_api\\node_modules\\express\\lib\\router\\layer.js:95:5)\n    at X:\\major\\major\\backend_node_api\\node_modules\\express\\lib\\router\\index.js:284:15\n    at router.process_params (X:\\major\\major\\backend_node_api\\node_modules\\express\\lib\\router\\index.js:346:12)\n    at next (X:\\major\\major\\backend_node_api\\node_modules\\express\\lib\\router\\index.js:280:10)\n    at router.handle (X:\\major\\major\\backend_node_api\\node_modules\\express\\lib\\router\\index.js:175:3)","timestamp":"2026-06-03 23:46:32","url":"/api/v1/notifications?"}
{"level":"error","message":"Not authorized — no token provided","service":"krushikadhara-api","stack":"Error: Not authorized — no token provided\n    at X:\\major\\major\\backend_node_api\\src\\middleware\\auth.js:17:15\n    at X:\\major\\major\\backend_node_api\\src\\utils\\helpers.js:17:21\n    at Layer.handle [as handle_request] (X:\\major\\major\\backend_node_api\\node_modules\\express\\lib\\router\\layer.js:95:5)\n    at next (X:\\major\\major\\backend_node_api\\node_modules\\express\\lib\\router\\route.js:149:13)\n    at Route.dispatch (X:\\major\\major\\backend_node_api\\node_modules\\express\\lib\\router\\route.js:119:3)\n    at Layer.handle [as handle_request] (X:\\major\\major\\backend_node_api\\node_modules\\express\\lib\\router\\layer.js:95:5)\n    at X:\\major\\major\\backend_node_api\\node_modules\\express\\lib\\router\\index.js:284:15\n    at router.process_params (X:\\major\\major\\backend_node_api\\node_modules\\express\\lib\\router\\index.js:346:12)\n    at next (X:\\major\\major\\backend_node_api\\node_modules\\express\\lib\\router\\index.js:280:10)\n    at router.handle (X:\\major\\major\\backend_node_api\\node_modules\\express\\lib\\router\\index.js:175:3)","timestamp":"2026-06-03 23:47:13","url":"/api/v1/notifications?"}
{"level":"error","message":"Not authorized — no token provided","service":"krushikadhara-api","stack":"Error: Not authorized — no token provided\n    at X:\\major\\major\\backend_node_api\\src\\middleware\\auth.js:17:15\n    at X:\\major\\major\\backend_node_api\\src\\utils\\helpers.js:17:21\n    at Layer.handle [as handle_request] (X:\\major\\major\\backend_node_api\\node_modules\\express\\lib\\router\\layer.js:95:5)\n    at next (X:\\major\\major\\backend_node_api\\node_modules\\express\\lib\\router\\route.js:149:13)\n    at Route.dispatch (X:\\major\\major\\backend_node_api\\node_modules\\express\\lib\\router\\route.js:119:3)\n    at Layer.handle [as handle_request] (X:\\major\\major\\backend_node_api\\node_modules\\express\\lib\\router\\layer.js:95:5)\n    at X:\\major\\major\\backend_node_api\\node_modules\\express\\lib\\router\\index.js:284:15\n    at router.process_params (X:\\major\\major\\backend_node_api\\node_modules\\express\\lib\\router\\index.js:346:12)\n    at next (X:\\major\\major\\backend_node_api\\node_modules\\express\\lib\\router\\index.js:280:10)\n    at router.handle (X:\\major\\major\\backend_node_api\\node_modules\\express\\lib\\router\\index.js:175:3)","timestamp":"2026-06-03 23:48:25","url":"/api/v1/notifications?"}
{"level":"info","message":"[CRON] Starting weather data update...","service":"krushikadhara-api","timestamp":"2026-06-04 00:00:00"}
{"level":"error","message":"[CRON] Weather fetch failed for Bangalore: Request failed with status code 401","service":"krushikadhara-api","timestamp":"2026-06-04 00:00:00"}
{"level":"error","message":"[CRON] Weather fetch failed for Mysore: Request failed with status code 401","service":"krushikadhara-api","timestamp":"2026-06-04 00:00:00"}
{"level":"error","message":"[CRON] Weather fetch failed for Hubli: Request failed with status code 401","service":"krushikadhara-api","timestamp":"2026-06-04 00:00:00"}
{"level":"error","message":"[CRON] Weather fetch failed for Belgaum: Request failed with status code 401","service":"krushikadhara-api","timestamp":"2026-06-04 00:00:00"}
{"level":"error","message":"[CRON] Weather fetch failed for Mangalore: Request failed with status code 401","service":"krushikadhara-api","timestamp":"2026-06-04 00:00:00"}
{"level":"error","message":"[CRON] Weather fetch failed for Davangere: Request failed with status code 401","service":"krushikadhara-api","timestamp":"2026-06-04 00:00:01"}
{"level":"error","message":"[CRON] Weather fetch failed for Bellary: Request failed with status code 401","service":"krushikadhara-api","timestamp":"2026-06-04 00:00:01"}
{"level":"error","message":"[CRON] Weather fetch failed for Shimoga: Request failed with status code 401","service":"krushikadhara-api","timestamp":"2026-06-04 00:00:01"}
{"level":"error","message":"[CRON] Weather fetch failed for Mandya: Request failed with status code 401","service":"krushikadhara-api","timestamp":"2026-06-04 00:00:01"}
{"level":"error","message":"[CRON] Weather fetch failed for Hassan: Request failed with status code 401","service":"krushikadhara-api","timestamp":"2026-06-04 00:00:01"}
{"level":"error","message":"[CRON] Weather fetch failed for Tumkur: Request failed with status code 401","service":"krushikadhara-api","timestamp":"2026-06-04 00:00:01"}
{"level":"error","message":"[CRON] Weather fetch failed for Raichur: Request failed with status code 401","service":"krushikadhara-api","timestamp":"2026-06-04 00:00:01"}
{"level":"info","message":"[CRON] Weather update complete: 0/12 locations, 0 alerts sent","service":"krushikadhara-api","timestamp":"2026-06-04 00:00:01"}
{"level":"error","message":"Not authorized — no token provided","service":"krushikadhara-api","stack":"Error: Not authorized — no token provided\n    at X:\\major\\major\\backend_node_api\\src\\middleware\\auth.js:17:15\n    at X:\\major\\major\\backend_node_api\\src\\utils\\helpers.js:17:21\n    at Layer.handle [as handle_request] (X:\\major\\major\\backend_node_api\\node_modules\\express\\lib\\router\\layer.js:95:5)\n    at next (X:\\major\\major\\backend_node_api\\node_modules\\express\\lib\\router\\route.js:149:13)\n    at Route.dispatch (X:\\major\\major\\backend_node_api\\node_modules\\express\\lib\\router\\route.js:119:3)\n    at Layer.handle [as handle_request] (X:\\major\\major\\backend_node_api\\node_modules\\express\\lib\\router\\layer.js:95:5)\n    at X:\\major\\major\\backend_node_api\\node_modules\\express\\lib\\router\\index.js:284:15\n    at router.process_params (X:\\major\\major\\backend_node_api\\node_modules\\express\\lib\\router\\index.js:346:12)\n    at next (X:\\major\\major\\backend_node_api\\node_modules\\express\\lib\\router\\index.js:280:10)\n    at router.handle (X:\\major\\major\\backend_node_api\\node_modules\\express\\lib\\router\\index.js:175:3)","timestamp":"2026-06-04 00:03:38","url":"/api/v1/notifications?"}
{"level":"error","message":"Not authorized — no token provided","service":"krushikadhara-api","stack":"Error: Not authorized — no token provided\n    at X:\\major\\major\\backend_node_api\\src\\middleware\\auth.js:17:15\n    at X:\\major\\major\\backend_node_api\\src\\utils\\helpers.js:17:21\n    at Layer.handle [as handle_request] (X:\\major\\major\\backend_node_api\\node_modules\\express\\lib\\router\\layer.js:95:5)\n    at next (X:\\major\\major\\backend_node_api\\node_modules\\express\\lib\\router\\route.js:149:13)\n    at Route.dispatch (X:\\major\\major\\backend_node_api\\node_modules\\express\\lib\\router\\route.js:119:3)\n    at Layer.handle [as handle_request] (X:\\major\\major\\backend_node_api\\node_modules\\express\\lib\\router\\layer.js:95:5)\n    at X:\\major\\major\\backend_node_api\\node_modules\\express\\lib\\router\\index.js:284:15\n    at router.process_params (X:\\major\\major\\backend_node_api\\node_modules\\express\\lib\\router\\index.js:346:12)\n    at next (X:\\major\\major\\backend_node_api\\node_modules\\express\\lib\\router\\index.js:280:10)\n    at router.handle (X:\\major\\major\\backend_node_api\\node_modules\\express\\lib\\router\\index.js:175:3)","timestamp":"2026-06-04 00:03:57","url":"/api/v1/notifications?"}
{"level":"error","message":"Not authorized — no token provided","service":"krushikadhara-api","stack":"Error: Not authorized — no token provided\n    at X:\\major\\major\\backend_node_api\\src\\middleware\\auth.js:17:15\n    at X:\\major\\major\\backend_node_api\\src\\utils\\helpers.js:17:21\n    at Layer.handle [as handle_request] (X:\\major\\major\\backend_node_api\\node_modules\\express\\lib\\router\\layer.js:95:5)\n    at next (X:\\major\\major\\backend_node_api\\node_modules\\express\\lib\\router\\route.js:149:13)\n    at Route.dispatch (X:\\major\\major\\backend_node_api\\node_modules\\express\\lib\\router\\route.js:119:3)\n    at Layer.handle [as handle_request] (X:\\major\\major\\backend_node_api\\node_modules\\express\\lib\\router\\layer.js:95:5)\n    at X:\\major\\major\\backend_node_api\\node_modules\\express\\lib\\router\\index.js:284:15\n    at router.process_params (X:\\major\\major\\backend_node_api\\node_modules\\express\\lib\\router\\index.js:346:12)\n    at next (X:\\major\\major\\backend_node_api\\node_modules\\express\\lib\\router\\index.js:280:10)\n    at router.handle (X:\\major\\major\\backend_node_api\\node_modules\\express\\lib\\router\\index.js:175:3)","timestamp":"2026-06-04 00:22:29","url":"/api/v1/notifications?"}
{"level":"error","message":"Please provide phone number","service":"krushikadhara-api","stack":"Error: Please provide phone number\n    at X:\\major\\major\\backend_node_api\\src\\controllers\\authController.js:92:15\n    at X:\\major\\major\\backend_node_api\\src\\utils\\helpers.js:17:21\n    at Layer.handle [as handle_request] (X:\\major\\major\\backend_node_api\\node_modules\\express\\lib\\router\\layer.js:95:5)\n    at next (X:\\major\\major\\backend_node_api\\node_modules\\express\\lib\\router\\route.js:149:13)\n    at Route.dispatch (X:\\major\\major\\backend_node_api\\node_modules\\express\\lib\\router\\route.js:119:3)\n    at Layer.handle [as handle_request] (X:\\major\\major\\backend_node_api\\node_modules\\express\\lib\\router\\layer.js:95:5)\n    at X:\\major\\major\\backend_node_api\\node_modules\\express\\lib\\router\\index.js:284:15\n    at router.process_params (X:\\major\\major\\backend_node_api\\node_modules\\express\\lib\\router\\index.js:346:12)\n    at next (X:\\major\\major\\backend_node_api\\node_modules\\express\\lib\\router\\index.js:280:10)\n    at router.handle (X:\\major\\major\\backend_node_api\\node_modules\\express\\lib\\router\\index.js:175:3)","timestamp":"2026-06-04 00:22:44","url":"/api/v1/auth/phone-sync"}
{"level":"error","message":"Not authorized — no token provided","service":"krushikadhara-api","stack":"Error: Not authorized — no token provided\n    at X:\\major\\major\\backend_node_api\\src\\middleware\\auth.js:17:15\n    at X:\\major\\major\\backend_node_api\\src\\utils\\helpers.js:17:21\n    at Layer.handle [as handle_request] (X:\\major\\major\\backend_node_api\\node_modules\\express\\lib\\router\\layer.js:95:5)\n    at next (X:\\major\\major\\backend_node_api\\node_modules\\express\\lib\\router\\route.js:149:13)\n    at Route.dispatch (X:\\major\\major\\backend_node_api\\node_modules\\express\\lib\\router\\route.js:119:3)\n    at Layer.handle [as handle_request] (X:\\major\\major\\backend_node_api\\node_modules\\express\\lib\\router\\layer.js:95:5)\n    at X:\\major\\major\\backend_node_api\\node_modules\\express\\lib\\router\\index.js:284:15\n    at router.process_params (X:\\major\\major\\backend_node_api\\node_modules\\express\\lib\\router\\index.js:346:12)\n    at next (X:\\major\\major\\backend_node_api\\node_modules\\express\\lib\\router\\index.js:280:10)\n    at router.handle (X:\\major\\major\\backend_node_api\\node_modules\\express\\lib\\router\\index.js:175:3)","timestamp":"2026-06-04 00:22:51","url":"/api/v1/auth/update-profile"}
{"level":"error","message":"Not authorized — no token provided","service":"krushikadhara-api","stack":"Error: Not authorized — no token provided\n    at X:\\major\\major\\backend_node_api\\src\\middleware\\auth.js:17:15\n    at X:\\major\\major\\backend_node_api\\src\\utils\\helpers.js:17:21\n    at Layer.handle [as handle_request] (X:\\major\\major\\backend_node_api\\node_modules\\express\\lib\\router\\layer.js:95:5)\n    at next (X:\\major\\major\\backend_node_api\\node_modules\\express\\lib\\router\\route.js:149:13)\n    at Route.dispatch (X:\\major\\major\\backend_node_api\\node_modules\\express\\lib\\router\\route.js:119:3)\n    at Layer.handle [as handle_request] (X:\\major\\major\\backend_node_api\\node_modules\\express\\lib\\router\\layer.js:95:5)\n    at X:\\major\\major\\backend_node_api\\node_modules\\express\\lib\\router\\index.js:284:15\n    at router.process_params (X:\\major\\major\\backend_node_api\\node_modules\\express\\lib\\router\\index.js:346:12)\n    at next (X:\\major\\major\\backend_node_api\\node_modules\\express\\lib\\router\\index.js:280:10)\n    at router.handle (X:\\major\\major\\backend_node_api\\node_modules\\express\\lib\\router\\index.js:175:3)","timestamp":"2026-06-04 00:22:51","url":"/api/v1/notifications?"}
{"level":"error","message":"Not authorized — no token provided","service":"krushikadhara-api","stack":"Error: Not authorized — no token provided\n    at X:\\major\\major\\backend_node_api\\src\\middleware\\auth.js:17:15\n    at X:\\major\\major\\backend_node_api\\src\\utils\\helpers.js:17:21\n    at Layer.handle [as handle_request] (X:\\major\\major\\backend_node_api\\node_modules\\express\\lib\\router\\layer.js:95:5)\n    at next (X:\\major\\major\\backend_node_api\\node_modules\\express\\lib\\router\\route.js:149:13)\n    at Route.dispatch (X:\\major\\major\\backend_node_api\\node_modules\\express\\lib\\router\\route.js:119:3)\n    at Layer.handle [as handle_request] (X:\\major\\major\\backend_node_api\\node_modules\\express\\lib\\router\\layer.js:95:5)\n    at X:\\major\\major\\backend_node_api\\node_modules\\express\\lib\\router\\index.js:284:15\n    at router.process_params (X:\\major\\major\\backend_node_api\\node_modules\\express\\lib\\router\\index.js:346:12)\n    at next (X:\\major\\major\\backend_node_api\\node_modules\\express\\lib\\router\\index.js:280:10)\n    at router.handle (X:\\major\\major\\backend_node_api\\node_modules\\express\\lib\\router\\index.js:175:3)","timestamp":"2026-06-04 00:22:52","url":"/api/v1/auth/update-profile"}
{"level":"error","message":"Weather API key not configured. Set WEATHER_API_KEY in .env","service":"krushikadhara-api","stack":"Error: Weather API key not configured. Set WEATHER_API_KEY in .env\n    at X:\\major\\major\\backend_node_api\\src\\controllers\\weatherController.js:110:19\n    at process.processTicksAndRejections (node:internal/process/task_queues:103:5)","timestamp":"2026-06-04 00:22:52","url":"/api/v1/weather/Kundalahalli"}
{"level":"error","message":"Not authorized — no token provided","service":"krushikadhara-api","stack":"Error: Not authorized — no token provided\n    at X:\\major\\major\\backend_node_api\\src\\middleware\\auth.js:17:15\n    at X:\\major\\major\\backend_node_api\\src\\utils\\helpers.js:17:21\n    at Layer.handle [as handle_request] (X:\\major\\major\\backend_node_api\\node_modules\\express\\lib\\router\\layer.js:95:5)\n    at next (X:\\major\\major\\backend_node_api\\node_modules\\express\\lib\\router\\route.js:149:13)\n    at Route.dispatch (X:\\major\\major\\backend_node_api\\node_modules\\express\\lib\\router\\route.js:119:3)\n    at Layer.handle [as handle_request] (X:\\major\\major\\backend_node_api\\node_modules\\express\\lib\\router\\layer.js:95:5)\n    at X:\\major\\major\\backend_node_api\\node_modules\\express\\lib\\router\\index.js:284:15\n    at router.process_params (X:\\major\\major\\backend_node_api\\node_modules\\express\\lib\\router\\index.js:346:12)\n    at next (X:\\major\\major\\backend_node_api\\node_modules\\express\\lib\\router\\index.js:280:10)\n    at router.handle (X:\\major\\major\\backend_node_api\\node_modules\\express\\lib\\router\\index.js:175:3)","timestamp":"2026-06-04 00:22:54","url":"/api/v1/auth/me"}
{"level":"error","message":"Firebase initialization failed: Failed to parse private key: Error: Too few bytes to read ASN.1 value.","service":"krushikadhara-api","timestamp":"2026-06-04 00:28:44"}
{"level":"info","message":"Connecting to MongoDB... (URI set: YES, host: unknown)","service":"krushikadhara-api","timestamp":"2026-06-04 00:28:44"}
{"level":"info","message":"🌾 KrushikaDhara API running in development mode on port 5000","service":"krushikadhara-api","timestamp":"2026-06-04 00:28:44"}
{"level":"info","message":"==================================================","service":"krushikadhara-api","timestamp":"2026-06-04 00:28:44"}
{"level":"info","message":"🕐 Initializing cron job scheduler...","service":"krushikadhara-api","timestamp":"2026-06-04 00:28:44"}
{"level":"info","message":"==================================================","service":"krushikadhara-api","timestamp":"2026-06-04 00:28:44"}
{"level":"info","message":"  ✅ Weather update job: every 3 hours","service":"krushikadhara-api","timestamp":"2026-06-04 00:28:44"}
{"level":"info","message":"  ✅ Market price refresh job: every 3 hours (+30 min offset)","service":"krushikadhara-api","timestamp":"2026-06-04 00:28:44"}
{"level":"info","message":"  ✅ Government scheme check job: daily at 6:00 AM IST","service":"krushikadhara-api","timestamp":"2026-06-04 00:28:44"}
{"level":"info","message":"==================================================","service":"krushikadhara-api","timestamp":"2026-06-04 00:28:44"}
{"level":"info","message":"🕐 All cron jobs scheduled successfully","service":"krushikadhara-api","timestamp":"2026-06-04 00:28:44"}
{"level":"info","message":"==================================================","service":"krushikadhara-api","timestamp":"2026-06-04 00:28:44"}
{"level":"info","message":"✅ MongoDB Connected: localhost","service":"krushikadhara-api","timestamp":"2026-06-04 00:28:45"}
{"level":"info","message":"[CRON] Starting market price refresh...","service":"krushikadhara-api","timestamp":"2026-06-04 00:30:00"}
{"level":"error","message":"Market API fetch failed: Request failed with status code 403","service":"krushikadhara-api","timestamp":"2026-06-04 00:30:02"}
{"level":"info","message":"[CRON] Market prices refreshed: 0 records (source: error)","service":"krushikadhara-api","timestamp":"2026-06-04 00:30:02"}
{"level":"error","message":"Not authorized — no token provided","service":"krushikadhara-api","stack":"Error: Not authorized — no token provided\n    at X:\\major\\major\\backend_node_api\\src\\middleware\\auth.js:17:15\n    at X:\\major\\major\\backend_node_api\\src\\utils\\helpers.js:17:21\n    at Layer.handle [as handle_request] (X:\\major\\major\\backend_node_api\\node_modules\\express\\lib\\router\\layer.js:95:5)\n    at next (X:\\major\\major\\backend_node_api\\node_modules\\express\\lib\\router\\route.js:149:13)\n    at Route.dispatch (X:\\major\\major\\backend_node_api\\node_modules\\express\\lib\\router\\route.js:119:3)\n    at Layer.handle [as handle_request] (X:\\major\\major\\backend_node_api\\node_modules\\express\\lib\\router\\layer.js:95:5)\n    at X:\\major\\major\\backend_node_api\\node_modules\\express\\lib\\router\\index.js:284:15\n    at router.process_params (X:\\major\\major\\backend_node_api\\node_modules\\express\\lib\\router\\index.js:346:12)\n    at next (X:\\major\\major\\backend_node_api\\node_modules\\express\\lib\\router\\index.js:280:10)\n    at router.handle (X:\\major\\major\\backend_node_api\\node_modules\\express\\lib\\router\\index.js:175:3)","timestamp":"2026-06-04 00:31:18","url":"/api/v1/notifications?"}
{"level":"error","message":"Please provide phone number","service":"krushikadhara-api","stack":"Error: Please provide phone number\n    at X:\\major\\major\\backend_node_api\\src\\controllers\\authController.js:92:15\n    at X:\\major\\major\\backend_node_api\\src\\utils\\helpers.js:17:21\n    at Layer.handle [as handle_request] (X:\\major\\major\\backend_node_api\\node_modules\\express\\lib\\router\\layer.js:95:5)\n    at next (X:\\major\\major\\backend_node_api\\node_modules\\express\\lib\\router\\route.js:149:13)\n    at Route.dispatch (X:\\major\\major\\backend_node_api\\node_modules\\express\\lib\\router\\route.js:119:3)\n    at Layer.handle [as handle_request] (X:\\major\\major\\backend_node_api\\node_modules\\express\\lib\\router\\layer.js:95:5)\n    at X:\\major\\major\\backend_node_api\\node_modules\\express\\lib\\router\\index.js:284:15\n    at router.process_params (X:\\major\\major\\backend_node_api\\node_modules\\express\\lib\\router\\index.js:346:12)\n    at next (X:\\major\\major\\backend_node_api\\node_modules\\express\\lib\\router\\index.js:280:10)\n    at router.handle (X:\\major\\major\\backend_node_api\\node_modules\\express\\lib\\router\\index.js:175:3)","timestamp":"2026-06-04 00:31:19","url":"/api/v1/auth/phone-sync"}
{"level":"error","message":"Not authorized — no token provided","service":"krushikadhara-api","stack":"Error: Not authorized — no token provided\n    at X:\\major\\major\\backend_node_api\\src\\middleware\\auth.js:17:15\n    at X:\\major\\major\\backend_node_api\\src\\utils\\helpers.js:17:21\n    at Layer.handle [as handle_request] (X:\\major\\major\\backend_node_api\\node_modules\\express\\lib\\router\\layer.js:95:5)\n    at next (X:\\major\\major\\backend_node_api\\node_modules\\express\\lib\\router\\route.js:149:13)\n    at Route.dispatch (X:\\major\\major\\backend_node_api\\node_modules\\express\\lib\\router\\route.js:119:3)\n    at Layer.handle [as handle_request] (X:\\major\\major\\backend_node_api\\node_modules\\express\\lib\\router\\layer.js:95:5)\n    at X:\\major\\major\\backend_node_api\\node_modules\\express\\lib\\router\\index.js:284:15\n    at router.process_params (X:\\major\\major\\backend_node_api\\node_modules\\express\\lib\\router\\index.js:346:12)\n    at next (X:\\major\\major\\backend_node_api\\node_modules\\express\\lib\\router\\index.js:280:10)\n    at router.handle (X:\\major\\major\\backend_node_api\\node_modules\\express\\lib\\router\\index.js:175:3)","timestamp":"2026-06-04 00:31:27","url":"/api/v1/auth/update-profile"}
{"level":"error","message":"Not authorized — no token provided","service":"krushikadhara-api","stack":"Error: Not authorized — no token provided\n    at X:\\major\\major\\backend_node_api\\src\\middleware\\auth.js:17:15\n    at X:\\major\\major\\backend_node_api\\src\\utils\\helpers.js:17:21\n    at Layer.handle [as handle_request] (X:\\major\\major\\backend_node_api\\node_modules\\express\\lib\\router\\layer.js:95:5)\n    at next (X:\\major\\major\\backend_node_api\\node_modules\\express\\lib\\router\\route.js:149:13)\n    at Route.dispatch (X:\\major\\major\\backend_node_api\\node_modules\\express\\lib\\router\\route.js:119:3)\n    at Layer.handle [as handle_request] (X:\\major\\major\\backend_node_api\\node_modules\\express\\lib\\router\\layer.js:95:5)\n    at X:\\major\\major\\backend_node_api\\node_modules\\express\\lib\\router\\index.js:284:15\n    at router.process_params (X:\\major\\major\\backend_node_api\\node_modules\\express\\lib\\router\\index.js:346:12)\n    at next (X:\\major\\major\\backend_node_api\\node_modules\\express\\lib\\router\\index.js:280:10)\n    at router.handle (X:\\major\\major\\backend_node_api\\node_modules\\express\\lib\\router\\index.js:175:3)","timestamp":"2026-06-04 00:31:28","url":"/api/v1/auth/update-profile"}
{"level":"error","message":"Weather API key not configured. Set WEATHER_API_KEY in .env","service":"krushikadhara-api","stack":"Error: Weather API key not configured. Set WEATHER_API_KEY in .env\n    at X:\\major\\major\\backend_node_api\\src\\controllers\\weatherController.js:110:19\n    at process.processTicksAndRejections (node:internal/process/task_queues:103:5)","timestamp":"2026-06-04 00:31:29","url":"/api/v1/weather/Kundalahalli"}
{"level":"error","message":"Not authorized — no token provided","service":"krushikadhara-api","stack":"Error: Not authorized — no token provided\n    at X:\\major\\major\\backend_node_api\\src\\middleware\\auth.js:17:15\n    at X:\\major\\major\\backend_node_api\\src\\utils\\helpers.js:17:21\n    at Layer.handle [as handle_request] (X:\\major\\major\\backend_node_api\\node_modules\\express\\lib\\router\\layer.js:95:5)\n    at next (X:\\major\\major\\backend_node_api\\node_modules\\express\\lib\\router\\route.js:149:13)\n    at Route.dispatch (X:\\major\\major\\backend_node_api\\node_modules\\express\\lib\\router\\route.js:119:3)\n    at Layer.handle [as handle_request] (X:\\major\\major\\backend_node_api\\node_modules\\express\\lib\\router\\layer.js:95:5)\n    at X:\\major\\major\\backend_node_api\\node_modules\\express\\lib\\router\\index.js:284:15\n    at router.process_params (X:\\major\\major\\backend_node_api\\node_modules\\express\\lib\\router\\index.js:346:12)\n    at next (X:\\major\\major\\backend_node_api\\node_modules\\express\\lib\\router\\index.js:280:10)\n    at router.handle (X:\\major\\major\\backend_node_api\\node_modules\\express\\lib\\router\\index.js:175:3)","timestamp":"2026-06-04 00:31:33","url":"/api/v1/auth/me"}
{"level":"error","message":"Not authorized — no token provided","service":"krushikadhara-api","stack":"Error: Not authorized — no token provided\n    at X:\\major\\major\\backend_node_api\\src\\middleware\\auth.js:17:15\n    at X:\\major\\major\\backend_node_api\\src\\utils\\helpers.js:17:21\n    at Layer.handle [as handle_request] (X:\\major\\major\\backend_node_api\\node_modules\\express\\lib\\router\\layer.js:95:5)\n    at next (X:\\major\\major\\backend_node_api\\node_modules\\express\\lib\\router\\route.js:149:13)\n    at Route.dispatch (X:\\major\\major\\backend_node_api\\node_modules\\express\\lib\\router\\route.js:119:3)\n    at Layer.handle [as handle_request] (X:\\major\\major\\backend_node_api\\node_modules\\express\\lib\\router\\layer.js:95:5)\n    at X:\\major\\major\\backend_node_api\\node_modules\\express\\lib\\router\\index.js:284:15\n    at router.process_params (X:\\major\\major\\backend_node_api\\node_modules\\express\\lib\\router\\index.js:346:12)\n    at next (X:\\major\\major\\backend_node_api\\node_modules\\express\\lib\\router\\index.js:280:10)\n    at router.handle (X:\\major\\major\\backend_node_api\\node_modules\\express\\lib\\router\\index.js:175:3)","timestamp":"2026-06-04 00:31:36","url":"/api/v1/auth/update-profile"}
{"level":"error","message":"Weather API key not configured. Set WEATHER_API_KEY in .env","service":"krushikadhara-api","stack":"Error: Weather API key not configured. Set WEATHER_API_KEY in .env\n    at X:\\major\\major\\backend_node_api\\src\\controllers\\weatherController.js:110:19\n    at process.processTicksAndRejections (node:internal/process/task_queues:103:5)","timestamp":"2026-06-04 00:31:37","url":"/api/v1/weather/Kundalahalli"}
{"level":"error","message":"Not authorized — no token provided","service":"krushikadhara-api","stack":"Error: Not authorized — no token provided\n    at X:\\major\\major\\backend_node_api\\src\\middleware\\auth.js:17:15\n    at X:\\major\\major\\backend_node_api\\src\\utils\\helpers.js:17:21\n    at Layer.handle [as handle_request] (X:\\major\\major\\backend_node_api\\node_modules\\express\\lib\\router\\layer.js:95:5)\n    at next (X:\\major\\major\\backend_node_api\\node_modules\\express\\lib\\router\\route.js:149:13)\n    at Route.dispatch (X:\\major\\major\\backend_node_api\\node_modules\\express\\lib\\router\\route.js:119:3)\n    at Layer.handle [as handle_request] (X:\\major\\major\\backend_node_api\\node_modules\\express\\lib\\router\\layer.js:95:5)\n    at X:\\major\\major\\backend_node_api\\node_modules\\express\\lib\\router\\index.js:284:15\n    at router.process_params (X:\\major\\major\\backend_node_api\\node_modules\\express\\lib\\router\\index.js:346:12)\n    at next (X:\\major\\major\\backend_node_api\\node_modules\\express\\lib\\router\\index.js:280:10)\n    at router.handle (X:\\major\\major\\backend_node_api\\node_modules\\express\\lib\\router\\index.js:175:3)","timestamp":"2026-06-04 00:31:37","url":"/api/v1/auth/me"}
{"level":"error","message":"Please provide phone number","service":"krushikadhara-api","stack":"Error: Please provide phone number\n    at X:\\major\\major\\backend_node_api\\src\\controllers\\authController.js:92:15\n    at X:\\major\\major\\backend_node_api\\src\\utils\\helpers.js:17:21\n    at Layer.handle [as handle_request] (X:\\major\\major\\backend_node_api\\node_modules\\express\\lib\\router\\layer.js:95:5)\n    at next (X:\\major\\major\\backend_node_api\\node_modules\\express\\lib\\router\\route.js:149:13)\n    at Route.dispatch (X:\\major\\major\\backend_node_api\\node_modules\\express\\lib\\router\\route.js:119:3)\n    at Layer.handle [as handle_request] (X:\\major\\major\\backend_node_api\\node_modules\\express\\lib\\router\\layer.js:95:5)\n    at X:\\major\\major\\backend_node_api\\node_modules\\express\\lib\\router\\index.js:284:15\n    at router.process_params (X:\\major\\major\\backend_node_api\\node_modules\\express\\lib\\router\\index.js:346:12)\n    at next (X:\\major\\major\\backend_node_api\\node_modules\\express\\lib\\router\\index.js:280:10)\n    at router.handle (X:\\major\\major\\backend_node_api\\node_modules\\express\\lib\\router\\index.js:175:3)","timestamp":"2026-06-04 00:31:45","url":"/api/v1/auth/phone-sync"}
{"level":"error","message":"Not authorized — no token provided","service":"krushikadhara-api","stack":"Error: Not authorized — no token provided\n    at X:\\major\\major\\backend_node_api\\src\\middleware\\auth.js:17:15\n    at X:\\major\\major\\backend_node_api\\src\\utils\\helpers.js:17:21\n    at Layer.handle [as handle_request] (X:\\major\\major\\backend_node_api\\node_modules\\express\\lib\\router\\layer.js:95:5)\n    at next (X:\\major\\major\\backend_node_api\\node_modules\\express\\lib\\router\\route.js:149:13)\n    at Route.dispatch (X:\\major\\major\\backend_node_api\\node_modules\\express\\lib\\router\\route.js:119:3)\n    at Layer.handle [as handle_request] (X:\\major\\major\\backend_node_api\\node_modules\\express\\lib\\router\\layer.js:95:5)\n    at X:\\major\\major\\backend_node_api\\node_modules\\express\\lib\\router\\index.js:284:15\n    at router.process_params (X:\\major\\major\\backend_node_api\\node_modules\\express\\lib\\router\\index.js:346:12)\n    at next (X:\\major\\major\\backend_node_api\\node_modules\\express\\lib\\router\\index.js:280:10)\n    at router.handle (X:\\major\\major\\backend_node_api\\node_modules\\express\\lib\\router\\index.js:175:3)","timestamp":"2026-06-04 00:31:49","url":"/api/v1/auth/update-profile"}
{"level":"error","message":"Not authorized — no token provided","service":"krushikadhara-api","stack":"Error: Not authorized — no token provided\n    at X:\\major\\major\\backend_node_api\\src\\middleware\\auth.js:17:15\n    at X:\\major\\major\\backend_node_api\\src\\utils\\helpers.js:17:21\n    at Layer.handle [as handle_request] (X:\\major\\major\\backend_node_api\\node_modules\\express\\lib\\router\\layer.js:95:5)\n    at next (X:\\major\\major\\backend_node_api\\node_modules\\express\\lib\\router\\route.js:149:13)\n    at Route.dispatch (X:\\major\\major\\backend_node_api\\node_modules\\express\\lib\\router\\route.js:119:3)\n    at Layer.handle [as handle_request] (X:\\major\\major\\backend_node_api\\node_modules\\express\\lib\\router\\layer.js:95:5)\n    at X:\\major\\major\\backend_node_api\\node_modules\\express\\lib\\router\\index.js:284:15\n    at router.process_params (X:\\major\\major\\backend_node_api\\node_modules\\express\\lib\\router\\index.js:346:12)\n    at next (X:\\major\\major\\backend_node_api\\node_modules\\express\\lib\\router\\index.js:280:10)\n    at router.handle (X:\\major\\major\\backend_node_api\\node_modules\\express\\lib\\router\\index.js:175:3)","timestamp":"2026-06-04 00:31:49","url":"/api/v1/notifications?"}
{"level":"error","message":"Not authorized — no token provided","service":"krushikadhara-api","stack":"Error: Not authorized — no token provided\n    at X:\\major\\major\\backend_node_api\\src\\middleware\\auth.js:17:15\n    at X:\\major\\major\\backend_node_api\\src\\utils\\helpers.js:17:21\n    at Layer.handle [as handle_request] (X:\\major\\major\\backend_node_api\\node_modules\\express\\lib\\router\\layer.js:95:5)\n    at next (X:\\major\\major\\backend_node_api\\node_modules\\express\\lib\\router\\route.js:149:13)\n    at Route.dispatch (X:\\major\\major\\backend_node_api\\node_modules\\express\\lib\\router\\route.js:119:3)\n    at Layer.handle [as handle_request] (X:\\major\\major\\backend_node_api\\node_modules\\express\\lib\\router\\layer.js:95:5)\n    at X:\\major\\major\\backend_node_api\\node_modules\\express\\lib\\router\\index.js:284:15\n    at router.process_params (X:\\major\\major\\backend_node_api\\node_modules\\express\\lib\\router\\index.js:346:12)\n    at next (X:\\major\\major\\backend_node_api\\node_modules\\express\\lib\\router\\index.js:280:10)\n    at router.handle (X:\\major\\major\\backend_node_api\\node_modules\\express\\lib\\router\\index.js:175:3)","timestamp":"2026-06-04 00:31:50","url":"/api/v1/auth/update-profile"}
{"level":"error","message":"Weather API key not configured. Set WEATHER_API_KEY in .env","service":"krushikadhara-api","stack":"Error: Weather API key not configured. Set WEATHER_API_KEY in .env\n    at X:\\major\\major\\backend_node_api\\src\\controllers\\weatherController.js:110:19\n    at process.processTicksAndRejections (node:internal/process/task_queues:103:5)","timestamp":"2026-06-04 00:31:50","url":"/api/v1/weather/Kundalahalli"}
{"level":"error","message":"Not authorized — no token provided","service":"krushikadhara-api","stack":"Error: Not authorized — no token provided\n    at X:\\major\\major\\backend_node_api\\src\\middleware\\auth.js:17:15\n    at X:\\major\\major\\backend_node_api\\src\\utils\\helpers.js:17:21\n    at Layer.handle [as handle_request] (X:\\major\\major\\backend_node_api\\node_modules\\express\\lib\\router\\layer.js:95:5)\n    at next (X:\\major\\major\\backend_node_api\\node_modules\\express\\lib\\router\\route.js:149:13)\n    at Route.dispatch (X:\\major\\major\\backend_node_api\\node_modules\\express\\lib\\router\\route.js:119:3)\n    at Layer.handle [as handle_request] (X:\\major\\major\\backend_node_api\\node_modules\\express\\lib\\router\\layer.js:95:5)\n    at X:\\major\\major\\backend_node_api\\node_modules\\express\\lib\\router\\index.js:284:15\n    at router.process_params (X:\\major\\major\\backend_node_api\\node_modules\\express\\lib\\router\\index.js:346:12)\n    at next (X:\\major\\major\\backend_node_api\\node_modules\\express\\lib\\router\\index.js:280:10)\n    at router.handle (X:\\major\\major\\backend_node_api\\node_modules\\express\\lib\\router\\index.js:175:3)","timestamp":"2026-06-04 00:31:50","url":"/api/v1/auth/me"}
{"level":"error","message":"Not authorized — no token provided","service":"krushikadhara-api","stack":"Error: Not authorized — no token provided\n    at X:\\major\\major\\backend_node_api\\src\\middleware\\auth.js:17:15\n    at X:\\major\\major\\backend_node_api\\src\\utils\\helpers.js:17:21\n    at Layer.handle [as handle_request] (X:\\major\\major\\backend_node_api\\node_modules\\express\\lib\\router\\layer.js:95:5)\n    at next (X:\\major\\major\\backend_node_api\\node_modules\\express\\lib\\router\\route.js:149:13)\n    at Route.dispatch (X:\\major\\major\\backend_node_api\\node_modules\\express\\lib\\router\\route.js:119:3)\n    at Layer.handle [as handle_request] (X:\\major\\major\\backend_node_api\\node_modules\\express\\lib\\router\\layer.js:95:5)\n    at X:\\major\\major\\backend_node_api\\node_modules\\express\\lib\\router\\index.js:284:15\n    at router.process_params (X:\\major\\major\\backend_node_api\\node_modules\\express\\lib\\router\\index.js:346:12)\n    at next (X:\\major\\major\\backend_node_api\\node_modules\\express\\lib\\router\\index.js:280:10)\n    at router.handle (X:\\major\\major\\backend_node_api\\node_modules\\express\\lib\\router\\index.js:175:3)","timestamp":"2026-06-04 00:31:59","url":"/api/v1/auth/me"}
{"level":"error","message":"Not authorized — no token provided","service":"krushikadhara-api","stack":"Error: Not authorized — no token provided\n    at X:\\major\\major\\backend_node_api\\src\\middleware\\auth.js:17:15\n    at X:\\major\\major\\backend_node_api\\src\\utils\\helpers.js:17:21\n    at Layer.handle [as handle_request] (X:\\major\\major\\backend_node_api\\node_modules\\express\\lib\\router\\layer.js:95:5)\n    at next (X:\\major\\major\\backend_node_api\\node_modules\\express\\lib\\router\\route.js:149:13)\n    at Route.dispatch (X:\\major\\major\\backend_node_api\\node_modules\\express\\lib\\router\\route.js:119:3)\n    at Layer.handle [as handle_request] (X:\\major\\major\\backend_node_api\\node_modules\\express\\lib\\router\\layer.js:95:5)\n    at X:\\major\\major\\backend_node_api\\node_modules\\express\\lib\\router\\index.js:284:15\n    at router.process_params (X:\\major\\major\\backend_node_api\\node_modules\\express\\lib\\router\\index.js:346:12)\n    at next (X:\\major\\major\\backend_node_api\\node_modules\\express\\lib\\router\\index.js:280:10)\n    at router.handle (X:\\major\\major\\backend_node_api\\node_modules\\express\\lib\\router\\index.js:175:3)","timestamp":"2026-06-04 00:32:17","url":"/api/v1/notifications?"}
{"level":"error","message":"Please provide phone number","service":"krushikadhara-api","stack":"Error: Please provide phone number\n    at X:\\major\\major\\backend_node_api\\src\\controllers\\authController.js:92:15\n    at X:\\major\\major\\backend_node_api\\src\\utils\\helpers.js:17:21\n    at Layer.handle [as handle_request] (X:\\major\\major\\backend_node_api\\node_modules\\express\\lib\\router\\layer.js:95:5)\n    at next (X:\\major\\major\\backend_node_api\\node_modules\\express\\lib\\router\\route.js:149:13)\n    at Route.dispatch (X:\\major\\major\\backend_node_api\\node_modules\\express\\lib\\router\\route.js:119:3)\n    at Layer.handle [as handle_request] (X:\\major\\major\\backend_node_api\\node_modules\\express\\lib\\router\\layer.js:95:5)\n    at X:\\major\\major\\backend_node_api\\node_modules\\express\\lib\\router\\index.js:284:15\n    at router.process_params (X:\\major\\major\\backend_node_api\\node_modules\\express\\lib\\router\\index.js:346:12)\n    at next (X:\\major\\major\\backend_node_api\\node_modules\\express\\lib\\router\\index.js:280:10)\n    at router.handle (X:\\major\\major\\backend_node_api\\node_modules\\express\\lib\\router\\index.js:175:3)","timestamp":"2026-06-04 00:32:18","url":"/api/v1/auth/phone-sync"}
{"level":"error","message":"Not authorized — no token provided","service":"krushikadhara-api","stack":"Error: Not authorized — no token provided\n    at X:\\major\\major\\backend_node_api\\src\\middleware\\auth.js:17:15\n    at X:\\major\\major\\backend_node_api\\src\\utils\\helpers.js:17:21\n    at Layer.handle [as handle_request] (X:\\major\\major\\backend_node_api\\node_modules\\express\\lib\\router\\layer.js:95:5)\n    at next (X:\\major\\major\\backend_node_api\\node_modules\\express\\lib\\router\\route.js:149:13)\n    at Route.dispatch (X:\\major\\major\\backend_node_api\\node_modules\\express\\lib\\router\\route.js:119:3)\n    at Layer.handle [as handle_request] (X:\\major\\major\\backend_node_api\\node_modules\\express\\lib\\router\\layer.js:95:5)\n    at X:\\major\\major\\backend_node_api\\node_modules\\express\\lib\\router\\index.js:284:15\n    at router.process_params (X:\\major\\major\\backend_node_api\\node_modules\\express\\lib\\router\\index.js:346:12)\n    at next (X:\\major\\major\\backend_node_api\\node_modules\\express\\lib\\router\\index.js:280:10)\n    at router.handle (X:\\major\\major\\backend_node_api\\node_modules\\express\\lib\\router\\index.js:175:3)","timestamp":"2026-06-04 00:32:21","url":"/api/v1/auth/update-profile"}
{"level":"error","message":"Not authorized — no token provided","service":"krushikadhara-api","stack":"Error: Not authorized — no token provided\n    at X:\\major\\major\\backend_node_api\\src\\middleware\\auth.js:17:15\n    at X:\\major\\major\\backend_node_api\\src\\utils\\helpers.js:17:21\n    at Layer.handle [as handle_request] (X:\\major\\major\\backend_node_api\\node_modules\\express\\lib\\router\\layer.js:95:5)\n    at next (X:\\major\\major\\backend_node_api\\node_modules\\express\\lib\\router\\route.js:149:13)\n    at Route.dispatch (X:\\major\\major\\backend_node_api\\node_modules\\express\\lib\\router\\route.js:119:3)\n    at Layer.handle [as handle_request] (X:\\major\\major\\backend_node_api\\node_modules\\express\\lib\\router\\layer.js:95:5)\n    at X:\\major\\major\\backend_node_api\\node_modules\\express\\lib\\router\\index.js:284:15\n    at router.process_params (X:\\major\\major\\backend_node_api\\node_modules\\express\\lib\\router\\index.js:346:12)\n    at next (X:\\major\\major\\backend_node_api\\node_modules\\express\\lib\\router\\index.js:280:10)\n    at router.handle (X:\\major\\major\\backend_node_api\\node_modules\\express\\lib\\router\\index.js:175:3)","timestamp":"2026-06-04 00:32:23","url":"/api/v1/auth/update-profile"}
{"level":"error","message":"Weather API key not configured. Set WEATHER_API_KEY in .env","service":"krushikadhara-api","stack":"Error: Weather API key not configured. Set WEATHER_API_KEY in .env\n    at X:\\major\\major\\backend_node_api\\src\\controllers\\weatherController.js:110:19\n    at process.processTicksAndRejections (node:internal/process/task_queues:103:5)","timestamp":"2026-06-04 00:32:23","url":"/api/v1/weather/Naganahalli"}
{"level":"error","message":"Not authorized — no token provided","service":"krushikadhara-api","stack":"Error: Not authorized — no token provided\n    at X:\\major\\major\\backend_node_api\\src\\middleware\\auth.js:17:15\n    at X:\\major\\major\\backend_node_api\\src\\utils\\helpers.js:17:21\n    at Layer.handle [as handle_request] (X:\\major\\major\\backend_node_api\\node_modules\\express\\lib\\router\\layer.js:95:5)\n    at next (X:\\major\\major\\backend_node_api\\node_modules\\express\\lib\\router\\route.js:149:13)\n    at Route.dispatch (X:\\major\\major\\backend_node_api\\node_modules\\express\\lib\\router\\route.js:119:3)\n    at Layer.handle [as handle_request] (X:\\major\\major\\backend_node_api\\node_modules\\express\\lib\\router\\layer.js:95:5)\n    at X:\\major\\major\\backend_node_api\\node_modules\\express\\lib\\router\\index.js:284:15\n    at router.process_params (X:\\major\\major\\backend_node_api\\node_modules\\express\\lib\\router\\index.js:346:12)\n    at next (X:\\major\\major\\backend_node_api\\node_modules\\express\\lib\\router\\index.js:280:10)\n    at router.handle (X:\\major\\major\\backend_node_api\\node_modules\\express\\lib\\router\\index.js:175:3)","timestamp":"2026-06-04 00:32:23","url":"/api/v1/auth/me"}
{"level":"error","message":"Not authorized — no token provided","service":"krushikadhara-api","stack":"Error: Not authorized — no token provided\n    at X:\\major\\major\\backend_node_api\\src\\middleware\\auth.js:17:15\n    at X:\\major\\major\\backend_node_api\\src\\utils\\helpers.js:17:21\n    at Layer.handle [as handle_request] (X:\\major\\major\\backend_node_api\\node_modules\\express\\lib\\router\\layer.js:95:5)\n    at next (X:\\major\\major\\backend_node_api\\node_modules\\express\\lib\\router\\route.js:149:13)\n    at Route.dispatch (X:\\major\\major\\backend_node_api\\node_modules\\express\\lib\\router\\route.js:119:3)\n    at Layer.handle [as handle_request] (X:\\major\\major\\backend_node_api\\node_modules\\express\\lib\\router\\layer.js:95:5)\n    at X:\\major\\major\\backend_node_api\\node_modules\\express\\lib\\router\\index.js:284:15\n    at router.process_params (X:\\major\\major\\backend_node_api\\node_modules\\express\\lib\\router\\index.js:346:12)\n    at next (X:\\major\\major\\backend_node_api\\node_modules\\express\\lib\\router\\index.js:280:10)\n    at router.handle (X:\\major\\major\\backend_node_api\\node_modules\\express\\lib\\router\\index.js:175:3)","timestamp":"2026-06-04 00:34:24","url":"/api/v1/auth/update-profile"}
{"level":"error","message":"Not authorized — no token provided","service":"krushikadhara-api","stack":"Error: Not authorized — no token provided\n    at X:\\major\\major\\backend_node_api\\src\\middleware\\auth.js:17:15\n    at X:\\major\\major\\backend_node_api\\src\\utils\\helpers.js:17:21\n    at Layer.handle [as handle_request] (X:\\major\\major\\backend_node_api\\node_modules\\express\\lib\\router\\layer.js:95:5)\n    at next (X:\\major\\major\\backend_node_api\\node_modules\\express\\lib\\router\\route.js:149:13)\n    at Route.dispatch (X:\\major\\major\\backend_node_api\\node_modules\\express\\lib\\router\\route.js:119:3)\n    at Layer.handle [as handle_request] (X:\\major\\major\\backend_node_api\\node_modules\\express\\lib\\router\\layer.js:95:5)\n    at X:\\major\\major\\backend_node_api\\node_modules\\express\\lib\\router\\index.js:284:15\n    at router.process_params (X:\\major\\major\\backend_node_api\\node_modules\\express\\lib\\router\\index.js:346:12)\n    at next (X:\\major\\major\\backend_node_api\\node_modules\\express\\lib\\router\\index.js:280:10)\n    at router.handle (X:\\major\\major\\backend_node_api\\node_modules\\express\\lib\\router\\index.js:175:3)","timestamp":"2026-06-04 00:34:24","url":"/api/v1/auth/me"}
{"level":"error","message":"Firebase initialization failed: Failed to parse private key: Error: Too few bytes to read ASN.1 value.","service":"krushikadhara-api","timestamp":"2026-06-04 01:15:06"}
{"level":"info","message":"Connecting to MongoDB... (URI set: YES, host: unknown)","service":"krushikadhara-api","timestamp":"2026-06-04 01:15:06"}
{"level":"info","message":"🌾 KrushikaDhara API running in development mode on port 5000","service":"krushikadhara-api","timestamp":"2026-06-04 01:15:06"}
{"level":"info","message":"==================================================","service":"krushikadhara-api","timestamp":"2026-06-04 01:15:06"}
{"level":"info","message":"🕐 Initializing cron job scheduler...","service":"krushikadhara-api","timestamp":"2026-06-04 01:15:06"}
{"level":"info","message":"==================================================","service":"krushikadhara-api","timestamp":"2026-06-04 01:15:06"}
{"level":"info","message":"  ✅ Weather update job: every 3 hours","service":"krushikadhara-api","timestamp":"2026-06-04 01:15:06"}
{"level":"info","message":"  ✅ Market price refresh job: every 3 hours (+30 min offset)","service":"krushikadhara-api","timestamp":"2026-06-04 01:15:06"}
{"level":"info","message":"  ✅ Government scheme check job: daily at 6:00 AM IST","service":"krushikadhara-api","timestamp":"2026-06-04 01:15:06"}
{"level":"info","message":"==================================================","service":"krushikadhara-api","timestamp":"2026-06-04 01:15:06"}
{"level":"info","message":"🕐 All cron jobs scheduled successfully","service":"krushikadhara-api","timestamp":"2026-06-04 01:15:06"}
{"level":"info","message":"==================================================","service":"krushikadhara-api","timestamp":"2026-06-04 01:15:06"}
{"level":"info","message":"✅ MongoDB Connected: localhost","service":"krushikadhara-api","timestamp":"2026-06-04 01:15:06"}
{"level":"error","message":"Firebase initialization failed: Failed to parse private key: Error: Too few bytes to read ASN.1 value.","service":"krushikadhara-api","timestamp":"2026-06-04 01:15:59"}
{"level":"info","message":"Connecting to MongoDB... (URI set: YES, host: unknown)","service":"krushikadhara-api","timestamp":"2026-06-04 01:15:59"}
{"level":"info","message":"🌾 KrushikaDhara API running in development mode on port 5000","service":"krushikadhara-api","timestamp":"2026-06-04 01:15:59"}
{"level":"info","message":"==================================================","service":"krushikadhara-api","timestamp":"2026-06-04 01:15:59"}
{"level":"info","message":"🕐 Initializing cron job scheduler...","service":"krushikadhara-api","timestamp":"2026-06-04 01:15:59"}
{"level":"info","message":"==================================================","service":"krushikadhara-api","timestamp":"2026-06-04 01:15:59"}
{"level":"info","message":"  ✅ Weather update job: every 3 hours","service":"krushikadhara-api","timestamp":"2026-06-04 01:15:59"}
{"level":"info","message":"  ✅ Market price refresh job: every 3 hours (+30 min offset)","service":"krushikadhara-api","timestamp":"2026-06-04 01:15:59"}
{"level":"info","message":"  ✅ Government scheme check job: daily at 6:00 AM IST","service":"krushikadhara-api","timestamp":"2026-06-04 01:15:59"}
{"level":"info","message":"==================================================","service":"krushikadhara-api","timestamp":"2026-06-04 01:15:59"}
{"level":"info","message":"🕐 All cron jobs scheduled successfully","service":"krushikadhara-api","timestamp":"2026-06-04 01:15:59"}
{"level":"info","message":"==================================================","service":"krushikadhara-api","timestamp":"2026-06-04 01:15:59"}
{"level":"info","message":"✅ MongoDB Connected: localhost","service":"krushikadhara-api","timestamp":"2026-06-04 01:15:59"}
{"level":"error","message":"Firebase initialization failed: Failed to parse private key: Error: Too few bytes to read ASN.1 value.","service":"krushikadhara-api","timestamp":"2026-06-04 01:16:08"}
{"level":"info","message":"Connecting to MongoDB... (URI set: YES, host: unknown)","service":"krushikadhara-api","timestamp":"2026-06-04 01:16:08"}
{"level":"info","message":"🌾 KrushikaDhara API running in development mode on port 5000","service":"krushikadhara-api","timestamp":"2026-06-04 01:16:08"}
{"level":"info","message":"==================================================","service":"krushikadhara-api","timestamp":"2026-06-04 01:16:08"}
{"level":"info","message":"🕐 Initializing cron job scheduler...","service":"krushikadhara-api","timestamp":"2026-06-04 01:16:08"}
{"level":"info","message":"==================================================","service":"krushikadhara-api","timestamp":"2026-06-04 01:16:08"}
{"level":"info","message":"  ✅ Weather update job: every 3 hours","service":"krushikadhara-api","timestamp":"2026-06-04 01:16:08"}
{"level":"info","message":"  ✅ Market price refresh job: every 3 hours (+30 min offset)","service":"krushikadhara-api","timestamp":"2026-06-04 01:16:08"}
{"level":"info","message":"  ✅ Government scheme check job: daily at 6:00 AM IST","service":"krushikadhara-api","timestamp":"2026-06-04 01:16:08"}
{"level":"info","message":"==================================================","service":"krushikadhara-api","timestamp":"2026-06-04 01:16:08"}
{"level":"info","message":"🕐 All cron jobs scheduled successfully","service":"krushikadhara-api","timestamp":"2026-06-04 01:16:08"}
{"level":"info","message":"==================================================","service":"krushikadhara-api","timestamp":"2026-06-04 01:16:08"}
{"level":"info","message":"✅ MongoDB Connected: localhost","service":"krushikadhara-api","timestamp":"2026-06-04 01:16:08"}
{"level":"warn","message":"Firebase credentials not configured. Push notifications disabled.","service":"krushikadhara-api","timestamp":"2026-08-11 17:47:16"}
{"level":"error","message":"MONGODB_URI environment variable is NOT set! Check Render environment variables.","service":"krushikadhara-api","timestamp":"2026-08-11 17:47:16"}
{"level":"info","message":"🌾 KrushikaDhara API running in development mode on port 3000","service":"krushikadhara-api","timestamp":"2026-08-11 17:47:16"}
{"level":"info","message":"==================================================","service":"krushikadhara-api","timestamp":"2026-08-11 17:47:16"}
{"level":"info","message":"🕐 Initializing cron job scheduler...","service":"krushikadhara-api","timestamp":"2026-08-11 17:47:16"}
{"level":"info","message":"==================================================","service":"krushikadhara-api","timestamp":"2026-08-11 17:47:16"}
{"level":"info","message":"  ✅ Weather update job: every 3 hours","service":"krushikadhara-api","timestamp":"2026-08-11 17:47:16"}
{"level":"info","message":"  ✅ Market price refresh job: every 3 hours (+30 min offset)","service":"krushikadhara-api","timestamp":"2026-08-11 17:47:16"}
{"level":"info","message":"  ✅ Government scheme check job: daily at 6:00 AM IST","service":"krushikadhara-api","timestamp":"2026-08-11 17:47:16"}
{"level":"info","message":"==================================================","service":"krushikadhara-api","timestamp":"2026-08-11 17:47:16"}
{"level":"info","message":"🕐 All cron jobs scheduled successfully","service":"krushikadhara-api","timestamp":"2026-08-11 17:47:16"}
{"level":"info","message":"==================================================","service":"krushikadhara-api","timestamp":"2026-08-11 17:47:16"}
{"level":"error","message":"MONGODB_URI environment variable is NOT set! Check Render environment variables.","service":"krushikadhara-api","timestamp":"2026-08-11 17:47:21"}
{"level":"error","message":"MONGODB_URI environment variable is NOT set! Check Render environment variables.","service":"krushikadhara-api","timestamp":"2026-08-11 17:47:26"}
{"level":"error","message":"MONGODB_URI environment variable is NOT set! Check Render environment variables.","service":"krushikadhara-api","timestamp":"2026-08-11 17:47:31"}
{"level":"error","message":"MONGODB_URI environment variable is NOT set! Check Render environment variables.","service":"krushikadhara-api","timestamp":"2026-08-11 17:47:36"}
{"level":"error","message":"MONGODB_URI environment variable is NOT set! Check Render environment variables.","service":"krushikadhara-api","timestamp":"2026-08-11 17:47:41"}
{"level":"error","message":"MONGODB_URI environment variable is NOT set! Check Render environment variables.","service":"krushikadhara-api","timestamp":"2026-08-11 17:47:46"}
{"level":"error","message":"MONGODB_URI environment variable is NOT set! Check Render environment variables.","service":"krushikadhara-api","timestamp":"2026-08-11 17:47:51"}
{"level":"error","message":"MONGODB_URI environment variable is NOT set! Check Render environment variables.","service":"krushikadhara-api","timestamp":"2026-08-11 17:47:56"}
{"level":"error","message":"MONGODB_URI environment variable is NOT set! Check Render environment variables.","service":"krushikadhara-api","timestamp":"2026-08-11 17:48:01"}
{"level":"error","message":"MONGODB_URI environment variable is NOT set! Check Render environment variables.","service":"krushikadhara-api","timestamp":"2026-08-11 17:48:06"}
{"level":"error","message":"MONGODB_URI environment variable is NOT set! Check Render environment variables.","service":"krushikadhara-api","timestamp":"2026-08-11 17:48:11"}
{"level":"error","message":"MONGODB_URI environment variable is NOT set! Check Render environment variables.","service":"krushikadhara-api","timestamp":"2026-08-11 17:48:16"}
{"level":"error","message":"MONGODB_URI environment variable is NOT set! Check Render environment variables.","service":"krushikadhara-api","timestamp":"2026-08-11 17:48:21"}
{"level":"error","message":"MONGODB_URI environment variable is NOT set! Check Render environment variables.","service":"krushikadhara-api","timestamp":"2026-08-11 17:48:26"}
{"level":"error","message":"MONGODB_URI environment variable is NOT set! Check Render environment variables.","service":"krushikadhara-api","timestamp":"2026-08-11 17:48:31"}
{"level":"error","message":"MONGODB_URI environment variable is NOT set! Check Render environment variables.","service":"krushikadhara-api","timestamp":"2026-08-11 17:48:36"}
{"level":"error","message":"MONGODB_URI environment variable is NOT set! Check Render environment variables.","service":"krushikadhara-api","timestamp":"2026-08-11 17:48:41"}
{"level":"error","message":"MONGODB_URI environment variable is NOT set! Check Render environment variables.","service":"krushikadhara-api","timestamp":"2026-08-11 17:48:46"}
{"level":"error","message":"MONGODB_URI environment variable is NOT set! Check Render environment variables.","service":"krushikadhara-api","timestamp":"2026-08-11 17:48:51"}
{"level":"error","message":"MONGODB_URI environment variable is NOT set! Check Render environment variables.","service":"krushikadhara-api","timestamp":"2026-08-11 17:48:57"}
{"level":"error","message":"MONGODB_URI environment variable is NOT set! Check Render environment variables.","service":"krushikadhara-api","timestamp":"2026-08-11 17:49:02"}
{"level":"error","message":"MONGODB_URI environment variable is NOT set! Check Render environment variables.","service":"krushikadhara-api","timestamp":"2026-08-11 17:49:07"}
{"level":"error","message":"MONGODB_URI environment variable is NOT set! Check Render environment variables.","service":"krushikadhara-api","timestamp":"2026-08-11 17:49:12"}
{"level":"error","message":"MONGODB_URI environment variable is NOT set! Check Render environment variables.","service":"krushikadhara-api","timestamp":"2026-08-11 17:49:17"}
{"level":"error","message":"MONGODB_URI environment variable is NOT set! Check Render environment variables.","service":"krushikadhara-api","timestamp":"2026-08-11 17:49:22"}
{"level":"error","message":"MONGODB_URI environment variable is NOT set! Check Render environment variables.","service":"krushikadhara-api","timestamp":"2026-08-11 17:49:27"}
{"level":"error","message":"MONGODB_URI environment variable is NOT set! Check Render environment variables.","service":"krushikadhara-api","timestamp":"2026-08-11 17:49:32"}
{"level":"error","message":"MONGODB_URI environment variable is NOT set! Check Render environment variables.","service":"krushikadhara-api","timestamp":"2026-08-11 17:49:37"}
{"level":"error","message":"MONGODB_URI environment variable is NOT set! Check Render environment variables.","service":"krushikadhara-api","timestamp":"2026-08-11 17:49:42"}
{"level":"error","message":"MONGODB_URI environment variable is NOT set! Check Render environment variables.","service":"krushikadhara-api","timestamp":"2026-08-11 17:49:47"}
{"level":"error","message":"MONGODB_URI environment variable is NOT set! Check Render environment variables.","service":"krushikadhara-api","timestamp":"2026-08-11 17:49:52"}
{"level":"error","message":"MONGODB_URI environment variable is NOT set! Check Render environment variables.","service":"krushikadhara-api","timestamp":"2026-08-11 17:49:57"}
{"level":"error","message":"MONGODB_URI environment variable is NOT set! Check Render environment variables.","service":"krushikadhara-api","timestamp":"2026-08-11 17:50:02"}
{"level":"error","message":"MONGODB_URI environment variable is NOT set! Check Render environment variables.","service":"krushikadhara-api","timestamp":"2026-08-11 17:50:07"}
{"level":"error","message":"MONGODB_URI environment variable is NOT set! Check Render environment variables.","service":"krushikadhara-api","timestamp":"2026-08-11 17:50:12"}
{"level":"error","message":"MONGODB_URI environment variable is NOT set! Check Render environment variables.","service":"krushikadhara-api","timestamp":"2026-08-11 17:50:17"}
{"level":"error","message":"MONGODB_URI environment variable is NOT set! Check Render environment variables.","service":"krushikadhara-api","timestamp":"2026-08-11 17:50:22"}
{"level":"error","message":"MONGODB_URI environment variable is NOT set! Check Render environment variables.","service":"krushikadhara-api","timestamp":"2026-08-11 17:50:27"}
{"level":"error","message":"MONGODB_URI environment variable is NOT set! Check Render environment variables.","service":"krushikadhara-api","timestamp":"2026-08-11 17:50:32"}
{"level":"error","message":"MONGODB_URI environment variable is NOT set! Check Render environment variables.","service":"krushikadhara-api","timestamp":"2026-08-11 17:50:37"}
{"level":"error","message":"MONGODB_URI environment variable is NOT set! Check Render environment variables.","service":"krushikadhara-api","timestamp":"2026-08-11 17:50:42"}
{"level":"error","message":"MONGODB_URI environment variable is NOT set! Check Render environment variables.","service":"krushikadhara-api","timestamp":"2026-08-11 17:50:47"}
{"level":"error","message":"MONGODB_URI environment variable is NOT set! Check Render environment variables.","service":"krushikadhara-api","timestamp":"2026-08-11 17:50:52"}
{"level":"error","message":"MONGODB_URI environment variable is NOT set! Check Render environment variables.","service":"krushikadhara-api","timestamp":"2026-08-11 17:50:57"}
{"level":"error","message":"MONGODB_URI environment variable is NOT set! Check Render environment variables.","service":"krushikadhara-api","timestamp":"2026-08-11 17:51:02"}
{"level":"error","message":"MONGODB_URI environment variable is NOT set! Check Render environment variables.","service":"krushikadhara-api","timestamp":"2026-08-11 17:51:07"}
{"level":"error","message":"MONGODB_URI environment variable is NOT set! Check Render environment variables.","service":"krushikadhara-api","timestamp":"2026-08-11 17:51:12"}
{"level":"error","message":"MONGODB_URI environment variable is NOT set! Check Render environment variables.","service":"krushikadhara-api","timestamp":"2026-08-11 17:51:17"}
{"level":"error","message":"MONGODB_URI environment variable is NOT set! Check Render environment variables.","service":"krushikadhara-api","timestamp":"2026-08-11 17:51:22"}
{"level":"error","message":"MONGODB_URI environment variable is NOT set! Check Render environment variables.","service":"krushikadhara-api","timestamp":"2026-08-11 17:51:27"}
{"level":"error","message":"MONGODB_URI environment variable is NOT set! Check Render environment variables.","service":"krushikadhara-api","timestamp":"2026-08-11 17:51:32"}
{"level":"error","message":"MONGODB_URI environment variable is NOT set! Check Render environment variables.","service":"krushikadhara-api","timestamp":"2026-08-11 17:51:37"}
{"level":"error","message":"MONGODB_URI environment variable is NOT set! Check Render environment variables.","service":"krushikadhara-api","timestamp":"2026-08-11 17:51:42"}
{"level":"error","message":"MONGODB_URI environment variable is NOT set! Check Render environment variables.","service":"krushikadhara-api","timestamp":"2026-08-11 17:51:47"}
{"level":"error","message":"MONGODB_URI environment variable is NOT set! Check Render environment variables.","service":"krushikadhara-api","timestamp":"2026-08-11 17:51:52"}
{"level":"error","message":"MONGODB_URI environment variable is NOT set! Check Render environment variables.","service":"krushikadhara-api","timestamp":"2026-08-11 17:51:57"}
{"level":"error","message":"MONGODB_URI environment variable is NOT set! Check Render environment variables.","service":"krushikadhara-api","timestamp":"2026-08-11 17:52:02"}
{"level":"error","message":"MONGODB_URI environment variable is NOT set! Check Render environment variables.","service":"krushikadhara-api","timestamp":"2026-08-11 17:52:07"}
{"level":"error","message":"MONGODB_URI environment variable is NOT set! Check Render environment variables.","service":"krushikadhara-api","timestamp":"2026-08-11 17:52:12"}
{"level":"error","message":"MONGODB_URI environment variable is NOT set! Check Render environment variables.","service":"krushikadhara-api","timestamp":"2026-08-11 17:52:17"}
{"level":"error","message":"MONGODB_URI environment variable is NOT set! Check Render environment variables.","service":"krushikadhara-api","timestamp":"2026-08-11 17:52:22"}
{"level":"error","message":"MONGODB_URI environment variable is NOT set! Check Render environment variables.","service":"krushikadhara-api","timestamp":"2026-08-11 17:52:27"}
{"level":"error","message":"MONGODB_URI environment variable is NOT set! Check Render environment variables.","service":"krushikadhara-api","timestamp":"2026-08-11 17:52:32"}
{"level":"error","message":"MONGODB_URI environment variable is NOT set! Check Render environment variables.","service":"krushikadhara-api","timestamp":"2026-08-11 17:52:37"}
{"level":"error","message":"MONGODB_URI environment variable is NOT set! Check Render environment variables.","service":"krushikadhara-api","timestamp":"2026-08-11 17:52:42"}
{"level":"error","message":"MONGODB_URI environment variable is NOT set! Check Render environment variables.","service":"krushikadhara-api","timestamp":"2026-08-11 17:52:47"}
{"level":"error","message":"MONGODB_URI environment variable is NOT set! Check Render environment variables.","service":"krushikadhara-api","timestamp":"2026-08-11 17:52:52"}
{"level":"error","message":"MONGODB_URI environment variable is NOT set! Check Render environment variables.","service":"krushikadhara-api","timestamp":"2026-08-11 17:52:57"}
{"level":"error","message":"MONGODB_URI environment variable is NOT set! Check Render environment variables.","service":"krushikadhara-api","timestamp":"2026-08-11 17:53:02"}
{"level":"error","message":"MONGODB_URI environment variable is NOT set! Check Render environment variables.","service":"krushikadhara-api","timestamp":"2026-08-11 17:53:07"}
{"level":"error","message":"MONGODB_URI environment variable is NOT set! Check Render environment variables.","service":"krushikadhara-api","timestamp":"2026-08-11 17:53:12"}
{"level":"error","message":"MONGODB_URI environment variable is NOT set! Check Render environment variables.","service":"krushikadhara-api","timestamp":"2026-08-11 17:53:17"}
{"level":"error","message":"MONGODB_URI environment variable is NOT set! Check Render environment variables.","service":"krushikadhara-api","timestamp":"2026-08-11 17:53:22"}
{"level":"error","message":"MONGODB_URI environment variable is NOT set! Check Render environment variables.","service":"krushikadhara-api","timestamp":"2026-08-11 17:53:27"}
{"level":"error","message":"MONGODB_URI environment variable is NOT set! Check Render environment variables.","service":"krushikadhara-api","timestamp":"2026-08-11 17:53:32"}
{"level":"error","message":"MONGODB_URI environment variable is NOT set! Check Render environment variables.","service":"krushikadhara-api","timestamp":"2026-08-11 17:53:37"}
{"level":"error","message":"MONGODB_URI environment variable is NOT set! Check Render environment variables.","service":"krushikadhara-api","timestamp":"2026-08-11 17:53:42"}
{"level":"error","message":"MONGODB_URI environment variable is NOT set! Check Render environment variables.","service":"krushikadhara-api","timestamp":"2026-08-11 17:53:47"}
{"level":"error","message":"MONGODB_URI environment variable is NOT set! Check Render environment variables.","service":"krushikadhara-api","timestamp":"2026-08-11 17:53:52"}
{"level":"error","message":"MONGODB_URI environment variable is NOT set! Check Render environment variables.","service":"krushikadhara-api","timestamp":"2026-08-11 17:53:57"}
{"level":"error","message":"MONGODB_URI environment variable is NOT set! Check Render environment variables.","service":"krushikadhara-api","timestamp":"2026-08-11 17:54:02"}
{"level":"error","message":"MONGODB_URI environment variable is NOT set! Check Render environment variables.","service":"krushikadhara-api","timestamp":"2026-08-11 17:54:07"}
{"level":"error","message":"MONGODB_URI environment variable is NOT set! Check Render environment variables.","service":"krushikadhara-api","timestamp":"2026-08-11 17:54:12"}
{"level":"error","message":"MONGODB_URI environment variable is NOT set! Check Render environment variables.","service":"krushikadhara-api","timestamp":"2026-08-11 17:54:17"}
{"level":"error","message":"MONGODB_URI environment variable is NOT set! Check Render environment variables.","service":"krushikadhara-api","timestamp":"2026-08-11 17:54:22"}
{"level":"error","message":"MONGODB_URI environment variable is NOT set! Check Render environment variables.","service":"krushikadhara-api","timestamp":"2026-08-11 17:54:27"}
{"level":"error","message":"MONGODB_URI environment variable is NOT set! Check Render environment variables.","service":"krushikadhara-api","timestamp":"2026-08-11 17:54:32"}
{"level":"error","message":"MONGODB_URI environment variable is NOT set! Check Render environment variables.","service":"krushikadhara-api","timestamp":"2026-08-11 17:54:37"}
{"level":"error","message":"MONGODB_URI environment variable is NOT set! Check Render environment variables.","service":"krushikadhara-api","timestamp":"2026-08-11 17:54:42"}
{"level":"error","message":"MONGODB_URI environment variable is NOT set! Check Render environment variables.","service":"krushikadhara-api","timestamp":"2026-08-11 17:54:47"}
{"level":"error","message":"MONGODB_URI environment variable is NOT set! Check Render environment variables.","service":"krushikadhara-api","timestamp":"2026-08-11 17:54:52"}
{"level":"error","message":"MONGODB_URI environment variable is NOT set! Check Render environment variables.","service":"krushikadhara-api","timestamp":"2026-08-11 17:54:57"}
{"level":"error","message":"MONGODB_URI environment variable is NOT set! Check Render environment variables.","service":"krushikadhara-api","timestamp":"2026-08-11 17:55:02"}
{"level":"error","message":"MONGODB_URI environment variable is NOT set! Check Render environment variables.","service":"krushikadhara-api","timestamp":"2026-08-11 17:55:07"}
{"level":"error","message":"MONGODB_URI environment variable is NOT set! Check Render environment variables.","service":"krushikadhara-api","timestamp":"2026-08-11 17:55:12"}
{"level":"error","message":"MONGODB_URI environment variable is NOT set! Check Render environment variables.","service":"krushikadhara-api","timestamp":"2026-08-11 17:55:17"}
{"level":"error","message":"MONGODB_URI environment variable is NOT set! Check Render environment variables.","service":"krushikadhara-api","timestamp":"2026-08-11 17:55:22"}
{"level":"error","message":"MONGODB_URI environment variable is NOT set! Check Render environment variables.","service":"krushikadhara-api","timestamp":"2026-08-11 17:55:27"}
{"level":"error","message":"MONGODB_URI environment variable is NOT set! Check Render environment variables.","service":"krushikadhara-api","timestamp":"2026-08-11 17:55:32"}
{"level":"warn","message":"Firebase credentials not configured. Push notifications disabled.","service":"krushikadhara-api","timestamp":"2026-08-12 13:54:26"}
{"level":"error","message":"MONGODB_URI environment variable is NOT set! Check Render environment variables.","service":"krushikadhara-api","timestamp":"2026-08-12 13:54:26"}
{"level":"info","message":"🌾 KrushikaDhara API running in development mode on port 5000","service":"krushikadhara-api","timestamp":"2026-08-12 13:54:26"}
{"level":"info","message":"==================================================","service":"krushikadhara-api","timestamp":"2026-08-12 13:54:26"}
{"level":"info","message":"🕐 Initializing cron job scheduler...","service":"krushikadhara-api","timestamp":"2026-08-12 13:54:26"}
{"level":"info","message":"==================================================","service":"krushikadhara-api","timestamp":"2026-08-12 13:54:26"}
{"level":"info","message":"  ✅ Weather update job: every 3 hours","service":"krushikadhara-api","timestamp":"2026-08-12 13:54:26"}
{"level":"info","message":"  ✅ Market price refresh job: every 3 hours (+30 min offset)","service":"krushikadhara-api","timestamp":"2026-08-12 13:54:26"}
{"level":"info","message":"  ✅ Government scheme check job: daily at 6:00 AM IST","service":"krushikadhara-api","timestamp":"2026-08-12 13:54:26"}
{"level":"info","message":"==================================================","service":"krushikadhara-api","timestamp":"2026-08-12 13:54:26"}
{"level":"info","message":"🕐 All cron jobs scheduled successfully","service":"krushikadhara-api","timestamp":"2026-08-12 13:54:26"}
{"level":"info","message":"==================================================","service":"krushikadhara-api","timestamp":"2026-08-12 13:54:26"}
{"level":"error","message":"MONGODB_URI environment variable is NOT set! Check Render environment variables.","service":"krushikadhara-api","timestamp":"2026-08-12 13:54:31"}
{"level":"error","message":"MONGODB_URI environment variable is NOT set! Check Render environment variables.","service":"krushikadhara-api","timestamp":"2026-08-12 13:54:36"}
{"level":"error","message":"MONGODB_URI environment variable is NOT set! Check Render environment variables.","service":"krushikadhara-api","timestamp":"2026-08-12 13:54:41"}
{"level":"error","message":"MONGODB_URI environment variable is NOT set! Check Render environment variables.","service":"krushikadhara-api","timestamp":"2026-08-12 13:54:46"}
{"level":"error","message":"MONGODB_URI environment variable is NOT set! Check Render environment variables.","service":"krushikadhara-api","timestamp":"2026-08-12 13:54:51"}
{"level":"error","message":"MONGODB_URI environment variable is NOT set! Check Render environment variables.","service":"krushikadhara-api","timestamp":"2026-08-12 13:54:56"}
{"level":"error","message":"MONGODB_URI environment variable is NOT set! Check Render environment variables.","service":"krushikadhara-api","timestamp":"2026-08-12 13:55:01"}
{"level":"error","message":"MONGODB_URI environment variable is NOT set! Check Render environment variables.","service":"krushikadhara-api","timestamp":"2026-08-12 13:55:06"}
{"level":"error","message":"MONGODB_URI environment variable is NOT set! Check Render environment variables.","service":"krushikadhara-api","timestamp":"2026-08-12 13:55:11"}
{"level":"error","message":"Not authorized — no token provided","service":"krushikadhara-api","stack":"Error: Not authorized — no token provided\n    at Z:\\major\\backend_node_api\\src\\middleware\\auth.js:17:15\n    at Z:\\major\\backend_node_api\\src\\utils\\helpers.js:17:21\n    at Layer.handle [as handle_request] (Z:\\major\\backend_node_api\\node_modules\\express\\lib\\router\\layer.js:95:5)\n    at next (Z:\\major\\backend_node_api\\node_modules\\express\\lib\\router\\route.js:149:13)\n    at Route.dispatch (Z:\\major\\backend_node_api\\node_modules\\express\\lib\\router\\route.js:119:3)\n    at Layer.handle [as handle_request] (Z:\\major\\backend_node_api\\node_modules\\express\\lib\\router\\layer.js:95:5)\n    at Z:\\major\\backend_node_api\\node_modules\\express\\lib\\router\\index.js:284:15\n    at router.process_params (Z:\\major\\backend_node_api\\node_modules\\express\\lib\\router\\index.js:346:12)\n    at next (Z:\\major\\backend_node_api\\node_modules\\express\\lib\\router\\index.js:280:10)\n    at router.handle (Z:\\major\\backend_node_api\\node_modules\\express\\lib\\router\\index.js:175:3)","timestamp":"2026-08-12 13:55:13","url":"/api/v1/auth/me"}
{"level":"error","message":"MONGODB_URI environment variable is NOT set! Check Render environment variables.","service":"krushikadhara-api","timestamp":"2026-08-12 13:55:16"}
{"level":"error","message":"MONGODB_URI environment variable is NOT set! Check Render environment variables.","service":"krushikadhara-api","timestamp":"2026-08-12 13:55:21"}
{"level":"error","message":"MONGODB_URI environment variable is NOT set! Check Render environment variables.","service":"krushikadhara-api","timestamp":"2026-08-12 13:55:26"}
{"level":"error","message":"MONGODB_URI environment variable is NOT set! Check Render environment variables.","service":"krushikadhara-api","timestamp":"2026-08-12 13:55:31"}
{"level":"error","message":"MONGODB_URI environment variable is NOT set! Check Render environment variables.","service":"krushikadhara-api","timestamp":"2026-08-12 13:55:36"}
{"level":"error","message":"MONGODB_URI environment variable is NOT set! Check Render environment variables.","service":"krushikadhara-api","timestamp":"2026-08-12 13:55:41"}
{"level":"error","message":"Firebase initialization failed: Failed to parse private key: Error: Invalid PEM formatted message.","service":"krushikadhara-api","timestamp":"2026-08-12 13:55:57"}
{"level":"info","message":"Connecting to MongoDB... (URI set: YES, host: unknown)","service":"krushikadhara-api","timestamp":"2026-08-12 13:55:57"}
{"level":"info","message":"🌾 KrushikaDhara API running in development mode on port 5000","service":"krushikadhara-api","timestamp":"2026-08-12 13:55:57"}
{"level":"info","message":"==================================================","service":"krushikadhara-api","timestamp":"2026-08-12 13:55:57"}
{"level":"info","message":"🕐 Initializing cron job scheduler...","service":"krushikadhara-api","timestamp":"2026-08-12 13:55:57"}
{"level":"info","message":"==================================================","service":"krushikadhara-api","timestamp":"2026-08-12 13:55:57"}
{"level":"info","message":"  ✅ Weather update job: every 3 hours","service":"krushikadhara-api","timestamp":"2026-08-12 13:55:57"}
{"level":"info","message":"  ✅ Market price refresh job: every 3 hours (+30 min offset)","service":"krushikadhara-api","timestamp":"2026-08-12 13:55:57"}
{"level":"info","message":"  ✅ Government scheme check job: daily at 6:00 AM IST","service":"krushikadhara-api","timestamp":"2026-08-12 13:55:57"}
{"level":"info","message":"==================================================","service":"krushikadhara-api","timestamp":"2026-08-12 13:55:57"}
{"level":"info","message":"🕐 All cron jobs scheduled successfully","service":"krushikadhara-api","timestamp":"2026-08-12 13:55:57"}
{"level":"info","message":"==================================================","service":"krushikadhara-api","timestamp":"2026-08-12 13:55:57"}
{"level":"warn","message":"MongoDB disconnected. Attempting to reconnect...","service":"krushikadhara-api","timestamp":"2026-08-12 13:56:27"}
{"level":"error","message":"MongoDB connection error: connect ECONNREFUSED ::1:27017, connect ECONNREFUSED 127.0.0.1:27017","service":"krushikadhara-api","timestamp":"2026-08-12 13:56:27"}
{"level":"info","message":"Retrying MongoDB connection in 5 seconds...","service":"krushikadhara-api","timestamp":"2026-08-12 13:56:27"}
{"level":"error","message":"MongoDB error: connect ECONNREFUSED ::1:27017, connect ECONNREFUSED 127.0.0.1:27017","service":"krushikadhara-api","timestamp":"2026-08-12 13:56:27"}
{"level":"info","message":"Connecting to MongoDB... (URI set: YES, host: unknown)","service":"krushikadhara-api","timestamp":"2026-08-12 13:56:32"}
{"level":"warn","message":"MongoDB disconnected. Attempting to reconnect...","service":"krushikadhara-api","timestamp":"2026-08-12 13:57:02"}
{"level":"error","message":"MongoDB connection error: connect ECONNREFUSED ::1:27017, connect ECONNREFUSED 127.0.0.1:27017","service":"krushikadhara-api","timestamp":"2026-08-12 13:57:02"}
{"level":"info","message":"Retrying MongoDB connection in 5 seconds...","service":"krushikadhara-api","timestamp":"2026-08-12 13:57:02"}
{"level":"error","message":"MongoDB error: connect ECONNREFUSED ::1:27017, connect ECONNREFUSED 127.0.0.1:27017","service":"krushikadhara-api","timestamp":"2026-08-12 13:57:02"}
{"level":"info","message":"Connecting to MongoDB... (URI set: YES, host: unknown)","service":"krushikadhara-api","timestamp":"2026-08-12 13:57:07"}
{"level":"warn","message":"MongoDB disconnected. Attempting to reconnect...","service":"krushikadhara-api","timestamp":"2026-08-12 13:57:37"}
{"level":"error","message":"MongoDB connection error: connect ECONNREFUSED ::1:27017, connect ECONNREFUSED 127.0.0.1:27017","service":"krushikadhara-api","timestamp":"2026-08-12 13:57:37"}
{"level":"info","message":"Retrying MongoDB connection in 5 seconds...","service":"krushikadhara-api","timestamp":"2026-08-12 13:57:37"}
{"level":"error","message":"MongoDB error: connect ECONNREFUSED ::1:27017, connect ECONNREFUSED 127.0.0.1:27017","service":"krushikadhara-api","timestamp":"2026-08-12 13:57:37"}
{"level":"info","message":"Connecting to MongoDB... (URI set: YES, host: unknown)","service":"krushikadhara-api","timestamp":"2026-08-12 13:57:42"}
{"level":"warn","message":"MongoDB disconnected. Attempting to reconnect...","service":"krushikadhara-api","timestamp":"2026-08-12 13:58:12"}
{"level":"error","message":"MongoDB connection error: connect ECONNREFUSED ::1:27017, connect ECONNREFUSED 127.0.0.1:27017","service":"krushikadhara-api","timestamp":"2026-08-12 13:58:12"}
{"level":"info","message":"Retrying MongoDB connection in 5 seconds...","service":"krushikadhara-api","timestamp":"2026-08-12 13:58:12"}
{"level":"error","message":"MongoDB error: connect ECONNREFUSED ::1:27017, connect ECONNREFUSED 127.0.0.1:27017","service":"krushikadhara-api","timestamp":"2026-08-12 13:58:12"}
{"level":"info","message":"Connecting to MongoDB... (URI set: YES, host: unknown)","service":"krushikadhara-api","timestamp":"2026-08-12 13:58:17"}
{"level":"warn","message":"MongoDB disconnected. Attempting to reconnect...","service":"krushikadhara-api","timestamp":"2026-08-12 13:58:47"}
{"level":"error","message":"MongoDB connection error: connect ECONNREFUSED ::1:27017, connect ECONNREFUSED 127.0.0.1:27017","service":"krushikadhara-api","timestamp":"2026-08-12 13:58:47"}
{"level":"info","message":"Retrying MongoDB connection in 5 seconds...","service":"krushikadhara-api","timestamp":"2026-08-12 13:58:47"}
{"level":"error","message":"MongoDB error: connect ECONNREFUSED ::1:27017, connect ECONNREFUSED 127.0.0.1:27017","service":"krushikadhara-api","timestamp":"2026-08-12 13:58:47"}
{"level":"info","message":"Connecting to MongoDB... (URI set: YES, host: unknown)","service":"krushikadhara-api","timestamp":"2026-08-12 13:58:52"}
{"level":"warn","message":"MongoDB disconnected. Attempting to reconnect...","service":"krushikadhara-api","timestamp":"2026-08-12 13:59:22"}
{"level":"error","message":"MongoDB connection error: connect ECONNREFUSED ::1:27017, connect ECONNREFUSED 127.0.0.1:27017","service":"krushikadhara-api","timestamp":"2026-08-12 13:59:22"}
{"level":"info","message":"Retrying MongoDB connection in 5 seconds...","service":"krushikadhara-api","timestamp":"2026-08-12 13:59:22"}
{"level":"error","message":"MongoDB error: connect ECONNREFUSED ::1:27017, connect ECONNREFUSED 127.0.0.1:27017","service":"krushikadhara-api","timestamp":"2026-08-12 13:59:22"}
{"level":"info","message":"Connecting to MongoDB... (URI set: YES, host: unknown)","service":"krushikadhara-api","timestamp":"2026-08-12 13:59:27"}
{"level":"warn","message":"MongoDB disconnected. Attempting to reconnect...","service":"krushikadhara-api","timestamp":"2026-08-12 13:59:57"}
{"level":"error","message":"MongoDB connection error: connect ECONNREFUSED ::1:27017, connect ECONNREFUSED 127.0.0.1:27017","service":"krushikadhara-api","timestamp":"2026-08-12 13:59:57"}
{"level":"info","message":"Retrying MongoDB connection in 5 seconds...","service":"krushikadhara-api","timestamp":"2026-08-12 13:59:57"}
{"level":"error","message":"MongoDB error: connect ECONNREFUSED ::1:27017, connect ECONNREFUSED 127.0.0.1:27017","service":"krushikadhara-api","timestamp":"2026-08-12 13:59:57"}
{"level":"info","message":"Connecting to MongoDB... (URI set: YES, host: unknown)","service":"krushikadhara-api","timestamp":"2026-08-12 14:00:02"}
{"level":"warn","message":"MongoDB disconnected. Attempting to reconnect...","service":"krushikadhara-api","timestamp":"2026-08-12 14:00:32"}
{"level":"error","message":"MongoDB connection error: connect ECONNREFUSED ::1:27017, connect ECONNREFUSED 127.0.0.1:27017","service":"krushikadhara-api","timestamp":"2026-08-12 14:00:32"}
{"level":"info","message":"Retrying MongoDB connection in 5 seconds...","service":"krushikadhara-api","timestamp":"2026-08-12 14:00:32"}
{"level":"error","message":"MongoDB error: connect ECONNREFUSED ::1:27017, connect ECONNREFUSED 127.0.0.1:27017","service":"krushikadhara-api","timestamp":"2026-08-12 14:00:32"}
{"level":"info","message":"Connecting to MongoDB... (URI set: YES, host: unknown)","service":"krushikadhara-api","timestamp":"2026-08-12 14:00:37"}
{"level":"warn","message":"MongoDB disconnected. Attempting to reconnect...","service":"krushikadhara-api","timestamp":"2026-08-12 14:01:07"}
{"level":"error","message":"MongoDB connection error: connect ECONNREFUSED ::1:27017, connect ECONNREFUSED 127.0.0.1:27017","service":"krushikadhara-api","timestamp":"2026-08-12 14:01:07"}
{"level":"info","message":"Retrying MongoDB connection in 5 seconds...","service":"krushikadhara-api","timestamp":"2026-08-12 14:01:07"}
{"level":"error","message":"MongoDB error: connect ECONNREFUSED ::1:27017, connect ECONNREFUSED 127.0.0.1:27017","service":"krushikadhara-api","timestamp":"2026-08-12 14:01:07"}
{"level":"info","message":"Connecting to MongoDB... (URI set: YES, host: unknown)","service":"krushikadhara-api","timestamp":"2026-08-12 14:01:12"}
{"level":"warn","message":"MongoDB disconnected. Attempting to reconnect...","service":"krushikadhara-api","timestamp":"2026-08-12 14:01:42"}
{"level":"error","message":"MongoDB connection error: connect ECONNREFUSED ::1:27017, connect ECONNREFUSED 127.0.0.1:27017","service":"krushikadhara-api","timestamp":"2026-08-12 14:01:42"}
{"level":"info","message":"Retrying MongoDB connection in 5 seconds...","service":"krushikadhara-api","timestamp":"2026-08-12 14:01:42"}
{"level":"error","message":"MongoDB error: connect ECONNREFUSED ::1:27017, connect ECONNREFUSED 127.0.0.1:27017","service":"krushikadhara-api","timestamp":"2026-08-12 14:01:42"}
{"level":"info","message":"Connecting to MongoDB... (URI set: YES, host: unknown)","service":"krushikadhara-api","timestamp":"2026-08-12 14:01:47"}
{"level":"warn","message":"MongoDB disconnected. Attempting to reconnect...","service":"krushikadhara-api","timestamp":"2026-08-12 14:02:17"}
{"level":"error","message":"MongoDB connection error: connect ECONNREFUSED ::1:27017, connect ECONNREFUSED 127.0.0.1:27017","service":"krushikadhara-api","timestamp":"2026-08-12 14:02:17"}
{"level":"info","message":"Retrying MongoDB connection in 5 seconds...","service":"krushikadhara-api","timestamp":"2026-08-12 14:02:17"}
{"level":"error","message":"MongoDB error: connect ECONNREFUSED ::1:27017, connect ECONNREFUSED 127.0.0.1:27017","service":"krushikadhara-api","timestamp":"2026-08-12 14:02:17"}
{"level":"info","message":"Connecting to MongoDB... (URI set: YES, host: unknown)","service":"krushikadhara-api","timestamp":"2026-08-12 14:02:22"}
{"level":"warn","message":"MongoDB disconnected. Attempting to reconnect...","service":"krushikadhara-api","timestamp":"2026-08-12 14:02:52"}
{"level":"error","message":"MongoDB connection error: connect ECONNREFUSED ::1:27017, connect ECONNREFUSED 127.0.0.1:27017","service":"krushikadhara-api","timestamp":"2026-08-12 14:02:52"}
{"level":"info","message":"Retrying MongoDB connection in 5 seconds...","service":"krushikadhara-api","timestamp":"2026-08-12 14:02:52"}
{"level":"error","message":"MongoDB error: connect ECONNREFUSED ::1:27017, connect ECONNREFUSED 127.0.0.1:27017","service":"krushikadhara-api","timestamp":"2026-08-12 14:02:52"}
{"level":"info","message":"Connecting to MongoDB... (URI set: YES, host: unknown)","service":"krushikadhara-api","timestamp":"2026-08-12 14:02:57"}
{"level":"warn","message":"MongoDB disconnected. Attempting to reconnect...","service":"krushikadhara-api","timestamp":"2026-08-12 14:03:27"}
{"level":"error","message":"MongoDB connection error: connect ECONNREFUSED ::1:27017, connect ECONNREFUSED 127.0.0.1:27017","service":"krushikadhara-api","timestamp":"2026-08-12 14:03:27"}
{"level":"info","message":"Retrying MongoDB connection in 5 seconds...","service":"krushikadhara-api","timestamp":"2026-08-12 14:03:27"}
{"level":"error","message":"MongoDB error: connect ECONNREFUSED ::1:27017, connect ECONNREFUSED 127.0.0.1:27017","service":"krushikadhara-api","timestamp":"2026-08-12 14:03:27"}
{"level":"info","message":"Connecting to MongoDB... (URI set: YES, host: unknown)","service":"krushikadhara-api","timestamp":"2026-08-12 14:03:32"}
{"level":"warn","message":"MongoDB disconnected. Attempting to reconnect...","service":"krushikadhara-api","timestamp":"2026-08-12 14:04:02"}
{"level":"error","message":"MongoDB connection error: connect ECONNREFUSED ::1:27017, connect ECONNREFUSED 127.0.0.1:27017","service":"krushikadhara-api","timestamp":"2026-08-12 14:04:02"}
{"level":"info","message":"Retrying MongoDB connection in 5 seconds...","service":"krushikadhara-api","timestamp":"2026-08-12 14:04:02"}
{"level":"error","message":"MongoDB error: connect ECONNREFUSED ::1:27017, connect ECONNREFUSED 127.0.0.1:27017","service":"krushikadhara-api","timestamp":"2026-08-12 14:04:02"}
{"level":"info","message":"Connecting to MongoDB... (URI set: YES, host: unknown)","service":"krushikadhara-api","timestamp":"2026-08-12 14:04:07"}
{"level":"warn","message":"MongoDB disconnected. Attempting to reconnect...","service":"krushikadhara-api","timestamp":"2026-08-12 14:04:37"}
{"level":"error","message":"MongoDB connection error: connect ECONNREFUSED ::1:27017, connect ECONNREFUSED 127.0.0.1:27017","service":"krushikadhara-api","timestamp":"2026-08-12 14:04:37"}
{"level":"info","message":"Retrying MongoDB connection in 5 seconds...","service":"krushikadhara-api","timestamp":"2026-08-12 14:04:37"}
{"level":"error","message":"MongoDB error: connect ECONNREFUSED ::1:27017, connect ECONNREFUSED 127.0.0.1:27017","service":"krushikadhara-api","timestamp":"2026-08-12 14:04:37"}
{"level":"info","message":"Connecting to MongoDB... (URI set: YES, host: unknown)","service":"krushikadhara-api","timestamp":"2026-08-12 14:04:42"}
{"level":"warn","message":"MongoDB disconnected. Attempting to reconnect...","service":"krushikadhara-api","timestamp":"2026-08-12 14:05:12"}
{"level":"error","message":"MongoDB connection error: connect ECONNREFUSED ::1:27017, connect ECONNREFUSED 127.0.0.1:27017","service":"krushikadhara-api","timestamp":"2026-08-12 14:05:12"}
{"level":"info","message":"Retrying MongoDB connection in 5 seconds...","service":"krushikadhara-api","timestamp":"2026-08-12 14:05:12"}
{"level":"error","message":"MongoDB error: connect ECONNREFUSED ::1:27017, connect ECONNREFUSED 127.0.0.1:27017","service":"krushikadhara-api","timestamp":"2026-08-12 14:05:12"}
{"level":"info","message":"Connecting to MongoDB... (URI set: YES, host: unknown)","service":"krushikadhara-api","timestamp":"2026-08-12 14:05:17"}
{"level":"warn","message":"MongoDB disconnected. Attempting to reconnect...","service":"krushikadhara-api","timestamp":"2026-08-12 14:05:47"}
{"level":"error","message":"MongoDB connection error: connect ECONNREFUSED ::1:27017, connect ECONNREFUSED 127.0.0.1:27017","service":"krushikadhara-api","timestamp":"2026-08-12 14:05:47"}
{"level":"info","message":"Retrying MongoDB connection in 5 seconds...","service":"krushikadhara-api","timestamp":"2026-08-12 14:05:47"}
{"level":"error","message":"MongoDB error: connect ECONNREFUSED ::1:27017, connect ECONNREFUSED 127.0.0.1:27017","service":"krushikadhara-api","timestamp":"2026-08-12 14:05:47"}
{"level":"info","message":"Connecting to MongoDB... (URI set: YES, host: unknown)","service":"krushikadhara-api","timestamp":"2026-08-12 14:05:52"}
{"level":"warn","message":"MongoDB disconnected. Attempting to reconnect...","service":"krushikadhara-api","timestamp":"2026-08-12 14:06:22"}
{"level":"error","message":"MongoDB connection error: connect ECONNREFUSED ::1:27017, connect ECONNREFUSED 127.0.0.1:27017","service":"krushikadhara-api","timestamp":"2026-08-12 14:06:22"}
{"level":"info","message":"Retrying MongoDB connection in 5 seconds...","service":"krushikadhara-api","timestamp":"2026-08-12 14:06:22"}
{"level":"error","message":"MongoDB error: connect ECONNREFUSED ::1:27017, connect ECONNREFUSED 127.0.0.1:27017","service":"krushikadhara-api","timestamp":"2026-08-12 14:06:22"}
{"level":"info","message":"Connecting to MongoDB... (URI set: YES, host: unknown)","service":"krushikadhara-api","timestamp":"2026-08-12 14:06:27"}
{"level":"warn","message":"MongoDB disconnected. Attempting to reconnect...","service":"krushikadhara-api","timestamp":"2026-08-12 14:06:57"}
{"level":"error","message":"MongoDB connection error: connect ECONNREFUSED ::1:27017, connect ECONNREFUSED 127.0.0.1:27017","service":"krushikadhara-api","timestamp":"2026-08-12 14:06:57"}
{"level":"info","message":"Retrying MongoDB connection in 5 seconds...","service":"krushikadhara-api","timestamp":"2026-08-12 14:06:57"}
{"level":"error","message":"MongoDB error: connect ECONNREFUSED ::1:27017, connect ECONNREFUSED 127.0.0.1:27017","service":"krushikadhara-api","timestamp":"2026-08-12 14:06:57"}
{"level":"info","message":"Connecting to MongoDB... (URI set: YES, host: unknown)","service":"krushikadhara-api","timestamp":"2026-08-12 14:07:02"}
{"level":"warn","message":"MongoDB disconnected. Attempting to reconnect...","service":"krushikadhara-api","timestamp":"2026-08-12 14:07:32"}
{"level":"error","message":"MongoDB connection error: connect ECONNREFUSED ::1:27017, connect ECONNREFUSED 127.0.0.1:27017","service":"krushikadhara-api","timestamp":"2026-08-12 14:07:32"}
{"level":"info","message":"Retrying MongoDB connection in 5 seconds...","service":"krushikadhara-api","timestamp":"2026-08-12 14:07:32"}
{"level":"error","message":"MongoDB error: connect ECONNREFUSED ::1:27017, connect ECONNREFUSED 127.0.0.1:27017","service":"krushikadhara-api","timestamp":"2026-08-12 14:07:32"}
{"level":"info","message":"Connecting to MongoDB... (URI set: YES, host: unknown)","service":"krushikadhara-api","timestamp":"2026-08-12 14:07:37"}
{"level":"warn","message":"MongoDB disconnected. Attempting to reconnect...","service":"krushikadhara-api","timestamp":"2026-08-12 14:08:07"}
{"level":"error","message":"MongoDB connection error: connect ECONNREFUSED ::1:27017, connect ECONNREFUSED 127.0.0.1:27017","service":"krushikadhara-api","timestamp":"2026-08-12 14:08:07"}
{"level":"info","message":"Retrying MongoDB connection in 5 seconds...","service":"krushikadhara-api","timestamp":"2026-08-12 14:08:07"}
{"level":"error","message":"MongoDB error: connect ECONNREFUSED ::1:27017, connect ECONNREFUSED 127.0.0.1:27017","service":"krushikadhara-api","timestamp":"2026-08-12 14:08:07"}
{"level":"info","message":"Connecting to MongoDB... (URI set: YES, host: unknown)","service":"krushikadhara-api","timestamp":"2026-08-12 14:08:12"}
{"level":"warn","message":"MongoDB disconnected. Attempting to reconnect...","service":"krushikadhara-api","timestamp":"2026-08-12 14:08:42"}
{"level":"error","message":"MongoDB connection error: connect ECONNREFUSED ::1:27017, connect ECONNREFUSED 127.0.0.1:27017","service":"krushikadhara-api","timestamp":"2026-08-12 14:08:42"}
{"level":"info","message":"Retrying MongoDB connection in 5 seconds...","service":"krushikadhara-api","timestamp":"2026-08-12 14:08:42"}
{"level":"error","message":"MongoDB error: connect ECONNREFUSED ::1:27017, connect ECONNREFUSED 127.0.0.1:27017","service":"krushikadhara-api","timestamp":"2026-08-12 14:08:42"}
{"level":"info","message":"Connecting to MongoDB... (URI set: YES, host: unknown)","service":"krushikadhara-api","timestamp":"2026-08-12 14:08:47"}
{"level":"warn","message":"MongoDB disconnected. Attempting to reconnect...","service":"krushikadhara-api","timestamp":"2026-08-12 14:09:17"}
{"level":"error","message":"MongoDB connection error: connect ECONNREFUSED ::1:27017, connect ECONNREFUSED 127.0.0.1:27017","service":"krushikadhara-api","timestamp":"2026-08-12 14:09:17"}
{"level":"info","message":"Retrying MongoDB connection in 5 seconds...","service":"krushikadhara-api","timestamp":"2026-08-12 14:09:17"}
{"level":"error","message":"MongoDB error: connect ECONNREFUSED ::1:27017, connect ECONNREFUSED 127.0.0.1:27017","service":"krushikadhara-api","timestamp":"2026-08-12 14:09:17"}
{"level":"info","message":"Connecting to MongoDB... (URI set: YES, host: unknown)","service":"krushikadhara-api","timestamp":"2026-08-12 14:09:22"}
{"level":"warn","message":"MongoDB disconnected. Attempting to reconnect...","service":"krushikadhara-api","timestamp":"2026-08-12 14:09:52"}
{"level":"error","message":"MongoDB connection error: connect ECONNREFUSED ::1:27017, connect ECONNREFUSED 127.0.0.1:27017","service":"krushikadhara-api","timestamp":"2026-08-12 14:09:52"}
{"level":"info","message":"Retrying MongoDB connection in 5 seconds...","service":"krushikadhara-api","timestamp":"2026-08-12 14:09:52"}
{"level":"error","message":"MongoDB error: connect ECONNREFUSED ::1:27017, connect ECONNREFUSED 127.0.0.1:27017","service":"krushikadhara-api","timestamp":"2026-08-12 14:09:52"}
{"level":"info","message":"Connecting to MongoDB... (URI set: YES, host: unknown)","service":"krushikadhara-api","timestamp":"2026-08-12 14:09:57"}
{"level":"warn","message":"MongoDB disconnected. Attempting to reconnect...","service":"krushikadhara-api","timestamp":"2026-08-12 14:10:27"}
{"level":"error","message":"MongoDB connection error: connect ECONNREFUSED ::1:27017, connect ECONNREFUSED 127.0.0.1:27017","service":"krushikadhara-api","timestamp":"2026-08-12 14:10:27"}
{"level":"info","message":"Retrying MongoDB connection in 5 seconds...","service":"krushikadhara-api","timestamp":"2026-08-12 14:10:27"}
{"level":"error","message":"MongoDB error: connect ECONNREFUSED ::1:27017, connect ECONNREFUSED 127.0.0.1:27017","service":"krushikadhara-api","timestamp":"2026-08-12 14:10:27"}
{"level":"info","message":"Connecting to MongoDB... (URI set: YES, host: unknown)","service":"krushikadhara-api","timestamp":"2026-08-12 14:10:32"}
{"level":"warn","message":"MongoDB disconnected. Attempting to reconnect...","service":"krushikadhara-api","timestamp":"2026-08-12 14:11:02"}
{"level":"error","message":"MongoDB connection error: connect ECONNREFUSED ::1:27017, connect ECONNREFUSED 127.0.0.1:27017","service":"krushikadhara-api","timestamp":"2026-08-12 14:11:02"}
{"level":"info","message":"Retrying MongoDB connection in 5 seconds...","service":"krushikadhara-api","timestamp":"2026-08-12 14:11:02"}
{"level":"error","message":"MongoDB error: connect ECONNREFUSED ::1:27017, connect ECONNREFUSED 127.0.0.1:27017","service":"krushikadhara-api","timestamp":"2026-08-12 14:11:02"}
{"level":"info","message":"Connecting to MongoDB... (URI set: YES, host: unknown)","service":"krushikadhara-api","timestamp":"2026-08-12 14:11:07"}
{"level":"warn","message":"MongoDB disconnected. Attempting to reconnect...","service":"krushikadhara-api","timestamp":"2026-08-12 14:11:37"}
{"level":"error","message":"MongoDB connection error: connect ECONNREFUSED ::1:27017, connect ECONNREFUSED 127.0.0.1:27017","service":"krushikadhara-api","timestamp":"2026-08-12 14:11:37"}
{"level":"info","message":"Retrying MongoDB connection in 5 seconds...","service":"krushikadhara-api","timestamp":"2026-08-12 14:11:37"}
{"level":"error","message":"MongoDB error: connect ECONNREFUSED ::1:27017, connect ECONNREFUSED 127.0.0.1:27017","service":"krushikadhara-api","timestamp":"2026-08-12 14:11:37"}
{"level":"info","message":"Connecting to MongoDB... (URI set: YES, host: unknown)","service":"krushikadhara-api","timestamp":"2026-08-12 14:11:42"}
{"level":"warn","message":"MongoDB disconnected. Attempting to reconnect...","service":"krushikadhara-api","timestamp":"2026-08-12 14:12:12"}
{"level":"error","message":"MongoDB connection error: connect ECONNREFUSED ::1:27017, connect ECONNREFUSED 127.0.0.1:27017","service":"krushikadhara-api","timestamp":"2026-08-12 14:12:12"}
{"level":"info","message":"Retrying MongoDB connection in 5 seconds...","service":"krushikadhara-api","timestamp":"2026-08-12 14:12:12"}
{"level":"error","message":"MongoDB error: connect ECONNREFUSED ::1:27017, connect ECONNREFUSED 127.0.0.1:27017","service":"krushikadhara-api","timestamp":"2026-08-12 14:12:12"}
{"level":"info","message":"Connecting to MongoDB... (URI set: YES, host: unknown)","service":"krushikadhara-api","timestamp":"2026-08-12 14:12:17"}
{"level":"warn","message":"MongoDB disconnected. Attempting to reconnect...","service":"krushikadhara-api","timestamp":"2026-08-12 14:12:47"}
{"level":"error","message":"MongoDB connection error: connect ECONNREFUSED ::1:27017, connect ECONNREFUSED 127.0.0.1:27017","service":"krushikadhara-api","timestamp":"2026-08-12 14:12:47"}
{"level":"info","message":"Retrying MongoDB connection in 5 seconds...","service":"krushikadhara-api","timestamp":"2026-08-12 14:12:47"}
{"level":"error","message":"MongoDB error: connect ECONNREFUSED ::1:27017, connect ECONNREFUSED 127.0.0.1:27017","service":"krushikadhara-api","timestamp":"2026-08-12 14:12:47"}
{"level":"info","message":"Connecting to MongoDB... (URI set: YES, host: unknown)","service":"krushikadhara-api","timestamp":"2026-08-12 14:12:53"}
{"level":"warn","message":"MongoDB disconnected. Attempting to reconnect...","service":"krushikadhara-api","timestamp":"2026-08-12 14:13:23"}
{"level":"error","message":"MongoDB connection error: connect ECONNREFUSED ::1:27017, connect ECONNREFUSED 127.0.0.1:27017","service":"krushikadhara-api","timestamp":"2026-08-12 14:13:23"}
{"level":"info","message":"Retrying MongoDB connection in 5 seconds...","service":"krushikadhara-api","timestamp":"2026-08-12 14:13:23"}
{"level":"error","message":"MongoDB error: connect ECONNREFUSED ::1:27017, connect ECONNREFUSED 127.0.0.1:27017","service":"krushikadhara-api","timestamp":"2026-08-12 14:13:23"}
{"level":"info","message":"Connecting to MongoDB... (URI set: YES, host: unknown)","service":"krushikadhara-api","timestamp":"2026-08-12 14:13:28"}
{"level":"warn","message":"MongoDB disconnected. Attempting to reconnect...","service":"krushikadhara-api","timestamp":"2026-08-12 14:13:58"}
{"level":"error","message":"MongoDB connection error: connect ECONNREFUSED ::1:27017, connect ECONNREFUSED 127.0.0.1:27017","service":"krushikadhara-api","timestamp":"2026-08-12 14:13:58"}
{"level":"info","message":"Retrying MongoDB connection in 5 seconds...","service":"krushikadhara-api","timestamp":"2026-08-12 14:13:58"}
{"level":"error","message":"MongoDB error: connect ECONNREFUSED ::1:27017, connect ECONNREFUSED 127.0.0.1:27017","service":"krushikadhara-api","timestamp":"2026-08-12 14:13:58"}
{"level":"info","message":"Connecting to MongoDB... (URI set: YES, host: unknown)","service":"krushikadhara-api","timestamp":"2026-08-12 14:14:03"}
{"level":"warn","message":"MongoDB disconnected. Attempting to reconnect...","service":"krushikadhara-api","timestamp":"2026-08-12 14:14:33"}
{"level":"error","message":"MongoDB connection error: connect ECONNREFUSED ::1:27017, connect ECONNREFUSED 127.0.0.1:27017","service":"krushikadhara-api","timestamp":"2026-08-12 14:14:33"}
{"level":"info","message":"Retrying MongoDB connection in 5 seconds...","service":"krushikadhara-api","timestamp":"2026-08-12 14:14:33"}
{"level":"error","message":"MongoDB error: connect ECONNREFUSED ::1:27017, connect ECONNREFUSED 127.0.0.1:27017","service":"krushikadhara-api","timestamp":"2026-08-12 14:14:33"}
{"level":"info","message":"Connecting to MongoDB... (URI set: YES, host: unknown)","service":"krushikadhara-api","timestamp":"2026-08-12 14:14:38"}
{"level":"warn","message":"MongoDB disconnected. Attempting to reconnect...","service":"krushikadhara-api","timestamp":"2026-08-12 14:15:08"}
{"level":"error","message":"MongoDB connection error: connect ECONNREFUSED ::1:27017, connect ECONNREFUSED 127.0.0.1:27017","service":"krushikadhara-api","timestamp":"2026-08-12 14:15:08"}
{"level":"info","message":"Retrying MongoDB connection in 5 seconds...","service":"krushikadhara-api","timestamp":"2026-08-12 14:15:08"}
{"level":"error","message":"MongoDB error: connect ECONNREFUSED ::1:27017, connect ECONNREFUSED 127.0.0.1:27017","service":"krushikadhara-api","timestamp":"2026-08-12 14:15:08"}
{"level":"info","message":"Connecting to MongoDB... (URI set: YES, host: unknown)","service":"krushikadhara-api","timestamp":"2026-08-12 14:15:13"}
{"level":"warn","message":"MongoDB disconnected. Attempting to reconnect...","service":"krushikadhara-api","timestamp":"2026-08-12 14:15:43"}
{"level":"error","message":"MongoDB connection error: connect ECONNREFUSED ::1:27017, connect ECONNREFUSED 127.0.0.1:27017","service":"krushikadhara-api","timestamp":"2026-08-12 14:15:43"}
{"level":"info","message":"Retrying MongoDB connection in 5 seconds...","service":"krushikadhara-api","timestamp":"2026-08-12 14:15:43"}
{"level":"error","message":"MongoDB error: connect ECONNREFUSED ::1:27017, connect ECONNREFUSED 127.0.0.1:27017","service":"krushikadhara-api","timestamp":"2026-08-12 14:15:43"}
{"level":"info","message":"Connecting to MongoDB... (URI set: YES, host: unknown)","service":"krushikadhara-api","timestamp":"2026-08-12 14:15:48"}
{"level":"warn","message":"MongoDB disconnected. Attempting to reconnect...","service":"krushikadhara-api","timestamp":"2026-08-12 14:16:18"}
{"level":"error","message":"MongoDB connection error: connect ECONNREFUSED ::1:27017, connect ECONNREFUSED 127.0.0.1:27017","service":"krushikadhara-api","timestamp":"2026-08-12 14:16:18"}
{"level":"info","message":"Retrying MongoDB connection in 5 seconds...","service":"krushikadhara-api","timestamp":"2026-08-12 14:16:18"}
{"level":"error","message":"MongoDB error: connect ECONNREFUSED ::1:27017, connect ECONNREFUSED 127.0.0.1:27017","service":"krushikadhara-api","timestamp":"2026-08-12 14:16:18"}
{"level":"info","message":"Connecting to MongoDB... (URI set: YES, host: unknown)","service":"krushikadhara-api","timestamp":"2026-08-12 14:16:23"}
{"level":"warn","message":"MongoDB disconnected. Attempting to reconnect...","service":"krushikadhara-api","timestamp":"2026-08-12 14:16:53"}
{"level":"error","message":"MongoDB connection error: connect ECONNREFUSED ::1:27017, connect ECONNREFUSED 127.0.0.1:27017","service":"krushikadhara-api","timestamp":"2026-08-12 14:16:53"}
{"level":"info","message":"Retrying MongoDB connection in 5 seconds...","service":"krushikadhara-api","timestamp":"2026-08-12 14:16:53"}
{"level":"error","message":"MongoDB error: connect ECONNREFUSED ::1:27017, connect ECONNREFUSED 127.0.0.1:27017","service":"krushikadhara-api","timestamp":"2026-08-12 14:16:53"}
{"level":"info","message":"Connecting to MongoDB... (URI set: YES, host: unknown)","service":"krushikadhara-api","timestamp":"2026-08-12 14:16:58"}
{"level":"warn","message":"MongoDB disconnected. Attempting to reconnect...","service":"krushikadhara-api","timestamp":"2026-08-12 14:17:28"}
{"level":"error","message":"MongoDB connection error: connect ECONNREFUSED ::1:27017, connect ECONNREFUSED 127.0.0.1:27017","service":"krushikadhara-api","timestamp":"2026-08-12 14:17:28"}
{"level":"info","message":"Retrying MongoDB connection in 5 seconds...","service":"krushikadhara-api","timestamp":"2026-08-12 14:17:28"}
{"level":"error","message":"MongoDB error: connect ECONNREFUSED ::1:27017, connect ECONNREFUSED 127.0.0.1:27017","service":"krushikadhara-api","timestamp":"2026-08-12 14:17:28"}
{"level":"info","message":"Connecting to MongoDB... (URI set: YES, host: unknown)","service":"krushikadhara-api","timestamp":"2026-08-12 14:17:33"}
{"level":"warn","message":"MongoDB disconnected. Attempting to reconnect...","service":"krushikadhara-api","timestamp":"2026-08-12 14:18:03"}
{"level":"error","message":"MongoDB connection error: connect ECONNREFUSED ::1:27017, connect ECONNREFUSED 127.0.0.1:27017","service":"krushikadhara-api","timestamp":"2026-08-12 14:18:03"}
{"level":"info","message":"Retrying MongoDB connection in 5 seconds...","service":"krushikadhara-api","timestamp":"2026-08-12 14:18:03"}
{"level":"error","message":"MongoDB error: connect ECONNREFUSED ::1:27017, connect ECONNREFUSED 127.0.0.1:27017","service":"krushikadhara-api","timestamp":"2026-08-12 14:18:03"}
{"level":"info","message":"Connecting to MongoDB... (URI set: YES, host: unknown)","service":"krushikadhara-api","timestamp":"2026-08-12 14:18:08"}
{"level":"warn","message":"MongoDB disconnected. Attempting to reconnect...","service":"krushikadhara-api","timestamp":"2026-08-12 14:18:38"}
{"level":"error","message":"MongoDB connection error: connect ECONNREFUSED ::1:27017, connect ECONNREFUSED 127.0.0.1:27017","service":"krushikadhara-api","timestamp":"2026-08-12 14:18:38"}
{"level":"info","message":"Retrying MongoDB connection in 5 seconds...","service":"krushikadhara-api","timestamp":"2026-08-12 14:18:38"}
{"level":"error","message":"MongoDB error: connect ECONNREFUSED ::1:27017, connect ECONNREFUSED 127.0.0.1:27017","service":"krushikadhara-api","timestamp":"2026-08-12 14:18:38"}
{"level":"info","message":"Connecting to MongoDB... (URI set: YES, host: unknown)","service":"krushikadhara-api","timestamp":"2026-08-12 14:18:43"}
{"level":"warn","message":"MongoDB disconnected. Attempting to reconnect...","service":"krushikadhara-api","timestamp":"2026-08-12 14:19:13"}
{"level":"error","message":"MongoDB connection error: connect ECONNREFUSED ::1:27017, connect ECONNREFUSED 127.0.0.1:27017","service":"krushikadhara-api","timestamp":"2026-08-12 14:19:13"}
{"level":"info","message":"Retrying MongoDB connection in 5 seconds...","service":"krushikadhara-api","timestamp":"2026-08-12 14:19:13"}
{"level":"error","message":"MongoDB error: connect ECONNREFUSED ::1:27017, connect ECONNREFUSED 127.0.0.1:27017","service":"krushikadhara-api","timestamp":"2026-08-12 14:19:13"}
{"level":"info","message":"Connecting to MongoDB... (URI set: YES, host: unknown)","service":"krushikadhara-api","timestamp":"2026-08-12 14:19:18"}
{"level":"warn","message":"MongoDB disconnected. Attempting to reconnect...","service":"krushikadhara-api","timestamp":"2026-08-12 14:19:48"}
{"level":"error","message":"MongoDB connection error: connect ECONNREFUSED ::1:27017, connect ECONNREFUSED 127.0.0.1:27017","service":"krushikadhara-api","timestamp":"2026-08-12 14:19:48"}
{"level":"info","message":"Retrying MongoDB connection in 5 seconds...","service":"krushikadhara-api","timestamp":"2026-08-12 14:19:48"}
{"level":"error","message":"MongoDB error: connect ECONNREFUSED ::1:27017, connect ECONNREFUSED 127.0.0.1:27017","service":"krushikadhara-api","timestamp":"2026-08-12 14:19:48"}
{"level":"info","message":"Connecting to MongoDB... (URI set: YES, host: unknown)","service":"krushikadhara-api","timestamp":"2026-08-12 14:19:53"}
{"level":"warn","message":"MongoDB disconnected. Attempting to reconnect...","service":"krushikadhara-api","timestamp":"2026-08-12 14:20:23"}
{"level":"error","message":"MongoDB connection error: connect ECONNREFUSED ::1:27017, connect ECONNREFUSED 127.0.0.1:27017","service":"krushikadhara-api","timestamp":"2026-08-12 14:20:23"}
{"level":"info","message":"Retrying MongoDB connection in 5 seconds...","service":"krushikadhara-api","timestamp":"2026-08-12 14:20:23"}
{"level":"error","message":"MongoDB error: connect ECONNREFUSED ::1:27017, connect ECONNREFUSED 127.0.0.1:27017","service":"krushikadhara-api","timestamp":"2026-08-12 14:20:23"}
{"level":"info","message":"Connecting to MongoDB... (URI set: YES, host: unknown)","service":"krushikadhara-api","timestamp":"2026-08-12 14:20:28"}
{"level":"warn","message":"MongoDB disconnected. Attempting to reconnect...","service":"krushikadhara-api","timestamp":"2026-08-12 14:20:58"}
{"level":"error","message":"MongoDB connection error: connect ECONNREFUSED ::1:27017, connect ECONNREFUSED 127.0.0.1:27017","service":"krushikadhara-api","timestamp":"2026-08-12 14:20:58"}
{"level":"info","message":"Retrying MongoDB connection in 5 seconds...","service":"krushikadhara-api","timestamp":"2026-08-12 14:20:58"}
{"level":"error","message":"MongoDB error: connect ECONNREFUSED ::1:27017, connect ECONNREFUSED 127.0.0.1:27017","service":"krushikadhara-api","timestamp":"2026-08-12 14:20:58"}
{"level":"info","message":"Connecting to MongoDB... (URI set: YES, host: unknown)","service":"krushikadhara-api","timestamp":"2026-08-12 14:21:03"}
{"level":"warn","message":"MongoDB disconnected. Attempting to reconnect...","service":"krushikadhara-api","timestamp":"2026-08-12 14:21:33"}
{"level":"error","message":"MongoDB connection error: connect ECONNREFUSED ::1:27017, connect ECONNREFUSED 127.0.0.1:27017","service":"krushikadhara-api","timestamp":"2026-08-12 14:21:33"}
{"level":"info","message":"Retrying MongoDB connection in 5 seconds...","service":"krushikadhara-api","timestamp":"2026-08-12 14:21:33"}
{"level":"error","message":"MongoDB error: connect ECONNREFUSED ::1:27017, connect ECONNREFUSED 127.0.0.1:27017","service":"krushikadhara-api","timestamp":"2026-08-12 14:21:33"}
{"level":"info","message":"Connecting to MongoDB... (URI set: YES, host: unknown)","service":"krushikadhara-api","timestamp":"2026-08-12 14:21:38"}
{"level":"warn","message":"MongoDB disconnected. Attempting to reconnect...","service":"krushikadhara-api","timestamp":"2026-08-12 14:22:08"}
{"level":"error","message":"MongoDB connection error: connect ECONNREFUSED ::1:27017, connect ECONNREFUSED 127.0.0.1:27017","service":"krushikadhara-api","timestamp":"2026-08-12 14:22:08"}
{"level":"info","message":"Retrying MongoDB connection in 5 seconds...","service":"krushikadhara-api","timestamp":"2026-08-12 14:22:08"}
{"level":"error","message":"MongoDB error: connect ECONNREFUSED ::1:27017, connect ECONNREFUSED 127.0.0.1:27017","service":"krushikadhara-api","timestamp":"2026-08-12 14:22:08"}
{"level":"info","message":"Connecting to MongoDB... (URI set: YES, host: unknown)","service":"krushikadhara-api","timestamp":"2026-08-12 14:22:13"}
{"level":"warn","message":"MongoDB disconnected. Attempting to reconnect...","service":"krushikadhara-api","timestamp":"2026-08-12 14:22:43"}
{"level":"error","message":"MongoDB connection error: connect ECONNREFUSED ::1:27017, connect ECONNREFUSED 127.0.0.1:27017","service":"krushikadhara-api","timestamp":"2026-08-12 14:22:43"}
{"level":"info","message":"Retrying MongoDB connection in 5 seconds...","service":"krushikadhara-api","timestamp":"2026-08-12 14:22:43"}
{"level":"error","message":"MongoDB error: connect ECONNREFUSED ::1:27017, connect ECONNREFUSED 127.0.0.1:27017","service":"krushikadhara-api","timestamp":"2026-08-12 14:22:43"}
{"level":"info","message":"Connecting to MongoDB... (URI set: YES, host: unknown)","service":"krushikadhara-api","timestamp":"2026-08-12 14:22:48"}
{"level":"warn","message":"MongoDB disconnected. Attempting to reconnect...","service":"krushikadhara-api","timestamp":"2026-08-12 14:23:18"}
{"level":"error","message":"MongoDB connection error: connect ECONNREFUSED ::1:27017, connect ECONNREFUSED 127.0.0.1:27017","service":"krushikadhara-api","timestamp":"2026-08-12 14:23:18"}
{"level":"info","message":"Retrying MongoDB connection in 5 seconds...","service":"krushikadhara-api","timestamp":"2026-08-12 14:23:18"}
{"level":"error","message":"MongoDB error: connect ECONNREFUSED ::1:27017, connect ECONNREFUSED 127.0.0.1:27017","service":"krushikadhara-api","timestamp":"2026-08-12 14:23:18"}
{"level":"info","message":"Connecting to MongoDB... (URI set: YES, host: unknown)","service":"krushikadhara-api","timestamp":"2026-08-12 14:23:23"}
{"level":"warn","message":"MongoDB disconnected. Attempting to reconnect...","service":"krushikadhara-api","timestamp":"2026-08-12 14:23:53"}
{"level":"error","message":"MongoDB connection error: connect ECONNREFUSED ::1:27017, connect ECONNREFUSED 127.0.0.1:27017","service":"krushikadhara-api","timestamp":"2026-08-12 14:23:53"}
{"level":"info","message":"Retrying MongoDB connection in 5 seconds...","service":"krushikadhara-api","timestamp":"2026-08-12 14:23:53"}
{"level":"error","message":"MongoDB error: connect ECONNREFUSED ::1:27017, connect ECONNREFUSED 127.0.0.1:27017","service":"krushikadhara-api","timestamp":"2026-08-12 14:23:53"}
{"level":"info","message":"Connecting to MongoDB... (URI set: YES, host: unknown)","service":"krushikadhara-api","timestamp":"2026-08-12 14:23:58"}
{"level":"warn","message":"MongoDB disconnected. Attempting to reconnect...","service":"krushikadhara-api","timestamp":"2026-08-12 14:24:28"}
{"level":"error","message":"MongoDB connection error: connect ECONNREFUSED ::1:27017, connect ECONNREFUSED 127.0.0.1:27017","service":"krushikadhara-api","timestamp":"2026-08-12 14:24:28"}
{"level":"info","message":"Retrying MongoDB connection in 5 seconds...","service":"krushikadhara-api","timestamp":"2026-08-12 14:24:28"}
{"level":"error","message":"MongoDB error: connect ECONNREFUSED ::1:27017, connect ECONNREFUSED 127.0.0.1:27017","service":"krushikadhara-api","timestamp":"2026-08-12 14:24:28"}
{"level":"info","message":"Connecting to MongoDB... (URI set: YES, host: unknown)","service":"krushikadhara-api","timestamp":"2026-08-12 14:24:33"}
{"level":"warn","message":"MongoDB disconnected. Attempting to reconnect...","service":"krushikadhara-api","timestamp":"2026-08-12 14:25:03"}
{"level":"error","message":"MongoDB connection error: connect ECONNREFUSED ::1:27017, connect ECONNREFUSED 127.0.0.1:27017","service":"krushikadhara-api","timestamp":"2026-08-12 14:25:03"}
{"level":"info","message":"Retrying MongoDB connection in 5 seconds...","service":"krushikadhara-api","timestamp":"2026-08-12 14:25:03"}
{"level":"error","message":"MongoDB error: connect ECONNREFUSED ::1:27017, connect ECONNREFUSED 127.0.0.1:27017","service":"krushikadhara-api","timestamp":"2026-08-12 14:25:03"}
{"level":"info","message":"Connecting to MongoDB... (URI set: YES, host: unknown)","service":"krushikadhara-api","timestamp":"2026-08-12 14:25:08"}
{"level":"warn","message":"MongoDB disconnected. Attempting to reconnect...","service":"krushikadhara-api","timestamp":"2026-08-12 14:25:38"}
{"level":"error","message":"MongoDB connection error: connect ECONNREFUSED ::1:27017, connect ECONNREFUSED 127.0.0.1:27017","service":"krushikadhara-api","timestamp":"2026-08-12 14:25:38"}
{"level":"info","message":"Retrying MongoDB connection in 5 seconds...","service":"krushikadhara-api","timestamp":"2026-08-12 14:25:38"}
{"level":"error","message":"MongoDB error: connect ECONNREFUSED ::1:27017, connect ECONNREFUSED 127.0.0.1:27017","service":"krushikadhara-api","timestamp":"2026-08-12 14:25:38"}
{"level":"info","message":"Connecting to MongoDB... (URI set: YES, host: unknown)","service":"krushikadhara-api","timestamp":"2026-08-12 14:25:43"}
{"level":"warn","message":"MongoDB disconnected. Attempting to reconnect...","service":"krushikadhara-api","timestamp":"2026-08-12 14:26:13"}
{"level":"error","message":"MongoDB connection error: connect ECONNREFUSED ::1:27017, connect ECONNREFUSED 127.0.0.1:27017","service":"krushikadhara-api","timestamp":"2026-08-12 14:26:13"}
{"level":"info","message":"Retrying MongoDB connection in 5 seconds...","service":"krushikadhara-api","timestamp":"2026-08-12 14:26:13"}
{"level":"error","message":"MongoDB error: connect ECONNREFUSED ::1:27017, connect ECONNREFUSED 127.0.0.1:27017","service":"krushikadhara-api","timestamp":"2026-08-12 14:26:13"}
{"level":"info","message":"Connecting to MongoDB... (URI set: YES, host: unknown)","service":"krushikadhara-api","timestamp":"2026-08-12 14:26:18"}
{"level":"warn","message":"MongoDB disconnected. Attempting to reconnect...","service":"krushikadhara-api","timestamp":"2026-08-12 14:26:48"}
{"level":"error","message":"MongoDB connection error: connect ECONNREFUSED ::1:27017, connect ECONNREFUSED 127.0.0.1:27017","service":"krushikadhara-api","timestamp":"2026-08-12 14:26:48"}
{"level":"info","message":"Retrying MongoDB connection in 5 seconds...","service":"krushikadhara-api","timestamp":"2026-08-12 14:26:48"}
{"level":"error","message":"MongoDB error: connect ECONNREFUSED ::1:27017, connect ECONNREFUSED 127.0.0.1:27017","service":"krushikadhara-api","timestamp":"2026-08-12 14:26:48"}
{"level":"info","message":"Connecting to MongoDB... (URI set: YES, host: unknown)","service":"krushikadhara-api","timestamp":"2026-08-12 14:26:53"}
{"level":"warn","message":"MongoDB disconnected. Attempting to reconnect...","service":"krushikadhara-api","timestamp":"2026-08-12 14:27:23"}
{"level":"error","message":"MongoDB connection error: connect ECONNREFUSED ::1:27017, connect ECONNREFUSED 127.0.0.1:27017","service":"krushikadhara-api","timestamp":"2026-08-12 14:27:23"}
{"level":"info","message":"Retrying MongoDB connection in 5 seconds...","service":"krushikadhara-api","timestamp":"2026-08-12 14:27:23"}
{"level":"error","message":"MongoDB error: connect ECONNREFUSED ::1:27017, connect ECONNREFUSED 127.0.0.1:27017","service":"krushikadhara-api","timestamp":"2026-08-12 14:27:23"}
{"level":"info","message":"Connecting to MongoDB... (URI set: YES, host: unknown)","service":"krushikadhara-api","timestamp":"2026-08-12 14:27:28"}
{"level":"warn","message":"MongoDB disconnected. Attempting to reconnect...","service":"krushikadhara-api","timestamp":"2026-08-12 14:27:58"}
{"level":"error","message":"MongoDB connection error: connect ECONNREFUSED ::1:27017, connect ECONNREFUSED 127.0.0.1:27017","service":"krushikadhara-api","timestamp":"2026-08-12 14:27:58"}
{"level":"info","message":"Retrying MongoDB connection in 5 seconds...","service":"krushikadhara-api","timestamp":"2026-08-12 14:27:58"}
{"level":"error","message":"MongoDB error: connect ECONNREFUSED ::1:27017, connect ECONNREFUSED 127.0.0.1:27017","service":"krushikadhara-api","timestamp":"2026-08-12 14:27:58"}
{"level":"info","message":"Connecting to MongoDB... (URI set: YES, host: unknown)","service":"krushikadhara-api","timestamp":"2026-08-12 14:28:03"}
{"level":"warn","message":"MongoDB disconnected. Attempting to reconnect...","service":"krushikadhara-api","timestamp":"2026-08-12 14:28:33"}
{"level":"error","message":"MongoDB connection error: connect ECONNREFUSED ::1:27017, connect ECONNREFUSED 127.0.0.1:27017","service":"krushikadhara-api","timestamp":"2026-08-12 14:28:33"}
{"level":"info","message":"Retrying MongoDB connection in 5 seconds...","service":"krushikadhara-api","timestamp":"2026-08-12 14:28:33"}
{"level":"error","message":"MongoDB error: connect ECONNREFUSED ::1:27017, connect ECONNREFUSED 127.0.0.1:27017","service":"krushikadhara-api","timestamp":"2026-08-12 14:28:33"}
{"level":"info","message":"Connecting to MongoDB... (URI set: YES, host: unknown)","service":"krushikadhara-api","timestamp":"2026-08-12 14:28:38"}
{"level":"warn","message":"MongoDB disconnected. Attempting to reconnect...","service":"krushikadhara-api","timestamp":"2026-08-12 14:29:08"}
{"level":"error","message":"MongoDB connection error: connect ECONNREFUSED ::1:27017, connect ECONNREFUSED 127.0.0.1:27017","service":"krushikadhara-api","timestamp":"2026-08-12 14:29:08"}
{"level":"info","message":"Retrying MongoDB connection in 5 seconds...","service":"krushikadhara-api","timestamp":"2026-08-12 14:29:08"}
{"level":"error","message":"MongoDB error: connect ECONNREFUSED ::1:27017, connect ECONNREFUSED 127.0.0.1:27017","service":"krushikadhara-api","timestamp":"2026-08-12 14:29:08"}
{"level":"info","message":"Connecting to MongoDB... (URI set: YES, host: unknown)","service":"krushikadhara-api","timestamp":"2026-08-12 14:29:13"}
{"level":"warn","message":"MongoDB disconnected. Attempting to reconnect...","service":"krushikadhara-api","timestamp":"2026-08-12 14:29:43"}
{"level":"error","message":"MongoDB connection error: connect ECONNREFUSED ::1:27017, connect ECONNREFUSED 127.0.0.1:27017","service":"krushikadhara-api","timestamp":"2026-08-12 14:29:43"}
{"level":"info","message":"Retrying MongoDB connection in 5 seconds...","service":"krushikadhara-api","timestamp":"2026-08-12 14:29:43"}
{"level":"error","message":"MongoDB error: connect ECONNREFUSED ::1:27017, connect ECONNREFUSED 127.0.0.1:27017","service":"krushikadhara-api","timestamp":"2026-08-12 14:29:43"}
{"level":"info","message":"Connecting to MongoDB... (URI set: YES, host: unknown)","service":"krushikadhara-api","timestamp":"2026-08-12 14:29:48"}
{"level":"warn","message":"MongoDB disconnected. Attempting to reconnect...","service":"krushikadhara-api","timestamp":"2026-08-12 14:30:18"}
{"level":"error","message":"MongoDB connection error: connect ECONNREFUSED ::1:27017, connect ECONNREFUSED 127.0.0.1:27017","service":"krushikadhara-api","timestamp":"2026-08-12 14:30:18"}
{"level":"info","message":"Retrying MongoDB connection in 5 seconds...","service":"krushikadhara-api","timestamp":"2026-08-12 14:30:18"}
{"level":"error","message":"MongoDB error: connect ECONNREFUSED ::1:27017, connect ECONNREFUSED 127.0.0.1:27017","service":"krushikadhara-api","timestamp":"2026-08-12 14:30:18"}
{"level":"info","message":"Connecting to MongoDB... (URI set: YES, host: unknown)","service":"krushikadhara-api","timestamp":"2026-08-12 14:30:23"}
{"level":"warn","message":"MongoDB disconnected. Attempting to reconnect...","service":"krushikadhara-api","timestamp":"2026-08-12 14:30:53"}
{"level":"error","message":"MongoDB connection error: connect ECONNREFUSED ::1:27017, connect ECONNREFUSED 127.0.0.1:27017","service":"krushikadhara-api","timestamp":"2026-08-12 14:30:53"}
{"level":"info","message":"Retrying MongoDB connection in 5 seconds...","service":"krushikadhara-api","timestamp":"2026-08-12 14:30:53"}
{"level":"error","message":"MongoDB error: connect ECONNREFUSED ::1:27017, connect ECONNREFUSED 127.0.0.1:27017","service":"krushikadhara-api","timestamp":"2026-08-12 14:30:53"}
{"level":"info","message":"Connecting to MongoDB... (URI set: YES, host: unknown)","service":"krushikadhara-api","timestamp":"2026-08-12 14:30:58"}
{"level":"warn","message":"MongoDB disconnected. Attempting to reconnect...","service":"krushikadhara-api","timestamp":"2026-08-12 14:31:28"}
{"level":"error","message":"MongoDB connection error: connect ECONNREFUSED ::1:27017, connect ECONNREFUSED 127.0.0.1:27017","service":"krushikadhara-api","timestamp":"2026-08-12 14:31:28"}
{"level":"info","message":"Retrying MongoDB connection in 5 seconds...","service":"krushikadhara-api","timestamp":"2026-08-12 14:31:28"}
{"level":"error","message":"MongoDB error: connect ECONNREFUSED ::1:27017, connect ECONNREFUSED 127.0.0.1:27017","service":"krushikadhara-api","timestamp":"2026-08-12 14:31:28"}
{"level":"info","message":"Connecting to MongoDB... (URI set: YES, host: unknown)","service":"krushikadhara-api","timestamp":"2026-08-12 14:31:33"}
{"level":"warn","message":"MongoDB disconnected. Attempting to reconnect...","service":"krushikadhara-api","timestamp":"2026-08-12 14:32:03"}
{"level":"error","message":"MongoDB connection error: connect ECONNREFUSED ::1:27017, connect ECONNREFUSED 127.0.0.1:27017","service":"krushikadhara-api","timestamp":"2026-08-12 14:32:03"}
{"level":"info","message":"Retrying MongoDB connection in 5 seconds...","service":"krushikadhara-api","timestamp":"2026-08-12 14:32:03"}
{"level":"error","message":"MongoDB error: connect ECONNREFUSED ::1:27017, connect ECONNREFUSED 127.0.0.1:27017","service":"krushikadhara-api","timestamp":"2026-08-12 14:32:03"}
{"level":"info","message":"Connecting to MongoDB... (URI set: YES, host: unknown)","service":"krushikadhara-api","timestamp":"2026-08-12 14:32:08"}
{"level":"warn","message":"MongoDB disconnected. Attempting to reconnect...","service":"krushikadhara-api","timestamp":"2026-08-12 14:32:38"}
{"level":"error","message":"MongoDB connection error: connect ECONNREFUSED ::1:27017, connect ECONNREFUSED 127.0.0.1:27017","service":"krushikadhara-api","timestamp":"2026-08-12 14:32:38"}
{"level":"info","message":"Retrying MongoDB connection in 5 seconds...","service":"krushikadhara-api","timestamp":"2026-08-12 14:32:38"}
{"level":"error","message":"MongoDB error: connect ECONNREFUSED ::1:27017, connect ECONNREFUSED 127.0.0.1:27017","service":"krushikadhara-api","timestamp":"2026-08-12 14:32:38"}
{"level":"info","message":"Connecting to MongoDB... (URI set: YES, host: unknown)","service":"krushikadhara-api","timestamp":"2026-08-12 14:32:43"}
{"level":"warn","message":"MongoDB disconnected. Attempting to reconnect...","service":"krushikadhara-api","timestamp":"2026-08-12 14:33:13"}
{"level":"error","message":"MongoDB connection error: connect ECONNREFUSED ::1:27017, connect ECONNREFUSED 127.0.0.1:27017","service":"krushikadhara-api","timestamp":"2026-08-12 14:33:13"}
{"level":"info","message":"Retrying MongoDB connection in 5 seconds...","service":"krushikadhara-api","timestamp":"2026-08-12 14:33:13"}
{"level":"error","message":"MongoDB error: connect ECONNREFUSED ::1:27017, connect ECONNREFUSED 127.0.0.1:27017","service":"krushikadhara-api","timestamp":"2026-08-12 14:33:13"}
{"level":"info","message":"Connecting to MongoDB... (URI set: YES, host: unknown)","service":"krushikadhara-api","timestamp":"2026-08-12 14:33:18"}
{"level":"warn","message":"MongoDB disconnected. Attempting to reconnect...","service":"krushikadhara-api","timestamp":"2026-08-12 14:33:48"}
{"level":"error","message":"MongoDB connection error: connect ECONNREFUSED ::1:27017, connect ECONNREFUSED 127.0.0.1:27017","service":"krushikadhara-api","timestamp":"2026-08-12 14:33:48"}
{"level":"info","message":"Retrying MongoDB connection in 5 seconds...","service":"krushikadhara-api","timestamp":"2026-08-12 14:33:48"}
{"level":"error","message":"MongoDB error: connect ECONNREFUSED ::1:27017, connect ECONNREFUSED 127.0.0.1:27017","service":"krushikadhara-api","timestamp":"2026-08-12 14:33:48"}
{"level":"info","message":"Connecting to MongoDB... (URI set: YES, host: unknown)","service":"krushikadhara-api","timestamp":"2026-08-12 14:33:53"}
{"level":"warn","message":"MongoDB disconnected. Attempting to reconnect...","service":"krushikadhara-api","timestamp":"2026-08-12 14:34:23"}
{"level":"error","message":"MongoDB connection error: connect ECONNREFUSED ::1:27017, connect ECONNREFUSED 127.0.0.1:27017","service":"krushikadhara-api","timestamp":"2026-08-12 14:34:23"}
{"level":"info","message":"Retrying MongoDB connection in 5 seconds...","service":"krushikadhara-api","timestamp":"2026-08-12 14:34:23"}
{"level":"error","message":"MongoDB error: connect ECONNREFUSED ::1:27017, connect ECONNREFUSED 127.0.0.1:27017","service":"krushikadhara-api","timestamp":"2026-08-12 14:34:23"}
{"level":"info","message":"Connecting to MongoDB... (URI set: YES, host: unknown)","service":"krushikadhara-api","timestamp":"2026-08-12 14:34:28"}
{"level":"warn","message":"MongoDB disconnected. Attempting to reconnect...","service":"krushikadhara-api","timestamp":"2026-08-12 14:34:58"}
{"level":"error","message":"MongoDB connection error: connect ECONNREFUSED ::1:27017, connect ECONNREFUSED 127.0.0.1:27017","service":"krushikadhara-api","timestamp":"2026-08-12 14:34:58"}
{"level":"info","message":"Retrying MongoDB connection in 5 seconds...","service":"krushikadhara-api","timestamp":"2026-08-12 14:34:58"}
{"level":"error","message":"MongoDB error: connect ECONNREFUSED ::1:27017, connect ECONNREFUSED 127.0.0.1:27017","service":"krushikadhara-api","timestamp":"2026-08-12 14:34:58"}
{"level":"info","message":"Connecting to MongoDB... (URI set: YES, host: unknown)","service":"krushikadhara-api","timestamp":"2026-08-12 14:35:03"}
{"level":"warn","message":"MongoDB disconnected. Attempting to reconnect...","service":"krushikadhara-api","timestamp":"2026-08-12 14:35:33"}
{"level":"error","message":"MongoDB connection error: connect ECONNREFUSED ::1:27017, connect ECONNREFUSED 127.0.0.1:27017","service":"krushikadhara-api","timestamp":"2026-08-12 14:35:33"}
{"level":"info","message":"Retrying MongoDB connection in 5 seconds...","service":"krushikadhara-api","timestamp":"2026-08-12 14:35:33"}
{"level":"error","message":"MongoDB error: connect ECONNREFUSED ::1:27017, connect ECONNREFUSED 127.0.0.1:27017","service":"krushikadhara-api","timestamp":"2026-08-12 14:35:33"}
{"level":"info","message":"Connecting to MongoDB... (URI set: YES, host: unknown)","service":"krushikadhara-api","timestamp":"2026-08-12 14:35:38"}
{"level":"warn","message":"MongoDB disconnected. Attempting to reconnect...","service":"krushikadhara-api","timestamp":"2026-08-12 14:36:08"}
{"level":"error","message":"MongoDB connection error: connect ECONNREFUSED ::1:27017, connect ECONNREFUSED 127.0.0.1:27017","service":"krushikadhara-api","timestamp":"2026-08-12 14:36:08"}
{"level":"info","message":"Retrying MongoDB connection in 5 seconds...","service":"krushikadhara-api","timestamp":"2026-08-12 14:36:08"}
{"level":"error","message":"MongoDB error: connect ECONNREFUSED ::1:27017, connect ECONNREFUSED 127.0.0.1:27017","service":"krushikadhara-api","timestamp":"2026-08-12 14:36:08"}
{"level":"info","message":"Connecting to MongoDB... (URI set: YES, host: unknown)","service":"krushikadhara-api","timestamp":"2026-08-12 14:36:13"}
{"level":"warn","message":"MongoDB disconnected. Attempting to reconnect...","service":"krushikadhara-api","timestamp":"2026-08-12 14:36:43"}
{"level":"error","message":"MongoDB connection error: connect ECONNREFUSED ::1:27017, connect ECONNREFUSED 127.0.0.1:27017","service":"krushikadhara-api","timestamp":"2026-08-12 14:36:43"}
{"level":"info","message":"Retrying MongoDB connection in 5 seconds...","service":"krushikadhara-api","timestamp":"2026-08-12 14:36:43"}
{"level":"error","message":"MongoDB error: connect ECONNREFUSED ::1:27017, connect ECONNREFUSED 127.0.0.1:27017","service":"krushikadhara-api","timestamp":"2026-08-12 14:36:43"}
{"level":"info","message":"Connecting to MongoDB... (URI set: YES, host: unknown)","service":"krushikadhara-api","timestamp":"2026-08-12 14:36:48"}
{"level":"warn","message":"MongoDB disconnected. Attempting to reconnect...","service":"krushikadhara-api","timestamp":"2026-08-12 14:37:18"}
{"level":"error","message":"MongoDB connection error: connect ECONNREFUSED ::1:27017, connect ECONNREFUSED 127.0.0.1:27017","service":"krushikadhara-api","timestamp":"2026-08-12 14:37:18"}
{"level":"info","message":"Retrying MongoDB connection in 5 seconds...","service":"krushikadhara-api","timestamp":"2026-08-12 14:37:18"}
{"level":"error","message":"MongoDB error: connect ECONNREFUSED ::1:27017, connect ECONNREFUSED 127.0.0.1:27017","service":"krushikadhara-api","timestamp":"2026-08-12 14:37:18"}
{"level":"info","message":"Connecting to MongoDB... (URI set: YES, host: unknown)","service":"krushikadhara-api","timestamp":"2026-08-12 14:37:23"}
{"level":"warn","message":"MongoDB disconnected. Attempting to reconnect...","service":"krushikadhara-api","timestamp":"2026-08-12 14:37:53"}
{"level":"error","message":"MongoDB connection error: connect ECONNREFUSED ::1:27017, connect ECONNREFUSED 127.0.0.1:27017","service":"krushikadhara-api","timestamp":"2026-08-12 14:37:53"}
{"level":"info","message":"Retrying MongoDB connection in 5 seconds...","service":"krushikadhara-api","timestamp":"2026-08-12 14:37:53"}
{"level":"error","message":"MongoDB error: connect ECONNREFUSED ::1:27017, connect ECONNREFUSED 127.0.0.1:27017","service":"krushikadhara-api","timestamp":"2026-08-12 14:37:53"}
{"level":"info","message":"Connecting to MongoDB... (URI set: YES, host: unknown)","service":"krushikadhara-api","timestamp":"2026-08-12 14:37:58"}
{"level":"warn","message":"MongoDB disconnected. Attempting to reconnect...","service":"krushikadhara-api","timestamp":"2026-08-12 14:38:28"}
{"level":"error","message":"MongoDB connection error: connect ECONNREFUSED ::1:27017, connect ECONNREFUSED 127.0.0.1:27017","service":"krushikadhara-api","timestamp":"2026-08-12 14:38:28"}
{"level":"info","message":"Retrying MongoDB connection in 5 seconds...","service":"krushikadhara-api","timestamp":"2026-08-12 14:38:28"}
{"level":"error","message":"MongoDB error: connect ECONNREFUSED ::1:27017, connect ECONNREFUSED 127.0.0.1:27017","service":"krushikadhara-api","timestamp":"2026-08-12 14:38:28"}
{"level":"info","message":"Connecting to MongoDB... (URI set: YES, host: unknown)","service":"krushikadhara-api","timestamp":"2026-08-12 14:38:33"}
{"level":"warn","message":"MongoDB disconnected. Attempting to reconnect...","service":"krushikadhara-api","timestamp":"2026-08-12 14:39:03"}
{"level":"error","message":"MongoDB connection error: connect ECONNREFUSED ::1:27017, connect ECONNREFUSED 127.0.0.1:27017","service":"krushikadhara-api","timestamp":"2026-08-12 14:39:03"}
{"level":"info","message":"Retrying MongoDB connection in 5 seconds...","service":"krushikadhara-api","timestamp":"2026-08-12 14:39:03"}
{"level":"error","message":"MongoDB error: connect ECONNREFUSED ::1:27017, connect ECONNREFUSED 127.0.0.1:27017","service":"krushikadhara-api","timestamp":"2026-08-12 14:39:03"}
{"level":"info","message":"Connecting to MongoDB... (URI set: YES, host: unknown)","service":"krushikadhara-api","timestamp":"2026-08-12 14:39:08"}
{"level":"warn","message":"MongoDB disconnected. Attempting to reconnect...","service":"krushikadhara-api","timestamp":"2026-08-12 14:39:38"}
{"level":"error","message":"MongoDB connection error: connect ECONNREFUSED ::1:27017, connect ECONNREFUSED 127.0.0.1:27017","service":"krushikadhara-api","timestamp":"2026-08-12 14:39:38"}
{"level":"info","message":"Retrying MongoDB connection in 5 seconds...","service":"krushikadhara-api","timestamp":"2026-08-12 14:39:38"}
{"level":"error","message":"MongoDB error: connect ECONNREFUSED ::1:27017, connect ECONNREFUSED 127.0.0.1:27017","service":"krushikadhara-api","timestamp":"2026-08-12 14:39:38"}
{"level":"info","message":"Connecting to MongoDB... (URI set: YES, host: unknown)","service":"krushikadhara-api","timestamp":"2026-08-12 14:39:43"}
{"level":"warn","message":"MongoDB disconnected. Attempting to reconnect...","service":"krushikadhara-api","timestamp":"2026-08-12 14:40:13"}
{"level":"error","message":"MongoDB connection error: connect ECONNREFUSED ::1:27017, connect ECONNREFUSED 127.0.0.1:27017","service":"krushikadhara-api","timestamp":"2026-08-12 14:40:13"}
{"level":"info","message":"Retrying MongoDB connection in 5 seconds...","service":"krushikadhara-api","timestamp":"2026-08-12 14:40:13"}
{"level":"error","message":"MongoDB error: connect ECONNREFUSED ::1:27017, connect ECONNREFUSED 127.0.0.1:27017","service":"krushikadhara-api","timestamp":"2026-08-12 14:40:13"}
{"level":"info","message":"Connecting to MongoDB... (URI set: YES, host: unknown)","service":"krushikadhara-api","timestamp":"2026-08-12 14:40:18"}
{"level":"warn","message":"MongoDB disconnected. Attempting to reconnect...","service":"krushikadhara-api","timestamp":"2026-08-12 14:40:48"}
{"level":"error","message":"MongoDB connection error: connect ECONNREFUSED ::1:27017, connect ECONNREFUSED 127.0.0.1:27017","service":"krushikadhara-api","timestamp":"2026-08-12 14:40:48"}
{"level":"info","message":"Retrying MongoDB connection in 5 seconds...","service":"krushikadhara-api","timestamp":"2026-08-12 14:40:48"}
{"level":"error","message":"MongoDB error: connect ECONNREFUSED ::1:27017, connect ECONNREFUSED 127.0.0.1:27017","service":"krushikadhara-api","timestamp":"2026-08-12 14:40:48"}
{"level":"info","message":"Connecting to MongoDB... (URI set: YES, host: unknown)","service":"krushikadhara-api","timestamp":"2026-08-12 14:40:53"}
{"level":"warn","message":"MongoDB disconnected. Attempting to reconnect...","service":"krushikadhara-api","timestamp":"2026-08-12 14:41:23"}
{"level":"error","message":"MongoDB connection error: connect ECONNREFUSED ::1:27017, connect ECONNREFUSED 127.0.0.1:27017","service":"krushikadhara-api","timestamp":"2026-08-12 14:41:23"}
{"level":"info","message":"Retrying MongoDB connection in 5 seconds...","service":"krushikadhara-api","timestamp":"2026-08-12 14:41:23"}
{"level":"error","message":"MongoDB error: connect ECONNREFUSED ::1:27017, connect ECONNREFUSED 127.0.0.1:27017","service":"krushikadhara-api","timestamp":"2026-08-12 14:41:23"}
{"level":"info","message":"Connecting to MongoDB... (URI set: YES, host: unknown)","service":"krushikadhara-api","timestamp":"2026-08-12 14:41:28"}
{"level":"warn","message":"MongoDB disconnected. Attempting to reconnect...","service":"krushikadhara-api","timestamp":"2026-08-12 14:41:58"}
{"level":"error","message":"MongoDB connection error: connect ECONNREFUSED ::1:27017, connect ECONNREFUSED 127.0.0.1:27017","service":"krushikadhara-api","timestamp":"2026-08-12 14:41:58"}
{"level":"info","message":"Retrying MongoDB connection in 5 seconds...","service":"krushikadhara-api","timestamp":"2026-08-12 14:41:58"}
{"level":"error","message":"MongoDB error: connect ECONNREFUSED ::1:27017, connect ECONNREFUSED 127.0.0.1:27017","service":"krushikadhara-api","timestamp":"2026-08-12 14:41:58"}
{"level":"info","message":"Connecting to MongoDB... (URI set: YES, host: unknown)","service":"krushikadhara-api","timestamp":"2026-08-12 14:42:03"}
{"level":"warn","message":"MongoDB disconnected. Attempting to reconnect...","service":"krushikadhara-api","timestamp":"2026-08-12 14:42:33"}
{"level":"error","message":"MongoDB connection error: connect ECONNREFUSED ::1:27017, connect ECONNREFUSED 127.0.0.1:27017","service":"krushikadhara-api","timestamp":"2026-08-12 14:42:33"}
{"level":"info","message":"Retrying MongoDB connection in 5 seconds...","service":"krushikadhara-api","timestamp":"2026-08-12 14:42:33"}
{"level":"error","message":"MongoDB error: connect ECONNREFUSED ::1:27017, connect ECONNREFUSED 127.0.0.1:27017","service":"krushikadhara-api","timestamp":"2026-08-12 14:42:33"}
{"level":"info","message":"Connecting to MongoDB... (URI set: YES, host: unknown)","service":"krushikadhara-api","timestamp":"2026-08-12 14:42:38"}
{"level":"warn","message":"MongoDB disconnected. Attempting to reconnect...","service":"krushikadhara-api","timestamp":"2026-08-12 14:43:08"}
{"level":"error","message":"MongoDB connection error: connect ECONNREFUSED ::1:27017, connect ECONNREFUSED 127.0.0.1:27017","service":"krushikadhara-api","timestamp":"2026-08-12 14:43:08"}
{"level":"info","message":"Retrying MongoDB connection in 5 seconds...","service":"krushikadhara-api","timestamp":"2026-08-12 14:43:08"}
{"level":"error","message":"MongoDB error: connect ECONNREFUSED ::1:27017, connect ECONNREFUSED 127.0.0.1:27017","service":"krushikadhara-api","timestamp":"2026-08-12 14:43:08"}
{"level":"info","message":"Connecting to MongoDB... (URI set: YES, host: unknown)","service":"krushikadhara-api","timestamp":"2026-08-12 14:43:13"}
{"level":"warn","message":"MongoDB disconnected. Attempting to reconnect...","service":"krushikadhara-api","timestamp":"2026-08-12 14:43:43"}
{"level":"error","message":"MongoDB connection error: connect ECONNREFUSED ::1:27017, connect ECONNREFUSED 127.0.0.1:27017","service":"krushikadhara-api","timestamp":"2026-08-12 14:43:43"}
{"level":"info","message":"Retrying MongoDB connection in 5 seconds...","service":"krushikadhara-api","timestamp":"2026-08-12 14:43:43"}
{"level":"error","message":"MongoDB error: connect ECONNREFUSED ::1:27017, connect ECONNREFUSED 127.0.0.1:27017","service":"krushikadhara-api","timestamp":"2026-08-12 14:43:43"}
{"level":"info","message":"Connecting to MongoDB... (URI set: YES, host: unknown)","service":"krushikadhara-api","timestamp":"2026-08-12 14:43:48"}
{"level":"warn","message":"MongoDB disconnected. Attempting to reconnect...","service":"krushikadhara-api","timestamp":"2026-08-12 14:44:18"}
{"level":"error","message":"MongoDB connection error: connect ECONNREFUSED ::1:27017, connect ECONNREFUSED 127.0.0.1:27017","service":"krushikadhara-api","timestamp":"2026-08-12 14:44:18"}
{"level":"info","message":"Retrying MongoDB connection in 5 seconds...","service":"krushikadhara-api","timestamp":"2026-08-12 14:44:18"}
{"level":"error","message":"MongoDB error: connect ECONNREFUSED ::1:27017, connect ECONNREFUSED 127.0.0.1:27017","service":"krushikadhara-api","timestamp":"2026-08-12 14:44:18"}
{"level":"info","message":"Connecting to MongoDB... (URI set: YES, host: unknown)","service":"krushikadhara-api","timestamp":"2026-08-12 14:44:23"}
{"level":"warn","message":"MongoDB disconnected. Attempting to reconnect...","service":"krushikadhara-api","timestamp":"2026-08-12 14:44:53"}
{"level":"error","message":"MongoDB connection error: connect ECONNREFUSED ::1:27017, connect ECONNREFUSED 127.0.0.1:27017","service":"krushikadhara-api","timestamp":"2026-08-12 14:44:53"}
{"level":"info","message":"Retrying MongoDB connection in 5 seconds...","service":"krushikadhara-api","timestamp":"2026-08-12 14:44:53"}
{"level":"error","message":"MongoDB error: connect ECONNREFUSED ::1:27017, connect ECONNREFUSED 127.0.0.1:27017","service":"krushikadhara-api","timestamp":"2026-08-12 14:44:53"}
{"level":"info","message":"Connecting to MongoDB... (URI set: YES, host: unknown)","service":"krushikadhara-api","timestamp":"2026-08-12 14:44:58"}
{"level":"warn","message":"MongoDB disconnected. Attempting to reconnect...","service":"krushikadhara-api","timestamp":"2026-08-12 14:45:28"}
{"level":"error","message":"MongoDB connection error: connect ECONNREFUSED ::1:27017, connect ECONNREFUSED 127.0.0.1:27017","service":"krushikadhara-api","timestamp":"2026-08-12 14:45:28"}
{"level":"info","message":"Retrying MongoDB connection in 5 seconds...","service":"krushikadhara-api","timestamp":"2026-08-12 14:45:28"}
{"level":"error","message":"MongoDB error: connect ECONNREFUSED ::1:27017, connect ECONNREFUSED 127.0.0.1:27017","service":"krushikadhara-api","timestamp":"2026-08-12 14:45:28"}
{"level":"info","message":"Connecting to MongoDB... (URI set: YES, host: unknown)","service":"krushikadhara-api","timestamp":"2026-08-12 14:45:33"}
{"level":"warn","message":"MongoDB disconnected. Attempting to reconnect...","service":"krushikadhara-api","timestamp":"2026-08-12 14:46:03"}
{"level":"error","message":"MongoDB connection error: connect ECONNREFUSED ::1:27017, connect ECONNREFUSED 127.0.0.1:27017","service":"krushikadhara-api","timestamp":"2026-08-12 14:46:03"}
{"level":"info","message":"Retrying MongoDB connection in 5 seconds...","service":"krushikadhara-api","timestamp":"2026-08-12 14:46:03"}
{"level":"error","message":"MongoDB error: connect ECONNREFUSED ::1:27017, connect ECONNREFUSED 127.0.0.1:27017","service":"krushikadhara-api","timestamp":"2026-08-12 14:46:03"}
{"level":"info","message":"Connecting to MongoDB... (URI set: YES, host: unknown)","service":"krushikadhara-api","timestamp":"2026-08-12 14:46:08"}
{"level":"error","message":"Not authorized — no token provided","service":"krushikadhara-api","stack":"Error: Not authorized — no token provided\n    at Z:\\major\\backend_node_api\\src\\middleware\\auth.js:17:15\n    at Z:\\major\\backend_node_api\\src\\utils\\helpers.js:17:21\n    at Layer.handle [as handle_request] (Z:\\major\\backend_node_api\\node_modules\\express\\lib\\router\\layer.js:95:5)\n    at next (Z:\\major\\backend_node_api\\node_modules\\express\\lib\\router\\route.js:149:13)\n    at Route.dispatch (Z:\\major\\backend_node_api\\node_modules\\express\\lib\\router\\route.js:119:3)\n    at Layer.handle [as handle_request] (Z:\\major\\backend_node_api\\node_modules\\express\\lib\\router\\layer.js:95:5)\n    at Z:\\major\\backend_node_api\\node_modules\\express\\lib\\router\\index.js:284:15\n    at router.process_params (Z:\\major\\backend_node_api\\node_modules\\express\\lib\\router\\index.js:346:12)\n    at next (Z:\\major\\backend_node_api\\node_modules\\express\\lib\\router\\index.js:280:10)\n    at router.handle (Z:\\major\\backend_node_api\\node_modules\\express\\lib\\router\\index.js:175:3)","timestamp":"2026-08-12 14:46:11","url":"/api/v1/auth/me"}
{"level":"warn","message":"MongoDB disconnected. Attempting to reconnect...","service":"krushikadhara-api","timestamp":"2026-08-12 14:46:38"}
{"level":"error","message":"MongoDB connection error: connect ECONNREFUSED ::1:27017, connect ECONNREFUSED 127.0.0.1:27017","service":"krushikadhara-api","timestamp":"2026-08-12 14:46:38"}
{"level":"info","message":"Retrying MongoDB connection in 5 seconds...","service":"krushikadhara-api","timestamp":"2026-08-12 14:46:38"}
{"level":"error","message":"MongoDB error: connect ECONNREFUSED ::1:27017, connect ECONNREFUSED 127.0.0.1:27017","service":"krushikadhara-api","timestamp":"2026-08-12 14:46:38"}
{"level":"info","message":"Connecting to MongoDB... (URI set: YES, host: unknown)","service":"krushikadhara-api","timestamp":"2026-08-12 14:46:43"}
{"level":"warn","message":"MongoDB disconnected. Attempting to reconnect...","service":"krushikadhara-api","timestamp":"2026-08-12 14:47:13"}
{"level":"error","message":"MongoDB connection error: connect ECONNREFUSED ::1:27017, connect ECONNREFUSED 127.0.0.1:27017","service":"krushikadhara-api","timestamp":"2026-08-12 14:47:13"}
{"level":"info","message":"Retrying MongoDB connection in 5 seconds...","service":"krushikadhara-api","timestamp":"2026-08-12 14:47:13"}
{"level":"error","message":"MongoDB error: connect ECONNREFUSED ::1:27017, connect ECONNREFUSED 127.0.0.1:27017","service":"krushikadhara-api","timestamp":"2026-08-12 14:47:13"}
{"level":"info","message":"Connecting to MongoDB... (URI set: YES, host: unknown)","service":"krushikadhara-api","timestamp":"2026-08-12 14:47:18"}
{"level":"warn","message":"MongoDB disconnected. Attempting to reconnect...","service":"krushikadhara-api","timestamp":"2026-08-12 14:47:49"}
{"level":"error","message":"MongoDB connection error: connect ECONNREFUSED ::1:27017, connect ECONNREFUSED 127.0.0.1:27017","service":"krushikadhara-api","timestamp":"2026-08-12 14:47:49"}
{"level":"info","message":"Retrying MongoDB connection in 5 seconds...","service":"krushikadhara-api","timestamp":"2026-08-12 14:47:49"}
{"level":"error","message":"MongoDB error: connect ECONNREFUSED ::1:27017, connect ECONNREFUSED 127.0.0.1:27017","service":"krushikadhara-api","timestamp":"2026-08-12 14:47:49"}
{"level":"info","message":"Connecting to MongoDB... (URI set: YES, host: unknown)","service":"krushikadhara-api","timestamp":"2026-08-12 14:47:54"}
{"level":"warn","message":"MongoDB disconnected. Attempting to reconnect...","service":"krushikadhara-api","timestamp":"2026-08-12 14:48:24"}
{"level":"error","message":"MongoDB connection error: connect ECONNREFUSED ::1:27017, connect ECONNREFUSED 127.0.0.1:27017","service":"krushikadhara-api","timestamp":"2026-08-12 14:48:24"}
{"level":"info","message":"Retrying MongoDB connection in 5 seconds...","service":"krushikadhara-api","timestamp":"2026-08-12 14:48:24"}
{"level":"error","message":"MongoDB error: connect ECONNREFUSED ::1:27017, connect ECONNREFUSED 127.0.0.1:27017","service":"krushikadhara-api","timestamp":"2026-08-12 14:48:24"}
{"level":"info","message":"Connecting to MongoDB... (URI set: YES, host: unknown)","service":"krushikadhara-api","timestamp":"2026-08-12 14:48:29"}
{"level":"warn","message":"MongoDB disconnected. Attempting to reconnect...","service":"krushikadhara-api","timestamp":"2026-08-12 14:48:59"}
{"level":"error","message":"MongoDB connection error: connect ECONNREFUSED ::1:27017, connect ECONNREFUSED 127.0.0.1:27017","service":"krushikadhara-api","timestamp":"2026-08-12 14:48:59"}
{"level":"info","message":"Retrying MongoDB connection in 5 seconds...","service":"krushikadhara-api","timestamp":"2026-08-12 14:48:59"}
{"level":"error","message":"MongoDB error: connect ECONNREFUSED ::1:27017, connect ECONNREFUSED 127.0.0.1:27017","service":"krushikadhara-api","timestamp":"2026-08-12 14:48:59"}
{"level":"info","message":"Connecting to MongoDB... (URI set: YES, host: unknown)","service":"krushikadhara-api","timestamp":"2026-08-12 14:49:04"}
{"level":"warn","message":"MongoDB disconnected. Attempting to reconnect...","service":"krushikadhara-api","timestamp":"2026-08-12 14:49:34"}
{"level":"error","message":"MongoDB connection error: connect ECONNREFUSED ::1:27017, connect ECONNREFUSED 127.0.0.1:27017","service":"krushikadhara-api","timestamp":"2026-08-12 14:49:34"}
{"level":"info","message":"Retrying MongoDB connection in 5 seconds...","service":"krushikadhara-api","timestamp":"2026-08-12 14:49:34"}
{"level":"error","message":"MongoDB error: connect ECONNREFUSED ::1:27017, connect ECONNREFUSED 127.0.0.1:27017","service":"krushikadhara-api","timestamp":"2026-08-12 14:49:34"}
{"level":"info","message":"Connecting to MongoDB... (URI set: YES, host: unknown)","service":"krushikadhara-api","timestamp":"2026-08-12 14:49:39"}
{"level":"warn","message":"MongoDB disconnected. Attempting to reconnect...","service":"krushikadhara-api","timestamp":"2026-08-12 14:50:09"}
{"level":"error","message":"MongoDB connection error: connect ECONNREFUSED ::1:27017, connect ECONNREFUSED 127.0.0.1:27017","service":"krushikadhara-api","timestamp":"2026-08-12 14:50:09"}
{"level":"info","message":"Retrying MongoDB connection in 5 seconds...","service":"krushikadhara-api","timestamp":"2026-08-12 14:50:09"}
{"level":"error","message":"MongoDB error: connect ECONNREFUSED ::1:27017, connect ECONNREFUSED 127.0.0.1:27017","service":"krushikadhara-api","timestamp":"2026-08-12 14:50:09"}
{"level":"info","message":"Connecting to MongoDB... (URI set: YES, host: unknown)","service":"krushikadhara-api","timestamp":"2026-08-12 14:50:14"}
{"level":"warn","message":"MongoDB disconnected. Attempting to reconnect...","service":"krushikadhara-api","timestamp":"2026-08-12 14:50:44"}
{"level":"error","message":"MongoDB connection error: connect ECONNREFUSED ::1:27017, connect ECONNREFUSED 127.0.0.1:27017","service":"krushikadhara-api","timestamp":"2026-08-12 14:50:44"}
{"level":"info","message":"Retrying MongoDB connection in 5 seconds...","service":"krushikadhara-api","timestamp":"2026-08-12 14:50:44"}
{"level":"error","message":"MongoDB error: connect ECONNREFUSED ::1:27017, connect ECONNREFUSED 127.0.0.1:27017","service":"krushikadhara-api","timestamp":"2026-08-12 14:50:44"}
{"level":"info","message":"Connecting to MongoDB... (URI set: YES, host: unknown)","service":"krushikadhara-api","timestamp":"2026-08-12 14:50:49"}
{"level":"warn","message":"MongoDB disconnected. Attempting to reconnect...","service":"krushikadhara-api","timestamp":"2026-08-12 14:51:19"}
{"level":"error","message":"MongoDB connection error: connect ECONNREFUSED ::1:27017, connect ECONNREFUSED 127.0.0.1:27017","service":"krushikadhara-api","timestamp":"2026-08-12 14:51:19"}
{"level":"info","message":"Retrying MongoDB connection in 5 seconds...","service":"krushikadhara-api","timestamp":"2026-08-12 14:51:19"}
{"level":"error","message":"MongoDB error: connect ECONNREFUSED ::1:27017, connect ECONNREFUSED 127.0.0.1:27017","service":"krushikadhara-api","timestamp":"2026-08-12 14:51:19"}
{"level":"info","message":"Connecting to MongoDB... (URI set: YES, host: unknown)","service":"krushikadhara-api","timestamp":"2026-08-12 14:51:24"}
{"level":"warn","message":"MongoDB disconnected. Attempting to reconnect...","service":"krushikadhara-api","timestamp":"2026-08-12 14:51:54"}
{"level":"error","message":"MongoDB connection error: connect ECONNREFUSED ::1:27017, connect ECONNREFUSED 127.0.0.1:27017","service":"krushikadhara-api","timestamp":"2026-08-12 14:51:54"}
{"level":"info","message":"Retrying MongoDB connection in 5 seconds...","service":"krushikadhara-api","timestamp":"2026-08-12 14:51:54"}
{"level":"error","message":"MongoDB error: connect ECONNREFUSED ::1:27017, connect ECONNREFUSED 127.0.0.1:27017","service":"krushikadhara-api","timestamp":"2026-08-12 14:51:54"}
{"level":"info","message":"Connecting to MongoDB... (URI set: YES, host: unknown)","service":"krushikadhara-api","timestamp":"2026-08-12 14:51:59"}
{"level":"warn","message":"MongoDB disconnected. Attempting to reconnect...","service":"krushikadhara-api","timestamp":"2026-08-12 14:52:29"}
{"level":"error","message":"MongoDB connection error: connect ECONNREFUSED ::1:27017, connect ECONNREFUSED 127.0.0.1:27017","service":"krushikadhara-api","timestamp":"2026-08-12 14:52:29"}
{"level":"info","message":"Retrying MongoDB connection in 5 seconds...","service":"krushikadhara-api","timestamp":"2026-08-12 14:52:29"}
{"level":"error","message":"MongoDB error: connect ECONNREFUSED ::1:27017, connect ECONNREFUSED 127.0.0.1:27017","service":"krushikadhara-api","timestamp":"2026-08-12 14:52:29"}
{"level":"info","message":"Connecting to MongoDB... (URI set: YES, host: unknown)","service":"krushikadhara-api","timestamp":"2026-08-12 14:52:34"}
{"level":"warn","message":"MongoDB disconnected. Attempting to reconnect...","service":"krushikadhara-api","timestamp":"2026-08-12 14:53:04"}
{"level":"error","message":"MongoDB connection error: connect ECONNREFUSED ::1:27017, connect ECONNREFUSED 127.0.0.1:27017","service":"krushikadhara-api","timestamp":"2026-08-12 14:53:04"}
{"level":"info","message":"Retrying MongoDB connection in 5 seconds...","service":"krushikadhara-api","timestamp":"2026-08-12 14:53:04"}
{"level":"error","message":"MongoDB error: connect ECONNREFUSED ::1:27017, connect ECONNREFUSED 127.0.0.1:27017","service":"krushikadhara-api","timestamp":"2026-08-12 14:53:04"}
{"level":"info","message":"Connecting to MongoDB... (URI set: YES, host: unknown)","service":"krushikadhara-api","timestamp":"2026-08-12 14:53:09"}
{"level":"warn","message":"MongoDB disconnected. Attempting to reconnect...","service":"krushikadhara-api","timestamp":"2026-08-12 14:53:39"}
{"level":"error","message":"MongoDB connection error: connect ECONNREFUSED ::1:27017, connect ECONNREFUSED 127.0.0.1:27017","service":"krushikadhara-api","timestamp":"2026-08-12 14:53:39"}
{"level":"info","message":"Retrying MongoDB connection in 5 seconds...","service":"krushikadhara-api","timestamp":"2026-08-12 14:53:39"}
{"level":"error","message":"MongoDB error: connect ECONNREFUSED ::1:27017, connect ECONNREFUSED 127.0.0.1:27017","service":"krushikadhara-api","timestamp":"2026-08-12 14:53:39"}
{"level":"info","message":"Connecting to MongoDB... (URI set: YES, host: unknown)","service":"krushikadhara-api","timestamp":"2026-08-12 14:53:44"}
{"level":"warn","message":"MongoDB disconnected. Attempting to reconnect...","service":"krushikadhara-api","timestamp":"2026-08-12 14:54:14"}
{"level":"error","message":"MongoDB connection error: connect ECONNREFUSED ::1:27017, connect ECONNREFUSED 127.0.0.1:27017","service":"krushikadhara-api","timestamp":"2026-08-12 14:54:14"}
{"level":"info","message":"Retrying MongoDB connection in 5 seconds...","service":"krushikadhara-api","timestamp":"2026-08-12 14:54:14"}
{"level":"error","message":"MongoDB error: connect ECONNREFUSED ::1:27017, connect ECONNREFUSED 127.0.0.1:27017","service":"krushikadhara-api","timestamp":"2026-08-12 14:54:14"}
{"level":"info","message":"Connecting to MongoDB... (URI set: YES, host: unknown)","service":"krushikadhara-api","timestamp":"2026-08-12 14:54:19"}
{"level":"warn","message":"MongoDB disconnected. Attempting to reconnect...","service":"krushikadhara-api","timestamp":"2026-08-12 14:54:49"}
{"level":"error","message":"MongoDB connection error: connect ECONNREFUSED ::1:27017, connect ECONNREFUSED 127.0.0.1:27017","service":"krushikadhara-api","timestamp":"2026-08-12 14:54:49"}
{"level":"info","message":"Retrying MongoDB connection in 5 seconds...","service":"krushikadhara-api","timestamp":"2026-08-12 14:54:49"}
{"level":"error","message":"MongoDB error: connect ECONNREFUSED ::1:27017, connect ECONNREFUSED 127.0.0.1:27017","service":"krushikadhara-api","timestamp":"2026-08-12 14:54:49"}
{"level":"info","message":"Connecting to MongoDB... (URI set: YES, host: unknown)","service":"krushikadhara-api","timestamp":"2026-08-12 14:54:54"}
{"level":"warn","message":"MongoDB disconnected. Attempting to reconnect...","service":"krushikadhara-api","timestamp":"2026-08-12 14:55:24"}
{"level":"error","message":"MongoDB connection error: connect ECONNREFUSED ::1:27017, connect ECONNREFUSED 127.0.0.1:27017","service":"krushikadhara-api","timestamp":"2026-08-12 14:55:24"}
{"level":"info","message":"Retrying MongoDB connection in 5 seconds...","service":"krushikadhara-api","timestamp":"2026-08-12 14:55:24"}
{"level":"error","message":"MongoDB error: connect ECONNREFUSED ::1:27017, connect ECONNREFUSED 127.0.0.1:27017","service":"krushikadhara-api","timestamp":"2026-08-12 14:55:24"}
{"level":"info","message":"Connecting to MongoDB... (URI set: YES, host: unknown)","service":"krushikadhara-api","timestamp":"2026-08-12 14:55:29"}
{"level":"warn","message":"MongoDB disconnected. Attempting to reconnect...","service":"krushikadhara-api","timestamp":"2026-08-12 14:55:59"}
{"level":"error","message":"MongoDB connection error: connect ECONNREFUSED ::1:27017, connect ECONNREFUSED 127.0.0.1:27017","service":"krushikadhara-api","timestamp":"2026-08-12 14:55:59"}
{"level":"info","message":"Retrying MongoDB connection in 5 seconds...","service":"krushikadhara-api","timestamp":"2026-08-12 14:55:59"}
{"level":"error","message":"MongoDB error: connect ECONNREFUSED ::1:27017, connect ECONNREFUSED 127.0.0.1:27017","service":"krushikadhara-api","timestamp":"2026-08-12 14:55:59"}
{"level":"info","message":"Connecting to MongoDB... (URI set: YES, host: unknown)","service":"krushikadhara-api","timestamp":"2026-08-12 14:56:04"}
{"level":"warn","message":"MongoDB disconnected. Attempting to reconnect...","service":"krushikadhara-api","timestamp":"2026-08-12 14:56:34"}
{"level":"error","message":"MongoDB connection error: connect ECONNREFUSED ::1:27017, connect ECONNREFUSED 127.0.0.1:27017","service":"krushikadhara-api","timestamp":"2026-08-12 14:56:34"}
{"level":"info","message":"Retrying MongoDB connection in 5 seconds...","service":"krushikadhara-api","timestamp":"2026-08-12 14:56:34"}
{"level":"error","message":"MongoDB error: connect ECONNREFUSED ::1:27017, connect ECONNREFUSED 127.0.0.1:27017","service":"krushikadhara-api","timestamp":"2026-08-12 14:56:34"}
{"level":"info","message":"Connecting to MongoDB... (URI set: YES, host: unknown)","service":"krushikadhara-api","timestamp":"2026-08-12 14:56:39"}
{"level":"warn","message":"MongoDB disconnected. Attempting to reconnect...","service":"krushikadhara-api","timestamp":"2026-08-12 14:57:09"}
{"level":"error","message":"MongoDB connection error: connect ECONNREFUSED ::1:27017, connect ECONNREFUSED 127.0.0.1:27017","service":"krushikadhara-api","timestamp":"2026-08-12 14:57:09"}
{"level":"info","message":"Retrying MongoDB connection in 5 seconds...","service":"krushikadhara-api","timestamp":"2026-08-12 14:57:09"}
{"level":"error","message":"MongoDB error: connect ECONNREFUSED ::1:27017, connect ECONNREFUSED 127.0.0.1:27017","service":"krushikadhara-api","timestamp":"2026-08-12 14:57:09"}
{"level":"info","message":"Connecting to MongoDB... (URI set: YES, host: unknown)","service":"krushikadhara-api","timestamp":"2026-08-12 14:57:14"}
{"level":"warn","message":"MongoDB disconnected. Attempting to reconnect...","service":"krushikadhara-api","timestamp":"2026-08-12 14:57:44"}
{"level":"error","message":"MongoDB connection error: connect ECONNREFUSED ::1:27017, connect ECONNREFUSED 127.0.0.1:27017","service":"krushikadhara-api","timestamp":"2026-08-12 14:57:44"}
{"level":"info","message":"Retrying MongoDB connection in 5 seconds...","service":"krushikadhara-api","timestamp":"2026-08-12 14:57:44"}
{"level":"error","message":"MongoDB error: connect ECONNREFUSED ::1:27017, connect ECONNREFUSED 127.0.0.1:27017","service":"krushikadhara-api","timestamp":"2026-08-12 14:57:44"}
{"level":"info","message":"Connecting to MongoDB... (URI set: YES, host: unknown)","service":"krushikadhara-api","timestamp":"2026-08-12 14:57:49"}
{"level":"warn","message":"MongoDB disconnected. Attempting to reconnect...","service":"krushikadhara-api","timestamp":"2026-08-12 14:58:19"}
{"level":"error","message":"MongoDB connection error: connect ECONNREFUSED ::1:27017, connect ECONNREFUSED 127.0.0.1:27017","service":"krushikadhara-api","timestamp":"2026-08-12 14:58:19"}
{"level":"info","message":"Retrying MongoDB connection in 5 seconds...","service":"krushikadhara-api","timestamp":"2026-08-12 14:58:19"}
{"level":"error","message":"MongoDB error: connect ECONNREFUSED ::1:27017, connect ECONNREFUSED 127.0.0.1:27017","service":"krushikadhara-api","timestamp":"2026-08-12 14:58:19"}
{"level":"info","message":"Connecting to MongoDB... (URI set: YES, host: unknown)","service":"krushikadhara-api","timestamp":"2026-08-12 14:58:24"}
{"level":"warn","message":"MongoDB disconnected. Attempting to reconnect...","service":"krushikadhara-api","timestamp":"2026-08-12 14:58:54"}
{"level":"error","message":"MongoDB connection error: connect ECONNREFUSED ::1:27017, connect ECONNREFUSED 127.0.0.1:27017","service":"krushikadhara-api","timestamp":"2026-08-12 14:58:54"}
{"level":"info","message":"Retrying MongoDB connection in 5 seconds...","service":"krushikadhara-api","timestamp":"2026-08-12 14:58:54"}
{"level":"error","message":"MongoDB error: connect ECONNREFUSED ::1:27017, connect ECONNREFUSED 127.0.0.1:27017","service":"krushikadhara-api","timestamp":"2026-08-12 14:58:54"}
{"level":"info","message":"Connecting to MongoDB... (URI set: YES, host: unknown)","service":"krushikadhara-api","timestamp":"2026-08-12 14:58:59"}
{"level":"warn","message":"MongoDB disconnected. Attempting to reconnect...","service":"krushikadhara-api","timestamp":"2026-08-12 14:59:29"}
{"level":"error","message":"MongoDB connection error: connect ECONNREFUSED ::1:27017, connect ECONNREFUSED 127.0.0.1:27017","service":"krushikadhara-api","timestamp":"2026-08-12 14:59:29"}
{"level":"info","message":"Retrying MongoDB connection in 5 seconds...","service":"krushikadhara-api","timestamp":"2026-08-12 14:59:29"}
{"level":"error","message":"MongoDB error: connect ECONNREFUSED ::1:27017, connect ECONNREFUSED 127.0.0.1:27017","service":"krushikadhara-api","timestamp":"2026-08-12 14:59:29"}
{"level":"info","message":"Connecting to MongoDB... (URI set: YES, host: unknown)","service":"krushikadhara-api","timestamp":"2026-08-12 14:59:34"}
{"level":"info","message":"[CRON] Starting weather data update...","service":"krushikadhara-api","timestamp":"2026-08-12 15:00:00"}
{"level":"error","message":"[CRON] Weather fetch failed for Bangalore: Request failed with status code 401","service":"krushikadhara-api","timestamp":"2026-08-12 15:00:01"}
{"level":"error","message":"[CRON] Weather fetch failed for Mysore: Request failed with status code 401","service":"krushikadhara-api","timestamp":"2026-08-12 15:00:01"}
{"level":"error","message":"[CRON] Weather fetch failed for Hubli: Request failed with status code 401","service":"krushikadhara-api","timestamp":"2026-08-12 15:00:01"}
{"level":"error","message":"[CRON] Weather fetch failed for Belgaum: Request failed with status code 401","service":"krushikadhara-api","timestamp":"2026-08-12 15:00:02"}
{"level":"error","message":"[CRON] Weather fetch failed for Mangalore: Request failed with status code 401","service":"krushikadhara-api","timestamp":"2026-08-12 15:00:02"}
{"level":"error","message":"[CRON] Weather fetch failed for Davangere: Request failed with status code 401","service":"krushikadhara-api","timestamp":"2026-08-12 15:00:02"}
{"level":"error","message":"[CRON] Weather fetch failed for Bellary: Request failed with status code 401","service":"krushikadhara-api","timestamp":"2026-08-12 15:00:02"}
{"level":"error","message":"[CRON] Weather fetch failed for Shimoga: Request failed with status code 401","service":"krushikadhara-api","timestamp":"2026-08-12 15:00:03"}
{"level":"error","message":"[CRON] Weather fetch failed for Mandya: Request failed with status code 401","service":"krushikadhara-api","timestamp":"2026-08-12 15:00:03"}
{"level":"error","message":"[CRON] Weather fetch failed for Hassan: Request failed with status code 401","service":"krushikadhara-api","timestamp":"2026-08-12 15:00:03"}
{"level":"error","message":"[CRON] Weather fetch failed for Tumkur: Request failed with status code 401","service":"krushikadhara-api","timestamp":"2026-08-12 15:00:04"}
{"level":"error","message":"[CRON] Weather fetch failed for Raichur: Request failed with status code 401","service":"krushikadhara-api","timestamp":"2026-08-12 15:00:04"}
{"level":"info","message":"[CRON] Weather update complete: 0/12 locations, 0 alerts sent","service":"krushikadhara-api","timestamp":"2026-08-12 15:00:04"}
{"level":"warn","message":"MongoDB disconnected. Attempting to reconnect...","service":"krushikadhara-api","timestamp":"2026-08-12 15:00:04"}
{"level":"error","message":"MongoDB connection error: connect ECONNREFUSED ::1:27017, connect ECONNREFUSED 127.0.0.1:27017","service":"krushikadhara-api","timestamp":"2026-08-12 15:00:04"}
{"level":"info","message":"Retrying MongoDB connection in 5 seconds...","service":"krushikadhara-api","timestamp":"2026-08-12 15:00:04"}
{"level":"error","message":"MongoDB error: connect ECONNREFUSED ::1:27017, connect ECONNREFUSED 127.0.0.1:27017","service":"krushikadhara-api","timestamp":"2026-08-12 15:00:04"}
{"level":"info","message":"Connecting to MongoDB... (URI set: YES, host: unknown)","service":"krushikadhara-api","timestamp":"2026-08-12 15:00:09"}
{"level":"warn","message":"MongoDB disconnected. Attempting to reconnect...","service":"krushikadhara-api","timestamp":"2026-08-12 15:00:39"}
{"level":"error","message":"MongoDB connection error: connect ECONNREFUSED ::1:27017, connect ECONNREFUSED 127.0.0.1:27017","service":"krushikadhara-api","timestamp":"2026-08-12 15:00:39"}
{"level":"info","message":"Retrying MongoDB connection in 5 seconds...","service":"krushikadhara-api","timestamp":"2026-08-12 15:00:39"}
{"level":"error","message":"MongoDB error: connect ECONNREFUSED ::1:27017, connect ECONNREFUSED 127.0.0.1:27017","service":"krushikadhara-api","timestamp":"2026-08-12 15:00:39"}
{"level":"info","message":"Connecting to MongoDB... (URI set: YES, host: unknown)","service":"krushikadhara-api","timestamp":"2026-08-12 15:00:44"}
{"level":"warn","message":"MongoDB disconnected. Attempting to reconnect...","service":"krushikadhara-api","timestamp":"2026-08-12 15:01:14"}
{"level":"error","message":"MongoDB connection error: connect ECONNREFUSED ::1:27017, connect ECONNREFUSED 127.0.0.1:27017","service":"krushikadhara-api","timestamp":"2026-08-12 15:01:14"}
{"level":"info","message":"Retrying MongoDB connection in 5 seconds...","service":"krushikadhara-api","timestamp":"2026-08-12 15:01:14"}
{"level":"error","message":"MongoDB error: connect ECONNREFUSED ::1:27017, connect ECONNREFUSED 127.0.0.1:27017","service":"krushikadhara-api","timestamp":"2026-08-12 15:01:14"}
{"level":"info","message":"Connecting to MongoDB... (URI set: YES, host: unknown)","service":"krushikadhara-api","timestamp":"2026-08-12 15:01:19"}
{"level":"warn","message":"MongoDB disconnected. Attempting to reconnect...","service":"krushikadhara-api","timestamp":"2026-08-12 15:01:49"}
{"level":"error","message":"MongoDB connection error: connect ECONNREFUSED ::1:27017, connect ECONNREFUSED 127.0.0.1:27017","service":"krushikadhara-api","timestamp":"2026-08-12 15:01:49"}
{"level":"info","message":"Retrying MongoDB connection in 5 seconds...","service":"krushikadhara-api","timestamp":"2026-08-12 15:01:49"}
{"level":"error","message":"MongoDB error: connect ECONNREFUSED ::1:27017, connect ECONNREFUSED 127.0.0.1:27017","service":"krushikadhara-api","timestamp":"2026-08-12 15:01:49"}
{"level":"info","message":"Connecting to MongoDB... (URI set: YES, host: unknown)","service":"krushikadhara-api","timestamp":"2026-08-12 15:01:54"}
{"level":"warn","message":"MongoDB disconnected. Attempting to reconnect...","service":"krushikadhara-api","timestamp":"2026-08-12 15:02:24"}
{"level":"error","message":"MongoDB connection error: connect ECONNREFUSED ::1:27017, connect ECONNREFUSED 127.0.0.1:27017","service":"krushikadhara-api","timestamp":"2026-08-12 15:02:24"}
{"level":"info","message":"Retrying MongoDB connection in 5 seconds...","service":"krushikadhara-api","timestamp":"2026-08-12 15:02:24"}
{"level":"error","message":"MongoDB error: connect ECONNREFUSED ::1:27017, connect ECONNREFUSED 127.0.0.1:27017","service":"krushikadhara-api","timestamp":"2026-08-12 15:02:24"}
{"level":"info","message":"Connecting to MongoDB... (URI set: YES, host: unknown)","service":"krushikadhara-api","timestamp":"2026-08-12 15:02:29"}
{"level":"warn","message":"MongoDB disconnected. Attempting to reconnect...","service":"krushikadhara-api","timestamp":"2026-08-12 15:02:59"}
{"level":"error","message":"MongoDB connection error: connect ECONNREFUSED ::1:27017, connect ECONNREFUSED 127.0.0.1:27017","service":"krushikadhara-api","timestamp":"2026-08-12 15:02:59"}
{"level":"info","message":"Retrying MongoDB connection in 5 seconds...","service":"krushikadhara-api","timestamp":"2026-08-12 15:02:59"}
{"level":"error","message":"MongoDB error: connect ECONNREFUSED ::1:27017, connect ECONNREFUSED 127.0.0.1:27017","service":"krushikadhara-api","timestamp":"2026-08-12 15:02:59"}
{"level":"info","message":"Connecting to MongoDB... (URI set: YES, host: unknown)","service":"krushikadhara-api","timestamp":"2026-08-12 15:03:04"}
{"level":"warn","message":"MongoDB disconnected. Attempting to reconnect...","service":"krushikadhara-api","timestamp":"2026-08-12 15:03:34"}
{"level":"error","message":"MongoDB connection error: connect ECONNREFUSED ::1:27017, connect ECONNREFUSED 127.0.0.1:27017","service":"krushikadhara-api","timestamp":"2026-08-12 15:03:34"}
{"level":"info","message":"Retrying MongoDB connection in 5 seconds...","service":"krushikadhara-api","timestamp":"2026-08-12 15:03:34"}
{"level":"error","message":"MongoDB error: connect ECONNREFUSED ::1:27017, connect ECONNREFUSED 127.0.0.1:27017","service":"krushikadhara-api","timestamp":"2026-08-12 15:03:34"}
{"level":"error","message":"Firebase initialization failed: Failed to parse private key: Error: Invalid PEM formatted message.","service":"krushikadhara-api","timestamp":"2026-08-14 20:50:59"}
{"level":"info","message":"Connecting to MongoDB... (URI set: YES, host: unknown)","service":"krushikadhara-api","timestamp":"2026-08-14 20:50:59"}
{"level":"info","message":"🌾 KrushikaDhara API running in development mode on port 5000","service":"krushikadhara-api","timestamp":"2026-08-14 20:50:59"}
{"level":"info","message":"==================================================","service":"krushikadhara-api","timestamp":"2026-08-14 20:50:59"}
{"level":"info","message":"🕐 Initializing cron job scheduler...","service":"krushikadhara-api","timestamp":"2026-08-14 20:50:59"}
{"level":"info","message":"==================================================","service":"krushikadhara-api","timestamp":"2026-08-14 20:50:59"}
{"level":"info","message":"  ✅ Weather update job: every 3 hours","service":"krushikadhara-api","timestamp":"2026-08-14 20:50:59"}
{"level":"info","message":"  ✅ Market price refresh job: every 3 hours (+30 min offset)","service":"krushikadhara-api","timestamp":"2026-08-14 20:50:59"}
{"level":"info","message":"  ✅ Government scheme check job: daily at 6:00 AM IST","service":"krushikadhara-api","timestamp":"2026-08-14 20:50:59"}
{"level":"info","message":"==================================================","service":"krushikadhara-api","timestamp":"2026-08-14 20:50:59"}
{"level":"info","message":"🕐 All cron jobs scheduled successfully","service":"krushikadhara-api","timestamp":"2026-08-14 20:50:59"}
{"level":"info","message":"==================================================","service":"krushikadhara-api","timestamp":"2026-08-14 20:50:59"}
{"level":"warn","message":"MongoDB disconnected. Attempting to reconnect...","service":"krushikadhara-api","timestamp":"2026-08-14 20:51:29"}
{"level":"error","message":"MongoDB connection error: connect ECONNREFUSED ::1:27017, connect ECONNREFUSED 127.0.0.1:27017","service":"krushikadhara-api","timestamp":"2026-08-14 20:51:29"}
{"level":"info","message":"Retrying MongoDB connection in 5 seconds...","service":"krushikadhara-api","timestamp":"2026-08-14 20:51:29"}
{"level":"error","message":"MongoDB error: connect ECONNREFUSED ::1:27017, connect ECONNREFUSED 127.0.0.1:27017","service":"krushikadhara-api","timestamp":"2026-08-14 20:51:29"}
{"level":"info","message":"Connecting to MongoDB... (URI set: YES, host: unknown)","service":"krushikadhara-api","timestamp":"2026-08-14 20:51:34"}
{"level":"warn","message":"MongoDB disconnected. Attempting to reconnect...","service":"krushikadhara-api","timestamp":"2026-08-14 20:52:04"}
{"level":"error","message":"MongoDB connection error: connect ECONNREFUSED ::1:27017, connect ECONNREFUSED 127.0.0.1:27017","service":"krushikadhara-api","timestamp":"2026-08-14 20:52:04"}
{"level":"info","message":"Retrying MongoDB connection in 5 seconds...","service":"krushikadhara-api","timestamp":"2026-08-14 20:52:04"}
{"level":"error","message":"MongoDB error: connect ECONNREFUSED ::1:27017, connect ECONNREFUSED 127.0.0.1:27017","service":"krushikadhara-api","timestamp":"2026-08-14 20:52:04"}
{"level":"info","message":"Connecting to MongoDB... (URI set: YES, host: unknown)","service":"krushikadhara-api","timestamp":"2026-08-14 20:52:09"}
{"level":"error","message":"Not authorized — no token provided","service":"krushikadhara-api","stack":"Error: Not authorized — no token provided\n    at Z:\\major\\backend_node_api\\src\\middleware\\auth.js:17:15\n    at Z:\\major\\backend_node_api\\src\\utils\\helpers.js:17:21\n    at Layer.handle [as handle_request] (Z:\\major\\backend_node_api\\node_modules\\express\\lib\\router\\layer.js:95:5)\n    at next (Z:\\major\\backend_node_api\\node_modules\\express\\lib\\router\\route.js:149:13)\n    at Route.dispatch (Z:\\major\\backend_node_api\\node_modules\\express\\lib\\router\\route.js:119:3)\n    at Layer.handle [as handle_request] (Z:\\major\\backend_node_api\\node_modules\\express\\lib\\router\\layer.js:95:5)\n    at Z:\\major\\backend_node_api\\node_modules\\express\\lib\\router\\index.js:284:15\n    at router.process_params (Z:\\major\\backend_node_api\\node_modules\\express\\lib\\router\\index.js:346:12)\n    at next (Z:\\major\\backend_node_api\\node_modules\\express\\lib\\router\\index.js:280:10)\n    at router.handle (Z:\\major\\backend_node_api\\node_modules\\express\\lib\\router\\index.js:175:3)","timestamp":"2026-08-14 20:52:14","url":"/api/v1/auth/me"}
{"level":"warn","message":"MongoDB disconnected. Attempting to reconnect...","service":"krushikadhara-api","timestamp":"2026-08-14 20:52:39"}
{"level":"error","message":"MongoDB connection error: connect ECONNREFUSED ::1:27017, connect ECONNREFUSED 127.0.0.1:27017","service":"krushikadhara-api","timestamp":"2026-08-14 20:52:39"}
{"level":"info","message":"Retrying MongoDB connection in 5 seconds...","service":"krushikadhara-api","timestamp":"2026-08-14 20:52:39"}
{"level":"error","message":"MongoDB error: connect ECONNREFUSED ::1:27017, connect ECONNREFUSED 127.0.0.1:27017","service":"krushikadhara-api","timestamp":"2026-08-14 20:52:39"}
{"level":"info","message":"Connecting to MongoDB... (URI set: YES, host: unknown)","service":"krushikadhara-api","timestamp":"2026-08-14 20:52:44"}
{"level":"warn","message":"MongoDB disconnected. Attempting to reconnect...","service":"krushikadhara-api","timestamp":"2026-08-14 20:53:14"}
{"level":"error","message":"MongoDB connection error: connect ECONNREFUSED ::1:27017, connect ECONNREFUSED 127.0.0.1:27017","service":"krushikadhara-api","timestamp":"2026-08-14 20:53:14"}
{"level":"info","message":"Retrying MongoDB connection in 5 seconds...","service":"krushikadhara-api","timestamp":"2026-08-14 20:53:14"}
{"level":"error","message":"MongoDB error: connect ECONNREFUSED ::1:27017, connect ECONNREFUSED 127.0.0.1:27017","service":"krushikadhara-api","timestamp":"2026-08-14 20:53:14"}
{"level":"info","message":"Connecting to MongoDB... (URI set: YES, host: unknown)","service":"krushikadhara-api","timestamp":"2026-08-14 20:53:19"}
{"level":"warn","message":"MongoDB disconnected. Attempting to reconnect...","service":"krushikadhara-api","timestamp":"2026-08-14 20:53:50"}
{"level":"error","message":"MongoDB connection error: connect ECONNREFUSED ::1:27017, connect ECONNREFUSED 127.0.0.1:27017","service":"krushikadhara-api","timestamp":"2026-08-14 20:53:50"}
{"level":"info","message":"Retrying MongoDB connection in 5 seconds...","service":"krushikadhara-api","timestamp":"2026-08-14 20:53:50"}
{"level":"error","message":"MongoDB error: connect ECONNREFUSED ::1:27017, connect ECONNREFUSED 127.0.0.1:27017","service":"krushikadhara-api","timestamp":"2026-08-14 20:53:50"}
{"level":"info","message":"Connecting to MongoDB... (URI set: YES, host: unknown)","service":"krushikadhara-api","timestamp":"2026-08-14 20:53:55"}
{"level":"error","message":"Not authorized — no token provided","service":"krushikadhara-api","stack":"Error: Not authorized — no token provided\n    at Z:\\major\\backend_node_api\\src\\middleware\\auth.js:17:15\n    at Z:\\major\\backend_node_api\\src\\utils\\helpers.js:17:21\n    at Layer.handle [as handle_request] (Z:\\major\\backend_node_api\\node_modules\\express\\lib\\router\\layer.js:95:5)\n    at next (Z:\\major\\backend_node_api\\node_modules\\express\\lib\\router\\route.js:149:13)\n    at Route.dispatch (Z:\\major\\backend_node_api\\node_modules\\express\\lib\\router\\route.js:119:3)\n    at Layer.handle [as handle_request] (Z:\\major\\backend_node_api\\node_modules\\express\\lib\\router\\layer.js:95:5)\n    at Z:\\major\\backend_node_api\\node_modules\\express\\lib\\router\\index.js:284:15\n    at router.process_params (Z:\\major\\backend_node_api\\node_modules\\express\\lib\\router\\index.js:346:12)\n    at next (Z:\\major\\backend_node_api\\node_modules\\express\\lib\\router\\index.js:280:10)\n    at router.handle (Z:\\major\\backend_node_api\\node_modules\\express\\lib\\router\\index.js:175:3)","timestamp":"2026-08-14 20:53:59","url":"/api/v1/auth/me"}
{"level":"warn","message":"MongoDB disconnected. Attempting to reconnect...","service":"krushikadhara-api","timestamp":"2026-08-14 20:54:25"}
{"level":"error","message":"MongoDB connection error: connect ECONNREFUSED ::1:27017, connect ECONNREFUSED 127.0.0.1:27017","service":"krushikadhara-api","timestamp":"2026-08-14 20:54:25"}
{"level":"info","message":"Retrying MongoDB connection in 5 seconds...","service":"krushikadhara-api","timestamp":"2026-08-14 20:54:25"}
{"level":"error","message":"MongoDB error: connect ECONNREFUSED ::1:27017, connect ECONNREFUSED 127.0.0.1:27017","service":"krushikadhara-api","timestamp":"2026-08-14 20:54:25"}
{"level":"info","message":"Connecting to MongoDB... (URI set: YES, host: unknown)","service":"krushikadhara-api","timestamp":"2026-08-14 20:54:30"}
{"level":"warn","message":"MongoDB disconnected. Attempting to reconnect...","service":"krushikadhara-api","timestamp":"2026-08-14 20:55:00"}
{"level":"error","message":"MongoDB connection error: connect ECONNREFUSED ::1:27017, connect ECONNREFUSED 127.0.0.1:27017","service":"krushikadhara-api","timestamp":"2026-08-14 20:55:00"}
{"level":"info","message":"Retrying MongoDB connection in 5 seconds...","service":"krushikadhara-api","timestamp":"2026-08-14 20:55:00"}
{"level":"error","message":"MongoDB error: connect ECONNREFUSED ::1:27017, connect ECONNREFUSED 127.0.0.1:27017","service":"krushikadhara-api","timestamp":"2026-08-14 20:55:00"}
{"level":"error","message":"Invalid admin credentials","service":"krushikadhara-api","stack":"Error: Invalid admin credentials\n    at Z:\\major\\backend_node_api\\src\\controllers\\adminUserController.js:18:15\n    at Z:\\major\\backend_node_api\\src\\utils\\helpers.js:17:21\n    at Layer.handle [as handle_request] (Z:\\major\\backend_node_api\\node_modules\\express\\lib\\router\\layer.js:95:5)\n    at next (Z:\\major\\backend_node_api\\node_modules\\express\\lib\\router\\route.js:149:13)\n    at Route.dispatch (Z:\\major\\backend_node_api\\node_modules\\express\\lib\\router\\route.js:119:3)\n    at Layer.handle [as handle_request] (Z:\\major\\backend_node_api\\node_modules\\express\\lib\\router\\layer.js:95:5)\n    at Z:\\major\\backend_node_api\\node_modules\\express\\lib\\router\\index.js:284:15\n    at router.process_params (Z:\\major\\backend_node_api\\node_modules\\express\\lib\\router\\index.js:346:12)\n    at next (Z:\\major\\backend_node_api\\node_modules\\express\\lib\\router\\index.js:280:10)\n    at router.handle (Z:\\major\\backend_node_api\\node_modules\\express\\lib\\router\\index.js:175:3)","timestamp":"2026-08-14 20:55:04","url":"/api/v1/admin/login"}
{"level":"info","message":"Connecting to MongoDB... (URI set: YES, host: unknown)","service":"krushikadhara-api","timestamp":"2026-08-14 20:55:05"}
{"level":"error","message":"Invalid admin credentials","service":"krushikadhara-api","stack":"Error: Invalid admin credentials\n    at Z:\\major\\backend_node_api\\src\\controllers\\adminUserController.js:18:15\n    at Z:\\major\\backend_node_api\\src\\utils\\helpers.js:17:21\n    at Layer.handle [as handle_request] (Z:\\major\\backend_node_api\\node_modules\\express\\lib\\router\\layer.js:95:5)\n    at next (Z:\\major\\backend_node_api\\node_modules\\express\\lib\\router\\route.js:149:13)\n    at Route.dispatch (Z:\\major\\backend_node_api\\node_modules\\express\\lib\\router\\route.js:119:3)\n    at Layer.handle [as handle_request] (Z:\\major\\backend_node_api\\node_modules\\express\\lib\\router\\layer.js:95:5)\n    at Z:\\major\\backend_node_api\\node_modules\\express\\lib\\router\\index.js:284:15\n    at router.process_params (Z:\\major\\backend_node_api\\node_modules\\express\\lib\\router\\index.js:346:12)\n    at next (Z:\\major\\backend_node_api\\node_modules\\express\\lib\\router\\index.js:280:10)\n    at router.handle (Z:\\major\\backend_node_api\\node_modules\\express\\lib\\router\\index.js:175:3)","timestamp":"2026-08-14 20:55:24","url":"/api/v1/admin/login"}
{"level":"warn","message":"MongoDB disconnected. Attempting to reconnect...","service":"krushikadhara-api","timestamp":"2026-08-14 20:55:35"}
{"level":"error","message":"MongoDB connection error: connect ECONNREFUSED ::1:27017, connect ECONNREFUSED 127.0.0.1:27017","service":"krushikadhara-api","timestamp":"2026-08-14 20:55:35"}
{"level":"info","message":"Retrying MongoDB connection in 5 seconds...","service":"krushikadhara-api","timestamp":"2026-08-14 20:55:35"}
{"level":"error","message":"MongoDB error: connect ECONNREFUSED ::1:27017, connect ECONNREFUSED 127.0.0.1:27017","service":"krushikadhara-api","timestamp":"2026-08-14 20:55:35"}
{"level":"info","message":"Connecting to MongoDB... (URI set: YES, host: unknown)","service":"krushikadhara-api","timestamp":"2026-08-14 20:55:40"}
{"level":"error","message":"Not authorized — no token provided","service":"krushikadhara-api","stack":"Error: Not authorized — no token provided\n    at Z:\\major\\backend_node_api\\src\\middleware\\auth.js:17:15\n    at Z:\\major\\backend_node_api\\src\\utils\\helpers.js:17:21\n    at Layer.handle [as handle_request] (Z:\\major\\backend_node_api\\node_modules\\express\\lib\\router\\layer.js:95:5)\n    at next (Z:\\major\\backend_node_api\\node_modules\\express\\lib\\router\\route.js:149:13)\n    at Route.dispatch (Z:\\major\\backend_node_api\\node_modules\\express\\lib\\router\\route.js:119:3)\n    at Layer.handle [as handle_request] (Z:\\major\\backend_node_api\\node_modules\\express\\lib\\router\\layer.js:95:5)\n    at Z:\\major\\backend_node_api\\node_modules\\express\\lib\\router\\index.js:284:15\n    at router.process_params (Z:\\major\\backend_node_api\\node_modules\\express\\lib\\router\\index.js:346:12)\n    at next (Z:\\major\\backend_node_api\\node_modules\\express\\lib\\router\\index.js:280:10)\n    at router.handle (Z:\\major\\backend_node_api\\node_modules\\express\\lib\\router\\index.js:175:3)","timestamp":"2026-08-14 20:55:41","url":"/api/v1/auth/me"}
{"level":"error","message":"Not authorized — no token provided","service":"krushikadhara-api","stack":"Error: Not authorized — no token provided\n    at Z:\\major\\backend_node_api\\src\\middleware\\auth.js:17:15\n    at Z:\\major\\backend_node_api\\src\\utils\\helpers.js:17:21\n    at Layer.handle [as handle_request] (Z:\\major\\backend_node_api\\node_modules\\express\\lib\\router\\layer.js:95:5)\n    at next (Z:\\major\\backend_node_api\\node_modules\\express\\lib\\router\\route.js:149:13)\n    at Route.dispatch (Z:\\major\\backend_node_api\\node_modules\\express\\lib\\router\\route.js:119:3)\n    at Layer.handle [as handle_request] (Z:\\major\\backend_node_api\\node_modules\\express\\lib\\router\\layer.js:95:5)\n    at Z:\\major\\backend_node_api\\node_modules\\express\\lib\\router\\index.js:284:15\n    at router.process_params (Z:\\major\\backend_node_api\\node_modules\\express\\lib\\router\\index.js:346:12)\n    at next (Z:\\major\\backend_node_api\\node_modules\\express\\lib\\router\\index.js:280:10)\n    at router.handle (Z:\\major\\backend_node_api\\node_modules\\express\\lib\\router\\index.js:175:3)","timestamp":"2026-08-14 20:55:44","url":"/api/v1/notifications?"}
{"level":"error","message":"Operation `weatherlogs.findOne()` buffering timed out after 10000ms","service":"krushikadhara-api","stack":"MongooseError: Operation `weatherlogs.findOne()` buffering timed out after 10000ms\n    at Timeout.<anonymous> (Z:\\major\\backend_node_api\\node_modules\\mongoose\\lib\\drivers\\node-mongodb-native\\collection.js:187:23)\n    at listOnTimeout (node:internal/timers:605:17)\n    at process.processTimers (node:internal/timers:541:7)","timestamp":"2026-08-14 20:55:55","url":"/api/v1/weather/Mandya"}
{"level":"error","message":"Operation `marketprices.countDocuments()` buffering timed out after 10000ms","service":"krushikadhara-api","stack":"MongooseError: Operation `marketprices.countDocuments()` buffering timed out after 10000ms\n    at Timeout.<anonymous> (Z:\\major\\backend_node_api\\node_modules\\mongoose\\lib\\drivers\\node-mongodb-native\\collection.js:187:23)\n    at listOnTimeout (node:internal/timers:605:17)\n    at process.processTimers (node:internal/timers:541:7)","timestamp":"2026-08-14 20:55:55","url":"/api/v1/market-prices?state=Mandya"}
{"level":"warn","message":"MongoDB disconnected. Attempting to reconnect...","service":"krushikadhara-api","timestamp":"2026-08-14 20:56:10"}
{"level":"error","message":"MongoDB connection error: connect ECONNREFUSED ::1:27017, connect ECONNREFUSED 127.0.0.1:27017","service":"krushikadhara-api","timestamp":"2026-08-14 20:56:10"}
{"level":"info","message":"Retrying MongoDB connection in 5 seconds...","service":"krushikadhara-api","timestamp":"2026-08-14 20:56:10"}
{"level":"error","message":"MongoDB error: connect ECONNREFUSED ::1:27017, connect ECONNREFUSED 127.0.0.1:27017","service":"krushikadhara-api","timestamp":"2026-08-14 20:56:10"}
{"level":"info","message":"Connecting to MongoDB... (URI set: YES, host: unknown)","service":"krushikadhara-api","timestamp":"2026-08-14 20:56:15"}
{"level":"warn","message":"MongoDB disconnected. Attempting to reconnect...","service":"krushikadhara-api","timestamp":"2026-08-14 20:56:45"}
{"level":"error","message":"MongoDB connection error: connect ECONNREFUSED ::1:27017, connect ECONNREFUSED 127.0.0.1:27017","service":"krushikadhara-api","timestamp":"2026-08-14 20:56:45"}
{"level":"info","message":"Retrying MongoDB connection in 5 seconds...","service":"krushikadhara-api","timestamp":"2026-08-14 20:56:45"}
{"level":"error","message":"MongoDB error: connect ECONNREFUSED ::1:27017, connect ECONNREFUSED 127.0.0.1:27017","service":"krushikadhara-api","timestamp":"2026-08-14 20:56:45"}
{"level":"info","message":"Connecting to MongoDB... (URI set: YES, host: unknown)","service":"krushikadhara-api","timestamp":"2026-08-14 20:56:50"}
{"level":"warn","message":"MongoDB disconnected. Attempting to reconnect...","service":"krushikadhara-api","timestamp":"2026-08-14 20:57:20"}
{"level":"error","message":"MongoDB connection error: connect ECONNREFUSED ::1:27017, connect ECONNREFUSED 127.0.0.1:27017","service":"krushikadhara-api","timestamp":"2026-08-14 20:57:20"}
{"level":"info","message":"Retrying MongoDB connection in 5 seconds...","service":"krushikadhara-api","timestamp":"2026-08-14 20:57:20"}
{"level":"error","message":"MongoDB error: connect ECONNREFUSED ::1:27017, connect ECONNREFUSED 127.0.0.1:27017","service":"krushikadhara-api","timestamp":"2026-08-14 20:57:20"}
{"level":"info","message":"Connecting to MongoDB... (URI set: YES, host: unknown)","service":"krushikadhara-api","timestamp":"2026-08-14 20:57:25"}
{"level":"warn","message":"MongoDB disconnected. Attempting to reconnect...","service":"krushikadhara-api","timestamp":"2026-08-14 20:57:55"}
{"level":"error","message":"MongoDB connection error: connect ECONNREFUSED ::1:27017, connect ECONNREFUSED 127.0.0.1:27017","service":"krushikadhara-api","timestamp":"2026-08-14 20:57:55"}
{"level":"info","message":"Retrying MongoDB connection in 5 seconds...","service":"krushikadhara-api","timestamp":"2026-08-14 20:57:55"}
{"level":"error","message":"MongoDB error: connect ECONNREFUSED ::1:27017, connect ECONNREFUSED 127.0.0.1:27017","service":"krushikadhara-api","timestamp":"2026-08-14 20:57:55"}
{"level":"info","message":"Connecting to MongoDB... (URI set: YES, host: unknown)","service":"krushikadhara-api","timestamp":"2026-08-14 20:58:00"}
{"level":"warn","message":"MongoDB disconnected. Attempting to reconnect...","service":"krushikadhara-api","timestamp":"2026-08-14 20:58:30"}
{"level":"error","message":"MongoDB connection error: connect ECONNREFUSED ::1:27017, connect ECONNREFUSED 127.0.0.1:27017","service":"krushikadhara-api","timestamp":"2026-08-14 20:58:30"}
{"level":"info","message":"Retrying MongoDB connection in 5 seconds...","service":"krushikadhara-api","timestamp":"2026-08-14 20:58:30"}
{"level":"error","message":"MongoDB error: connect ECONNREFUSED ::1:27017, connect ECONNREFUSED 127.0.0.1:27017","service":"krushikadhara-api","timestamp":"2026-08-14 20:58:30"}
{"level":"info","message":"Connecting to MongoDB... (URI set: YES, host: unknown)","service":"krushikadhara-api","timestamp":"2026-08-14 20:58:35"}
{"level":"warn","message":"MongoDB disconnected. Attempting to reconnect...","service":"krushikadhara-api","timestamp":"2026-08-14 20:59:05"}
{"level":"error","message":"MongoDB connection error: connect ECONNREFUSED ::1:27017, connect ECONNREFUSED 127.0.0.1:27017","service":"krushikadhara-api","timestamp":"2026-08-14 20:59:05"}
{"level":"info","message":"Retrying MongoDB connection in 5 seconds...","service":"krushikadhara-api","timestamp":"2026-08-14 20:59:05"}
{"level":"error","message":"MongoDB error: connect ECONNREFUSED ::1:27017, connect ECONNREFUSED 127.0.0.1:27017","service":"krushikadhara-api","timestamp":"2026-08-14 20:59:05"}
{"level":"info","message":"Connecting to MongoDB... (URI set: YES, host: unknown)","service":"krushikadhara-api","timestamp":"2026-08-14 20:59:10"}
{"level":"warn","message":"MongoDB disconnected. Attempting to reconnect...","service":"krushikadhara-api","timestamp":"2026-08-14 20:59:40"}
{"level":"error","message":"MongoDB connection error: connect ECONNREFUSED ::1:27017, connect ECONNREFUSED 127.0.0.1:27017","service":"krushikadhara-api","timestamp":"2026-08-14 20:59:40"}
{"level":"info","message":"Retrying MongoDB connection in 5 seconds...","service":"krushikadhara-api","timestamp":"2026-08-14 20:59:40"}
{"level":"error","message":"MongoDB error: connect ECONNREFUSED ::1:27017, connect ECONNREFUSED 127.0.0.1:27017","service":"krushikadhara-api","timestamp":"2026-08-14 20:59:40"}
{"level":"info","message":"Connecting to MongoDB... (URI set: YES, host: unknown)","service":"krushikadhara-api","timestamp":"2026-08-14 20:59:45"}
{"level":"info","message":"[CRON] Starting weather data update...","service":"krushikadhara-api","timestamp":"2026-08-14 21:00:00"}
{"level":"error","message":"[CRON] Weather fetch failed for Bangalore: Request failed with status code 401","service":"krushikadhara-api","timestamp":"2026-08-14 21:00:00"}
{"level":"error","message":"[CRON] Weather fetch failed for Mysore: Request failed with status code 401","service":"krushikadhara-api","timestamp":"2026-08-14 21:00:00"}
{"level":"error","message":"[CRON] Weather fetch failed for Hubli: Request failed with status code 401","service":"krushikadhara-api","timestamp":"2026-08-14 21:00:00"}
{"level":"error","message":"[CRON] Weather fetch failed for Belgaum: Request failed with status code 401","service":"krushikadhara-api","timestamp":"2026-08-14 21:00:01"}
{"level":"error","message":"[CRON] Weather fetch failed for Mangalore: Request failed with status code 401","service":"krushikadhara-api","timestamp":"2026-08-14 21:00:01"}
{"level":"error","message":"[CRON] Weather fetch failed for Davangere: Request failed with status code 401","service":"krushikadhara-api","timestamp":"2026-08-14 21:00:01"}
{"level":"error","message":"[CRON] Weather fetch failed for Bellary: Request failed with status code 401","service":"krushikadhara-api","timestamp":"2026-08-14 21:00:01"}
{"level":"error","message":"[CRON] Weather fetch failed for Shimoga: Request failed with status code 401","service":"krushikadhara-api","timestamp":"2026-08-14 21:00:01"}
{"level":"error","message":"[CRON] Weather fetch failed for Mandya: Request failed with status code 401","service":"krushikadhara-api","timestamp":"2026-08-14 21:00:01"}
{"level":"error","message":"[CRON] Weather fetch failed for Hassan: Request failed with status code 401","service":"krushikadhara-api","timestamp":"2026-08-14 21:00:01"}
{"level":"error","message":"[CRON] Weather fetch failed for Tumkur: Request failed with status code 401","service":"krushikadhara-api","timestamp":"2026-08-14 21:00:01"}
{"level":"error","message":"[CRON] Weather fetch failed for Raichur: Request failed with status code 401","service":"krushikadhara-api","timestamp":"2026-08-14 21:00:01"}
{"level":"info","message":"[CRON] Weather update complete: 0/12 locations, 0 alerts sent","service":"krushikadhara-api","timestamp":"2026-08-14 21:00:01"}
{"level":"warn","message":"MongoDB disconnected. Attempting to reconnect...","service":"krushikadhara-api","timestamp":"2026-08-14 21:00:15"}
{"level":"error","message":"MongoDB connection error: connect ECONNREFUSED ::1:27017, connect ECONNREFUSED 127.0.0.1:27017","service":"krushikadhara-api","timestamp":"2026-08-14 21:00:15"}
{"level":"info","message":"Retrying MongoDB connection in 5 seconds...","service":"krushikadhara-api","timestamp":"2026-08-14 21:00:15"}
{"level":"error","message":"MongoDB error: connect ECONNREFUSED ::1:27017, connect ECONNREFUSED 127.0.0.1:27017","service":"krushikadhara-api","timestamp":"2026-08-14 21:00:15"}
{"level":"info","message":"Connecting to MongoDB... (URI set: YES, host: unknown)","service":"krushikadhara-api","timestamp":"2026-08-14 21:00:20"}
{"level":"warn","message":"MongoDB disconnected. Attempting to reconnect...","service":"krushikadhara-api","timestamp":"2026-08-14 21:00:50"}
{"level":"error","message":"MongoDB connection error: connect ECONNREFUSED ::1:27017, connect ECONNREFUSED 127.0.0.1:27017","service":"krushikadhara-api","timestamp":"2026-08-14 21:00:50"}
{"level":"info","message":"Retrying MongoDB connection in 5 seconds...","service":"krushikadhara-api","timestamp":"2026-08-14 21:00:50"}
{"level":"error","message":"MongoDB error: connect ECONNREFUSED ::1:27017, connect ECONNREFUSED 127.0.0.1:27017","service":"krushikadhara-api","timestamp":"2026-08-14 21:00:50"}
{"level":"info","message":"Connecting to MongoDB... (URI set: YES, host: unknown)","service":"krushikadhara-api","timestamp":"2026-08-14 21:00:55"}
{"level":"warn","message":"MongoDB disconnected. Attempting to reconnect...","service":"krushikadhara-api","timestamp":"2026-08-14 21:01:25"}
{"level":"error","message":"MongoDB connection error: connect ECONNREFUSED ::1:27017, connect ECONNREFUSED 127.0.0.1:27017","service":"krushikadhara-api","timestamp":"2026-08-14 21:01:25"}
{"level":"info","message":"Retrying MongoDB connection in 5 seconds...","service":"krushikadhara-api","timestamp":"2026-08-14 21:01:25"}
{"level":"error","message":"MongoDB error: connect ECONNREFUSED ::1:27017, connect ECONNREFUSED 127.0.0.1:27017","service":"krushikadhara-api","timestamp":"2026-08-14 21:01:25"}
{"level":"info","message":"Connecting to MongoDB... (URI set: YES, host: unknown)","service":"krushikadhara-api","timestamp":"2026-08-14 21:01:30"}
{"level":"warn","message":"MongoDB disconnected. Attempting to reconnect...","service":"krushikadhara-api","timestamp":"2026-08-14 21:02:00"}
{"level":"error","message":"MongoDB connection error: connect ECONNREFUSED ::1:27017, connect ECONNREFUSED 127.0.0.1:27017","service":"krushikadhara-api","timestamp":"2026-08-14 21:02:00"}
{"level":"info","message":"Retrying MongoDB connection in 5 seconds...","service":"krushikadhara-api","timestamp":"2026-08-14 21:02:00"}
{"level":"error","message":"MongoDB error: connect ECONNREFUSED ::1:27017, connect ECONNREFUSED 127.0.0.1:27017","service":"krushikadhara-api","timestamp":"2026-08-14 21:02:00"}
{"level":"info","message":"Connecting to MongoDB... (URI set: YES, host: unknown)","service":"krushikadhara-api","timestamp":"2026-08-14 21:02:05"}
{"level":"warn","message":"MongoDB disconnected. Attempting to reconnect...","service":"krushikadhara-api","timestamp":"2026-08-14 21:02:35"}
{"level":"error","message":"MongoDB connection error: connect ECONNREFUSED ::1:27017, connect ECONNREFUSED 127.0.0.1:27017","service":"krushikadhara-api","timestamp":"2026-08-14 21:02:35"}
{"level":"info","message":"Retrying MongoDB connection in 5 seconds...","service":"krushikadhara-api","timestamp":"2026-08-14 21:02:35"}
{"level":"error","message":"MongoDB error: connect ECONNREFUSED ::1:27017, connect ECONNREFUSED 127.0.0.1:27017","service":"krushikadhara-api","timestamp":"2026-08-14 21:02:35"}
{"level":"info","message":"Connecting to MongoDB... (URI set: YES, host: unknown)","service":"krushikadhara-api","timestamp":"2026-08-14 21:02:40"}
{"level":"warn","message":"MongoDB disconnected. Attempting to reconnect...","service":"krushikadhara-api","timestamp":"2026-08-14 21:03:10"}
{"level":"error","message":"MongoDB connection error: connect ECONNREFUSED ::1:27017, connect ECONNREFUSED 127.0.0.1:27017","service":"krushikadhara-api","timestamp":"2026-08-14 21:03:10"}
{"level":"info","message":"Retrying MongoDB connection in 5 seconds...","service":"krushikadhara-api","timestamp":"2026-08-14 21:03:10"}
{"level":"error","message":"MongoDB error: connect ECONNREFUSED ::1:27017, connect ECONNREFUSED 127.0.0.1:27017","service":"krushikadhara-api","timestamp":"2026-08-14 21:03:10"}
{"level":"info","message":"Connecting to MongoDB... (URI set: YES, host: unknown)","service":"krushikadhara-api","timestamp":"2026-08-14 21:03:15"}
{"level":"warn","message":"MongoDB disconnected. Attempting to reconnect...","service":"krushikadhara-api","timestamp":"2026-08-14 21:03:45"}
{"level":"error","message":"MongoDB connection error: connect ECONNREFUSED ::1:27017, connect ECONNREFUSED 127.0.0.1:27017","service":"krushikadhara-api","timestamp":"2026-08-14 21:03:45"}
{"level":"info","message":"Retrying MongoDB connection in 5 seconds...","service":"krushikadhara-api","timestamp":"2026-08-14 21:03:45"}
{"level":"error","message":"MongoDB error: connect ECONNREFUSED ::1:27017, connect ECONNREFUSED 127.0.0.1:27017","service":"krushikadhara-api","timestamp":"2026-08-14 21:03:45"}
{"level":"info","message":"Connecting to MongoDB... (URI set: YES, host: unknown)","service":"krushikadhara-api","timestamp":"2026-08-14 21:03:50"}
{"level":"warn","message":"MongoDB disconnected. Attempting to reconnect...","service":"krushikadhara-api","timestamp":"2026-08-14 21:04:20"}
{"level":"error","message":"MongoDB connection error: connect ECONNREFUSED ::1:27017, connect ECONNREFUSED 127.0.0.1:27017","service":"krushikadhara-api","timestamp":"2026-08-14 21:04:20"}
{"level":"info","message":"Retrying MongoDB connection in 5 seconds...","service":"krushikadhara-api","timestamp":"2026-08-14 21:04:20"}
{"level":"error","message":"MongoDB error: connect ECONNREFUSED ::1:27017, connect ECONNREFUSED 127.0.0.1:27017","service":"krushikadhara-api","timestamp":"2026-08-14 21:04:20"}
{"level":"info","message":"Connecting to MongoDB... (URI set: YES, host: unknown)","service":"krushikadhara-api","timestamp":"2026-08-14 21:04:25"}
{"level":"warn","message":"MongoDB disconnected. Attempting to reconnect...","service":"krushikadhara-api","timestamp":"2026-08-14 21:04:55"}
{"level":"error","message":"MongoDB connection error: connect ECONNREFUSED ::1:27017, connect ECONNREFUSED 127.0.0.1:27017","service":"krushikadhara-api","timestamp":"2026-08-14 21:04:55"}
{"level":"info","message":"Retrying MongoDB connection in 5 seconds...","service":"krushikadhara-api","timestamp":"2026-08-14 21:04:55"}
{"level":"error","message":"MongoDB error: connect ECONNREFUSED ::1:27017, connect ECONNREFUSED 127.0.0.1:27017","service":"krushikadhara-api","timestamp":"2026-08-14 21:04:55"}
{"level":"info","message":"Connecting to MongoDB... (URI set: YES, host: unknown)","service":"krushikadhara-api","timestamp":"2026-08-14 21:05:00"}
{"level":"warn","message":"MongoDB disconnected. Attempting to reconnect...","service":"krushikadhara-api","timestamp":"2026-08-14 21:05:30"}
{"level":"error","message":"MongoDB connection error: connect ECONNREFUSED ::1:27017, connect ECONNREFUSED 127.0.0.1:27017","service":"krushikadhara-api","timestamp":"2026-08-14 21:05:30"}
{"level":"info","message":"Retrying MongoDB connection in 5 seconds...","service":"krushikadhara-api","timestamp":"2026-08-14 21:05:30"}
{"level":"error","message":"MongoDB error: connect ECONNREFUSED ::1:27017, connect ECONNREFUSED 127.0.0.1:27017","service":"krushikadhara-api","timestamp":"2026-08-14 21:05:30"}
{"level":"info","message":"Connecting to MongoDB... (URI set: YES, host: unknown)","service":"krushikadhara-api","timestamp":"2026-08-14 21:05:35"}
{"level":"warn","message":"MongoDB disconnected. Attempting to reconnect...","service":"krushikadhara-api","timestamp":"2026-08-14 21:06:05"}
{"level":"error","message":"MongoDB connection error: connect ECONNREFUSED ::1:27017, connect ECONNREFUSED 127.0.0.1:27017","service":"krushikadhara-api","timestamp":"2026-08-14 21:06:05"}
{"level":"info","message":"Retrying MongoDB connection in 5 seconds...","service":"krushikadhara-api","timestamp":"2026-08-14 21:06:05"}
{"level":"error","message":"MongoDB error: connect ECONNREFUSED ::1:27017, connect ECONNREFUSED 127.0.0.1:27017","service":"krushikadhara-api","timestamp":"2026-08-14 21:06:05"}
{"level":"info","message":"Connecting to MongoDB... (URI set: YES, host: unknown)","service":"krushikadhara-api","timestamp":"2026-08-14 21:06:10"}
{"level":"warn","message":"MongoDB disconnected. Attempting to reconnect...","service":"krushikadhara-api","timestamp":"2026-08-14 21:06:40"}
{"level":"error","message":"MongoDB connection error: connect ECONNREFUSED ::1:27017, connect ECONNREFUSED 127.0.0.1:27017","service":"krushikadhara-api","timestamp":"2026-08-14 21:06:40"}
{"level":"info","message":"Retrying MongoDB connection in 5 seconds...","service":"krushikadhara-api","timestamp":"2026-08-14 21:06:40"}
{"level":"error","message":"MongoDB error: connect ECONNREFUSED ::1:27017, connect ECONNREFUSED 127.0.0.1:27017","service":"krushikadhara-api","timestamp":"2026-08-14 21:06:40"}
{"level":"info","message":"Connecting to MongoDB... (URI set: YES, host: unknown)","service":"krushikadhara-api","timestamp":"2026-08-14 21:06:45"}
{"level":"error","message":"Not authorized — no token provided","service":"krushikadhara-api","stack":"Error: Not authorized — no token provided\n    at Z:\\major\\backend_node_api\\src\\middleware\\auth.js:17:15\n    at Z:\\major\\backend_node_api\\src\\utils\\helpers.js:17:21\n    at Layer.handle [as handle_request] (Z:\\major\\backend_node_api\\node_modules\\express\\lib\\router\\layer.js:95:5)\n    at next (Z:\\major\\backend_node_api\\node_modules\\express\\lib\\router\\route.js:149:13)\n    at Route.dispatch (Z:\\major\\backend_node_api\\node_modules\\express\\lib\\router\\route.js:119:3)\n    at Layer.handle [as handle_request] (Z:\\major\\backend_node_api\\node_modules\\express\\lib\\router\\layer.js:95:5)\n    at Z:\\major\\backend_node_api\\node_modules\\express\\lib\\router\\index.js:284:15\n    at router.process_params (Z:\\major\\backend_node_api\\node_modules\\express\\lib\\router\\index.js:346:12)\n    at next (Z:\\major\\backend_node_api\\node_modules\\express\\lib\\router\\index.js:280:10)\n    at router.handle (Z:\\major\\backend_node_api\\node_modules\\express\\lib\\router\\index.js:175:3)","timestamp":"2026-08-14 21:06:58","url":"/api/v1/auth/me"}
{"level":"warn","message":"MongoDB disconnected. Attempting to reconnect...","service":"krushikadhara-api","timestamp":"2026-08-14 21:07:15"}
{"level":"error","message":"MongoDB connection error: connect ECONNREFUSED ::1:27017, connect ECONNREFUSED 127.0.0.1:27017","service":"krushikadhara-api","timestamp":"2026-08-14 21:07:15"}
{"level":"info","message":"Retrying MongoDB connection in 5 seconds...","service":"krushikadhara-api","timestamp":"2026-08-14 21:07:15"}
{"level":"error","message":"MongoDB error: connect ECONNREFUSED ::1:27017, connect ECONNREFUSED 127.0.0.1:27017","service":"krushikadhara-api","timestamp":"2026-08-14 21:07:15"}
{"level":"info","message":"Connecting to MongoDB... (URI set: YES, host: unknown)","service":"krushikadhara-api","timestamp":"2026-08-14 21:07:20"}
{"level":"warn","message":"MongoDB disconnected. Attempting to reconnect...","service":"krushikadhara-api","timestamp":"2026-08-14 21:07:50"}
{"level":"error","message":"MongoDB connection error: connect ECONNREFUSED ::1:27017, connect ECONNREFUSED 127.0.0.1:27017","service":"krushikadhara-api","timestamp":"2026-08-14 21:07:50"}
{"level":"info","message":"Retrying MongoDB connection in 5 seconds...","service":"krushikadhara-api","timestamp":"2026-08-14 21:07:50"}
{"level":"error","message":"MongoDB error: connect ECONNREFUSED ::1:27017, connect ECONNREFUSED 127.0.0.1:27017","service":"krushikadhara-api","timestamp":"2026-08-14 21:07:50"}
{"level":"error","message":"Not authorized — no token provided","service":"krushikadhara-api","stack":"Error: Not authorized — no token provided\n    at Z:\\major\\backend_node_api\\src\\middleware\\auth.js:17:15\n    at Z:\\major\\backend_node_api\\src\\utils\\helpers.js:17:21\n    at Layer.handle [as handle_request] (Z:\\major\\backend_node_api\\node_modules\\express\\lib\\router\\layer.js:95:5)\n    at next (Z:\\major\\backend_node_api\\node_modules\\express\\lib\\router\\route.js:149:13)\n    at Route.dispatch (Z:\\major\\backend_node_api\\node_modules\\express\\lib\\router\\route.js:119:3)\n    at Layer.handle [as handle_request] (Z:\\major\\backend_node_api\\node_modules\\express\\lib\\router\\layer.js:95:5)\n    at Z:\\major\\backend_node_api\\node_modules\\express\\lib\\router\\index.js:284:15\n    at router.process_params (Z:\\major\\backend_node_api\\node_modules\\express\\lib\\router\\index.js:346:12)\n    at next (Z:\\major\\backend_node_api\\node_modules\\express\\lib\\router\\index.js:280:10)\n    at router.handle (Z:\\major\\backend_node_api\\node_modules\\express\\lib\\router\\index.js:175:3)","timestamp":"2026-08-14 21:07:51","url":"/api/v1/auth/me"}
{"level":"info","message":"Connecting to MongoDB... (URI set: YES, host: unknown)","service":"krushikadhara-api","timestamp":"2026-08-14 21:07:55"}
{"level":"warn","message":"MongoDB disconnected. Attempting to reconnect...","service":"krushikadhara-api","timestamp":"2026-08-14 21:08:25"}
{"level":"error","message":"MongoDB connection error: connect ECONNREFUSED ::1:27017, connect ECONNREFUSED 127.0.0.1:27017","service":"krushikadhara-api","timestamp":"2026-08-14 21:08:25"}
{"level":"info","message":"Retrying MongoDB connection in 5 seconds...","service":"krushikadhara-api","timestamp":"2026-08-14 21:08:25"}
{"level":"error","message":"MongoDB error: connect ECONNREFUSED ::1:27017, connect ECONNREFUSED 127.0.0.1:27017","service":"krushikadhara-api","timestamp":"2026-08-14 21:08:25"}
{"level":"info","message":"Connecting to MongoDB... (URI set: YES, host: unknown)","service":"krushikadhara-api","timestamp":"2026-08-14 21:08:30"}
{"level":"warn","message":"MongoDB disconnected. Attempting to reconnect...","service":"krushikadhara-api","timestamp":"2026-08-14 21:09:00"}
{"level":"error","message":"MongoDB connection error: connect ECONNREFUSED ::1:27017, connect ECONNREFUSED 127.0.0.1:27017","service":"krushikadhara-api","timestamp":"2026-08-14 21:09:00"}
{"level":"info","message":"Retrying MongoDB connection in 5 seconds...","service":"krushikadhara-api","timestamp":"2026-08-14 21:09:00"}
{"level":"error","message":"MongoDB error: connect ECONNREFUSED ::1:27017, connect ECONNREFUSED 127.0.0.1:27017","service":"krushikadhara-api","timestamp":"2026-08-14 21:09:00"}
{"level":"info","message":"Connecting to MongoDB... (URI set: YES, host: unknown)","service":"krushikadhara-api","timestamp":"2026-08-14 21:09:05"}
{"level":"warn","message":"MongoDB disconnected. Attempting to reconnect...","service":"krushikadhara-api","timestamp":"2026-08-14 21:09:35"}
{"level":"error","message":"MongoDB connection error: connect ECONNREFUSED ::1:27017, connect ECONNREFUSED 127.0.0.1:27017","service":"krushikadhara-api","timestamp":"2026-08-14 21:09:35"}
{"level":"info","message":"Retrying MongoDB connection in 5 seconds...","service":"krushikadhara-api","timestamp":"2026-08-14 21:09:35"}
{"level":"error","message":"MongoDB error: connect ECONNREFUSED ::1:27017, connect ECONNREFUSED 127.0.0.1:27017","service":"krushikadhara-api","timestamp":"2026-08-14 21:09:35"}
{"level":"info","message":"Connecting to MongoDB... (URI set: YES, host: unknown)","service":"krushikadhara-api","timestamp":"2026-08-14 21:09:40"}
{"level":"warn","message":"MongoDB disconnected. Attempting to reconnect...","service":"krushikadhara-api","timestamp":"2026-08-14 21:10:10"}
{"level":"error","message":"MongoDB connection error: connect ECONNREFUSED ::1:27017, connect ECONNREFUSED 127.0.0.1:27017","service":"krushikadhara-api","timestamp":"2026-08-14 21:10:10"}
{"level":"info","message":"Retrying MongoDB connection in 5 seconds...","service":"krushikadhara-api","timestamp":"2026-08-14 21:10:10"}
{"level":"error","message":"MongoDB error: connect ECONNREFUSED ::1:27017, connect ECONNREFUSED 127.0.0.1:27017","service":"krushikadhara-api","timestamp":"2026-08-14 21:10:10"}
{"level":"info","message":"Connecting to MongoDB... (URI set: YES, host: unknown)","service":"krushikadhara-api","timestamp":"2026-08-14 21:10:15"}
{"level":"warn","message":"MongoDB disconnected. Attempting to reconnect...","service":"krushikadhara-api","timestamp":"2026-08-14 21:10:45"}
{"level":"error","message":"MongoDB connection error: connect ECONNREFUSED ::1:27017, connect ECONNREFUSED 127.0.0.1:27017","service":"krushikadhara-api","timestamp":"2026-08-14 21:10:45"}
{"level":"info","message":"Retrying MongoDB connection in 5 seconds...","service":"krushikadhara-api","timestamp":"2026-08-14 21:10:45"}
{"level":"error","message":"MongoDB error: connect ECONNREFUSED ::1:27017, connect ECONNREFUSED 127.0.0.1:27017","service":"krushikadhara-api","timestamp":"2026-08-14 21:10:45"}
{"level":"info","message":"Connecting to MongoDB... (URI set: YES, host: unknown)","service":"krushikadhara-api","timestamp":"2026-08-14 21:10:50"}
{"level":"warn","message":"MongoDB disconnected. Attempting to reconnect...","service":"krushikadhara-api","timestamp":"2026-08-14 21:11:20"}
{"level":"error","message":"MongoDB connection error: connect ECONNREFUSED ::1:27017, connect ECONNREFUSED 127.0.0.1:27017","service":"krushikadhara-api","timestamp":"2026-08-14 21:11:20"}
{"level":"info","message":"Retrying MongoDB connection in 5 seconds...","service":"krushikadhara-api","timestamp":"2026-08-14 21:11:20"}
{"level":"error","message":"MongoDB error: connect ECONNREFUSED ::1:27017, connect ECONNREFUSED 127.0.0.1:27017","service":"krushikadhara-api","timestamp":"2026-08-14 21:11:20"}
{"level":"info","message":"Connecting to MongoDB... (URI set: YES, host: unknown)","service":"krushikadhara-api","timestamp":"2026-08-14 21:11:25"}
{"level":"warn","message":"MongoDB disconnected. Attempting to reconnect...","service":"krushikadhara-api","timestamp":"2026-08-14 21:11:55"}
{"level":"error","message":"MongoDB connection error: connect ECONNREFUSED ::1:27017, connect ECONNREFUSED 127.0.0.1:27017","service":"krushikadhara-api","timestamp":"2026-08-14 21:11:55"}
{"level":"info","message":"Retrying MongoDB connection in 5 seconds...","service":"krushikadhara-api","timestamp":"2026-08-14 21:11:55"}
{"level":"error","message":"MongoDB error: connect ECONNREFUSED ::1:27017, connect ECONNREFUSED 127.0.0.1:27017","service":"krushikadhara-api","timestamp":"2026-08-14 21:11:55"}
{"level":"info","message":"Connecting to MongoDB... (URI set: YES, host: unknown)","service":"krushikadhara-api","timestamp":"2026-08-14 21:12:00"}
{"level":"warn","message":"MongoDB disconnected. Attempting to reconnect...","service":"krushikadhara-api","timestamp":"2026-08-14 21:12:30"}
{"level":"error","message":"MongoDB connection error: connect ECONNREFUSED ::1:27017, connect ECONNREFUSED 127.0.0.1:27017","service":"krushikadhara-api","timestamp":"2026-08-14 21:12:30"}
{"level":"info","message":"Retrying MongoDB connection in 5 seconds...","service":"krushikadhara-api","timestamp":"2026-08-14 21:12:30"}
{"level":"error","message":"MongoDB error: connect ECONNREFUSED ::1:27017, connect ECONNREFUSED 127.0.0.1:27017","service":"krushikadhara-api","timestamp":"2026-08-14 21:12:30"}
{"level":"info","message":"Connecting to MongoDB... (URI set: YES, host: unknown)","service":"krushikadhara-api","timestamp":"2026-08-14 21:12:35"}
{"level":"warn","message":"MongoDB disconnected. Attempting to reconnect...","service":"krushikadhara-api","timestamp":"2026-08-14 21:13:05"}
{"level":"error","message":"MongoDB connection error: connect ECONNREFUSED ::1:27017, connect ECONNREFUSED 127.0.0.1:27017","service":"krushikadhara-api","timestamp":"2026-08-14 21:13:05"}
{"level":"info","message":"Retrying MongoDB connection in 5 seconds...","service":"krushikadhara-api","timestamp":"2026-08-14 21:13:05"}
{"level":"error","message":"MongoDB error: connect ECONNREFUSED ::1:27017, connect ECONNREFUSED 127.0.0.1:27017","service":"krushikadhara-api","timestamp":"2026-08-14 21:13:05"}
{"level":"info","message":"Connecting to MongoDB... (URI set: YES, host: unknown)","service":"krushikadhara-api","timestamp":"2026-08-14 21:13:10"}
{"level":"warn","message":"MongoDB disconnected. Attempting to reconnect...","service":"krushikadhara-api","timestamp":"2026-08-14 21:13:40"}
{"level":"error","message":"MongoDB connection error: connect ECONNREFUSED ::1:27017, connect ECONNREFUSED 127.0.0.1:27017","service":"krushikadhara-api","timestamp":"2026-08-14 21:13:40"}
{"level":"info","message":"Retrying MongoDB connection in 5 seconds...","service":"krushikadhara-api","timestamp":"2026-08-14 21:13:40"}
{"level":"error","message":"MongoDB error: connect ECONNREFUSED ::1:27017, connect ECONNREFUSED 127.0.0.1:27017","service":"krushikadhara-api","timestamp":"2026-08-14 21:13:40"}
{"level":"info","message":"Connecting to MongoDB... (URI set: YES, host: unknown)","service":"krushikadhara-api","timestamp":"2026-08-14 21:13:45"}
{"level":"warn","message":"MongoDB disconnected. Attempting to reconnect...","service":"krushikadhara-api","timestamp":"2026-08-14 21:14:15"}
{"level":"error","message":"MongoDB connection error: connect ECONNREFUSED ::1:27017, connect ECONNREFUSED 127.0.0.1:27017","service":"krushikadhara-api","timestamp":"2026-08-14 21:14:15"}
{"level":"info","message":"Retrying MongoDB connection in 5 seconds...","service":"krushikadhara-api","timestamp":"2026-08-14 21:14:15"}
{"level":"error","message":"MongoDB error: connect ECONNREFUSED ::1:27017, connect ECONNREFUSED 127.0.0.1:27017","service":"krushikadhara-api","timestamp":"2026-08-14 21:14:15"}
{"level":"info","message":"Connecting to MongoDB... (URI set: YES, host: unknown)","service":"krushikadhara-api","timestamp":"2026-08-14 21:14:20"}
{"level":"warn","message":"MongoDB disconnected. Attempting to reconnect...","service":"krushikadhara-api","timestamp":"2026-08-14 21:14:50"}
{"level":"error","message":"MongoDB connection error: connect ECONNREFUSED ::1:27017, connect ECONNREFUSED 127.0.0.1:27017","service":"krushikadhara-api","timestamp":"2026-08-14 21:14:50"}
{"level":"info","message":"Retrying MongoDB connection in 5 seconds...","service":"krushikadhara-api","timestamp":"2026-08-14 21:14:50"}
{"level":"error","message":"MongoDB error: connect ECONNREFUSED ::1:27017, connect ECONNREFUSED 127.0.0.1:27017","service":"krushikadhara-api","timestamp":"2026-08-14 21:14:50"}
{"level":"info","message":"Connecting to MongoDB... (URI set: YES, host: unknown)","service":"krushikadhara-api","timestamp":"2026-08-14 21:14:55"}
{"level":"warn","message":"MongoDB disconnected. Attempting to reconnect...","service":"krushikadhara-api","timestamp":"2026-08-14 21:15:25"}
{"level":"error","message":"MongoDB connection error: connect ECONNREFUSED ::1:27017, connect ECONNREFUSED 127.0.0.1:27017","service":"krushikadhara-api","timestamp":"2026-08-14 21:15:25"}
{"level":"info","message":"Retrying MongoDB connection in 5 seconds...","service":"krushikadhara-api","timestamp":"2026-08-14 21:15:25"}
{"level":"error","message":"MongoDB error: connect ECONNREFUSED ::1:27017, connect ECONNREFUSED 127.0.0.1:27017","service":"krushikadhara-api","timestamp":"2026-08-14 21:15:25"}
{"level":"info","message":"Connecting to MongoDB... (URI set: YES, host: unknown)","service":"krushikadhara-api","timestamp":"2026-08-14 21:15:30"}
{"level":"warn","message":"MongoDB disconnected. Attempting to reconnect...","service":"krushikadhara-api","timestamp":"2026-08-14 21:16:00"}
{"level":"error","message":"MongoDB connection error: connect ECONNREFUSED ::1:27017, connect ECONNREFUSED 127.0.0.1:27017","service":"krushikadhara-api","timestamp":"2026-08-14 21:16:00"}
{"level":"info","message":"Retrying MongoDB connection in 5 seconds...","service":"krushikadhara-api","timestamp":"2026-08-14 21:16:00"}
{"level":"error","message":"MongoDB error: connect ECONNREFUSED ::1:27017, connect ECONNREFUSED 127.0.0.1:27017","service":"krushikadhara-api","timestamp":"2026-08-14 21:16:00"}
{"level":"info","message":"Connecting to MongoDB... (URI set: YES, host: unknown)","service":"krushikadhara-api","timestamp":"2026-08-14 21:16:05"}
{"level":"warn","message":"MongoDB disconnected. Attempting to reconnect...","service":"krushikadhara-api","timestamp":"2026-08-14 21:16:35"}
{"level":"error","message":"MongoDB connection error: connect ECONNREFUSED ::1:27017, connect ECONNREFUSED 127.0.0.1:27017","service":"krushikadhara-api","timestamp":"2026-08-14 21:16:35"}
{"level":"info","message":"Retrying MongoDB connection in 5 seconds...","service":"krushikadhara-api","timestamp":"2026-08-14 21:16:35"}
{"level":"error","message":"MongoDB error: connect ECONNREFUSED ::1:27017, connect ECONNREFUSED 127.0.0.1:27017","service":"krushikadhara-api","timestamp":"2026-08-14 21:16:35"}
{"level":"info","message":"Connecting to MongoDB... (URI set: YES, host: unknown)","service":"krushikadhara-api","timestamp":"2026-08-14 21:16:40"}
{"level":"warn","message":"MongoDB disconnected. Attempting to reconnect...","service":"krushikadhara-api","timestamp":"2026-08-14 21:17:10"}
{"level":"error","message":"MongoDB connection error: connect ECONNREFUSED ::1:27017, connect ECONNREFUSED 127.0.0.1:27017","service":"krushikadhara-api","timestamp":"2026-08-14 21:17:10"}
{"level":"info","message":"Retrying MongoDB connection in 5 seconds...","service":"krushikadhara-api","timestamp":"2026-08-14 21:17:10"}
{"level":"error","message":"MongoDB error: connect ECONNREFUSED ::1:27017, connect ECONNREFUSED 127.0.0.1:27017","service":"krushikadhara-api","timestamp":"2026-08-14 21:17:10"}
{"level":"info","message":"Connecting to MongoDB... (URI set: YES, host: unknown)","service":"krushikadhara-api","timestamp":"2026-08-14 21:17:15"}
{"level":"warn","message":"MongoDB disconnected. Attempting to reconnect...","service":"krushikadhara-api","timestamp":"2026-08-14 21:17:45"}
{"level":"error","message":"MongoDB connection error: connect ECONNREFUSED ::1:27017, connect ECONNREFUSED 127.0.0.1:27017","service":"krushikadhara-api","timestamp":"2026-08-14 21:17:45"}
{"level":"info","message":"Retrying MongoDB connection in 5 seconds...","service":"krushikadhara-api","timestamp":"2026-08-14 21:17:45"}
{"level":"error","message":"MongoDB error: connect ECONNREFUSED ::1:27017, connect ECONNREFUSED 127.0.0.1:27017","service":"krushikadhara-api","timestamp":"2026-08-14 21:17:45"}
{"level":"info","message":"Connecting to MongoDB... (URI set: YES, host: unknown)","service":"krushikadhara-api","timestamp":"2026-08-14 21:17:50"}
{"level":"warn","message":"MongoDB disconnected. Attempting to reconnect...","service":"krushikadhara-api","timestamp":"2026-08-14 21:18:20"}
{"level":"error","message":"MongoDB connection error: connect ECONNREFUSED ::1:27017, connect ECONNREFUSED 127.0.0.1:27017","service":"krushikadhara-api","timestamp":"2026-08-14 21:18:20"}
{"level":"info","message":"Retrying MongoDB connection in 5 seconds...","service":"krushikadhara-api","timestamp":"2026-08-14 21:18:20"}
{"level":"error","message":"MongoDB error: connect ECONNREFUSED ::1:27017, connect ECONNREFUSED 127.0.0.1:27017","service":"krushikadhara-api","timestamp":"2026-08-14 21:18:20"}
{"level":"info","message":"Connecting to MongoDB... (URI set: YES, host: unknown)","service":"krushikadhara-api","timestamp":"2026-08-14 21:18:25"}
{"level":"error","message":"Not authorized — no token provided","service":"krushikadhara-api","stack":"Error: Not authorized — no token provided\n    at Z:\\major\\backend_node_api\\src\\middleware\\auth.js:17:15\n    at Z:\\major\\backend_node_api\\src\\utils\\helpers.js:17:21\n    at Layer.handle [as handle_request] (Z:\\major\\backend_node_api\\node_modules\\express\\lib\\router\\layer.js:95:5)\n    at next (Z:\\major\\backend_node_api\\node_modules\\express\\lib\\router\\route.js:149:13)\n    at Route.dispatch (Z:\\major\\backend_node_api\\node_modules\\express\\lib\\router\\route.js:119:3)\n    at Layer.handle [as handle_request] (Z:\\major\\backend_node_api\\node_modules\\express\\lib\\router\\layer.js:95:5)\n    at Z:\\major\\backend_node_api\\node_modules\\express\\lib\\router\\index.js:284:15\n    at router.process_params (Z:\\major\\backend_node_api\\node_modules\\express\\lib\\router\\index.js:346:12)\n    at next (Z:\\major\\backend_node_api\\node_modules\\express\\lib\\router\\index.js:280:10)\n    at router.handle (Z:\\major\\backend_node_api\\node_modules\\express\\lib\\router\\index.js:175:3)","timestamp":"2026-08-14 21:18:41","url":"/api/v1/auth/me"}
{"level":"warn","message":"MongoDB disconnected. Attempting to reconnect...","service":"krushikadhara-api","timestamp":"2026-08-14 21:18:55"}
{"level":"error","message":"MongoDB connection error: connect ECONNREFUSED ::1:27017, connect ECONNREFUSED 127.0.0.1:27017","service":"krushikadhara-api","timestamp":"2026-08-14 21:18:55"}
{"level":"info","message":"Retrying MongoDB connection in 5 seconds...","service":"krushikadhara-api","timestamp":"2026-08-14 21:18:55"}
{"level":"error","message":"MongoDB error: connect ECONNREFUSED ::1:27017, connect ECONNREFUSED 127.0.0.1:27017","service":"krushikadhara-api","timestamp":"2026-08-14 21:18:55"}
{"level":"info","message":"Connecting to MongoDB... (URI set: YES, host: unknown)","service":"krushikadhara-api","timestamp":"2026-08-14 21:19:00"}
{"level":"error","message":"Not authorized — no token provided","service":"krushikadhara-api","stack":"Error: Not authorized — no token provided\n    at Z:\\major\\backend_node_api\\src\\middleware\\auth.js:17:15\n    at Z:\\major\\backend_node_api\\src\\utils\\helpers.js:17:21\n    at Layer.handle [as handle_request] (Z:\\major\\backend_node_api\\node_modules\\express\\lib\\router\\layer.js:95:5)\n    at next (Z:\\major\\backend_node_api\\node_modules\\express\\lib\\router\\route.js:149:13)\n    at Route.dispatch (Z:\\major\\backend_node_api\\node_modules\\express\\lib\\router\\route.js:119:3)\n    at Layer.handle [as handle_request] (Z:\\major\\backend_node_api\\node_modules\\express\\lib\\router\\layer.js:95:5)\n    at Z:\\major\\backend_node_api\\node_modules\\express\\lib\\router\\index.js:284:15\n    at router.process_params (Z:\\major\\backend_node_api\\node_modules\\express\\lib\\router\\index.js:346:12)\n    at next (Z:\\major\\backend_node_api\\node_modules\\express\\lib\\router\\index.js:280:10)\n    at router.handle (Z:\\major\\backend_node_api\\node_modules\\express\\lib\\router\\index.js:175:3)","timestamp":"2026-08-14 21:19:07","url":"/api/v1/auth/me"}
{"level":"warn","message":"MongoDB disconnected. Attempting to reconnect...","service":"krushikadhara-api","timestamp":"2026-08-14 21:19:30"}
{"level":"error","message":"MongoDB connection error: connect ECONNREFUSED ::1:27017, connect ECONNREFUSED 127.0.0.1:27017","service":"krushikadhara-api","timestamp":"2026-08-14 21:19:30"}
{"level":"info","message":"Retrying MongoDB connection in 5 seconds...","service":"krushikadhara-api","timestamp":"2026-08-14 21:19:30"}
{"level":"error","message":"MongoDB error: connect ECONNREFUSED ::1:27017, connect ECONNREFUSED 127.0.0.1:27017","service":"krushikadhara-api","timestamp":"2026-08-14 21:19:30"}
{"level":"info","message":"Connecting to MongoDB... (URI set: YES, host: unknown)","service":"krushikadhara-api","timestamp":"2026-08-14 21:19:35"}
{"level":"warn","message":"MongoDB disconnected. Attempting to reconnect...","service":"krushikadhara-api","timestamp":"2026-08-14 21:20:05"}
{"level":"error","message":"MongoDB connection error: connect ECONNREFUSED ::1:27017, connect ECONNREFUSED 127.0.0.1:27017","service":"krushikadhara-api","timestamp":"2026-08-14 21:20:05"}
{"level":"info","message":"Retrying MongoDB connection in 5 seconds...","service":"krushikadhara-api","timestamp":"2026-08-14 21:20:05"}
{"level":"error","message":"MongoDB error: connect ECONNREFUSED ::1:27017, connect ECONNREFUSED 127.0.0.1:27017","service":"krushikadhara-api","timestamp":"2026-08-14 21:20:05"}
{"level":"info","message":"Connecting to MongoDB... (URI set: YES, host: unknown)","service":"krushikadhara-api","timestamp":"2026-08-14 21:20:10"}
{"level":"warn","message":"MongoDB disconnected. Attempting to reconnect...","service":"krushikadhara-api","timestamp":"2026-08-14 21:20:40"}
{"level":"error","message":"MongoDB connection error: connect ECONNREFUSED ::1:27017, connect ECONNREFUSED 127.0.0.1:27017","service":"krushikadhara-api","timestamp":"2026-08-14 21:20:40"}
{"level":"info","message":"Retrying MongoDB connection in 5 seconds...","service":"krushikadhara-api","timestamp":"2026-08-14 21:20:40"}
{"level":"error","message":"MongoDB error: connect ECONNREFUSED ::1:27017, connect ECONNREFUSED 127.0.0.1:27017","service":"krushikadhara-api","timestamp":"2026-08-14 21:20:40"}
{"level":"info","message":"Connecting to MongoDB... (URI set: YES, host: unknown)","service":"krushikadhara-api","timestamp":"2026-08-14 21:20:45"}
{"level":"warn","message":"MongoDB disconnected. Attempting to reconnect...","service":"krushikadhara-api","timestamp":"2026-08-14 21:21:15"}
{"level":"error","message":"MongoDB connection error: connect ECONNREFUSED ::1:27017, connect ECONNREFUSED 127.0.0.1:27017","service":"krushikadhara-api","timestamp":"2026-08-14 21:21:15"}
{"level":"info","message":"Retrying MongoDB connection in 5 seconds...","service":"krushikadhara-api","timestamp":"2026-08-14 21:21:15"}
{"level":"error","message":"MongoDB error: connect ECONNREFUSED ::1:27017, connect ECONNREFUSED 127.0.0.1:27017","service":"krushikadhara-api","timestamp":"2026-08-14 21:21:15"}
{"level":"info","message":"Connecting to MongoDB... (URI set: YES, host: unknown)","service":"krushikadhara-api","timestamp":"2026-08-14 21:21:20"}
{"level":"warn","message":"MongoDB disconnected. Attempting to reconnect...","service":"krushikadhara-api","timestamp":"2026-08-14 21:21:50"}
{"level":"error","message":"MongoDB connection error: connect ECONNREFUSED ::1:27017, connect ECONNREFUSED 127.0.0.1:27017","service":"krushikadhara-api","timestamp":"2026-08-14 21:21:50"}
{"level":"info","message":"Retrying MongoDB connection in 5 seconds...","service":"krushikadhara-api","timestamp":"2026-08-14 21:21:50"}
{"level":"error","message":"MongoDB error: connect ECONNREFUSED ::1:27017, connect ECONNREFUSED 127.0.0.1:27017","service":"krushikadhara-api","timestamp":"2026-08-14 21:21:50"}
{"level":"info","message":"Connecting to MongoDB... (URI set: YES, host: unknown)","service":"krushikadhara-api","timestamp":"2026-08-14 21:21:55"}
{"level":"error","message":"Not authorized — no token provided","service":"krushikadhara-api","stack":"Error: Not authorized — no token provided\n    at Z:\\major\\backend_node_api\\src\\middleware\\auth.js:17:15\n    at Z:\\major\\backend_node_api\\src\\utils\\helpers.js:17:21\n    at Layer.handle [as handle_request] (Z:\\major\\backend_node_api\\node_modules\\express\\lib\\router\\layer.js:95:5)\n    at next (Z:\\major\\backend_node_api\\node_modules\\express\\lib\\router\\route.js:149:13)\n    at Route.dispatch (Z:\\major\\backend_node_api\\node_modules\\express\\lib\\router\\route.js:119:3)\n    at Layer.handle [as handle_request] (Z:\\major\\backend_node_api\\node_modules\\express\\lib\\router\\layer.js:95:5)\n    at Z:\\major\\backend_node_api\\node_modules\\express\\lib\\router\\index.js:284:15\n    at router.process_params (Z:\\major\\backend_node_api\\node_modules\\express\\lib\\router\\index.js:346:12)\n    at next (Z:\\major\\backend_node_api\\node_modules\\express\\lib\\router\\index.js:280:10)\n    at router.handle (Z:\\major\\backend_node_api\\node_modules\\express\\lib\\router\\index.js:175:3)","timestamp":"2026-08-14 21:21:56","url":"/api/v1/auth/me"}
{"level":"warn","message":"MongoDB disconnected. Attempting to reconnect...","service":"krushikadhara-api","timestamp":"2026-08-14 21:22:25"}
{"level":"error","message":"MongoDB connection error: connect ECONNREFUSED ::1:27017, connect ECONNREFUSED 127.0.0.1:27017","service":"krushikadhara-api","timestamp":"2026-08-14 21:22:25"}
{"level":"info","message":"Retrying MongoDB connection in 5 seconds...","service":"krushikadhara-api","timestamp":"2026-08-14 21:22:25"}
{"level":"error","message":"MongoDB error: connect ECONNREFUSED ::1:27017, connect ECONNREFUSED 127.0.0.1:27017","service":"krushikadhara-api","timestamp":"2026-08-14 21:22:25"}
{"level":"info","message":"Connecting to MongoDB... (URI set: YES, host: unknown)","service":"krushikadhara-api","timestamp":"2026-08-14 21:22:30"}
{"level":"warn","message":"MongoDB disconnected. Attempting to reconnect...","service":"krushikadhara-api","timestamp":"2026-08-14 21:23:00"}
{"level":"error","message":"MongoDB connection error: connect ECONNREFUSED ::1:27017, connect ECONNREFUSED 127.0.0.1:27017","service":"krushikadhara-api","timestamp":"2026-08-14 21:23:00"}
{"level":"info","message":"Retrying MongoDB connection in 5 seconds...","service":"krushikadhara-api","timestamp":"2026-08-14 21:23:00"}
{"level":"error","message":"MongoDB error: connect ECONNREFUSED ::1:27017, connect ECONNREFUSED 127.0.0.1:27017","service":"krushikadhara-api","timestamp":"2026-08-14 21:23:00"}
{"level":"info","message":"Connecting to MongoDB... (URI set: YES, host: unknown)","service":"krushikadhara-api","timestamp":"2026-08-14 21:23:05"}
{"level":"warn","message":"MongoDB disconnected. Attempting to reconnect...","service":"krushikadhara-api","timestamp":"2026-08-14 21:23:35"}
{"level":"error","message":"MongoDB connection error: connect ECONNREFUSED ::1:27017, connect ECONNREFUSED 127.0.0.1:27017","service":"krushikadhara-api","timestamp":"2026-08-14 21:23:35"}
{"level":"info","message":"Retrying MongoDB connection in 5 seconds...","service":"krushikadhara-api","timestamp":"2026-08-14 21:23:35"}
{"level":"error","message":"MongoDB error: connect ECONNREFUSED ::1:27017, connect ECONNREFUSED 127.0.0.1:27017","service":"krushikadhara-api","timestamp":"2026-08-14 21:23:35"}
{"level":"info","message":"Connecting to MongoDB... (URI set: YES, host: unknown)","service":"krushikadhara-api","timestamp":"2026-08-14 21:23:40"}
{"level":"warn","message":"MongoDB disconnected. Attempting to reconnect...","service":"krushikadhara-api","timestamp":"2026-08-14 21:24:10"}
{"level":"error","message":"MongoDB connection error: connect ECONNREFUSED ::1:27017, connect ECONNREFUSED 127.0.0.1:27017","service":"krushikadhara-api","timestamp":"2026-08-14 21:24:10"}
{"level":"info","message":"Retrying MongoDB connection in 5 seconds...","service":"krushikadhara-api","timestamp":"2026-08-14 21:24:10"}
{"level":"error","message":"MongoDB error: connect ECONNREFUSED ::1:27017, connect ECONNREFUSED 127.0.0.1:27017","service":"krushikadhara-api","timestamp":"2026-08-14 21:24:10"}
{"level":"info","message":"Connecting to MongoDB... (URI set: YES, host: unknown)","service":"krushikadhara-api","timestamp":"2026-08-14 21:24:15"}
{"level":"warn","message":"MongoDB disconnected. Attempting to reconnect...","service":"krushikadhara-api","timestamp":"2026-08-14 21:24:45"}
{"level":"error","message":"MongoDB connection error: connect ECONNREFUSED ::1:27017, connect ECONNREFUSED 127.0.0.1:27017","service":"krushikadhara-api","timestamp":"2026-08-14 21:24:45"}
{"level":"info","message":"Retrying MongoDB connection in 5 seconds...","service":"krushikadhara-api","timestamp":"2026-08-14 21:24:45"}
{"level":"error","message":"MongoDB error: connect ECONNREFUSED ::1:27017, connect ECONNREFUSED 127.0.0.1:27017","service":"krushikadhara-api","timestamp":"2026-08-14 21:24:45"}
{"level":"info","message":"Connecting to MongoDB... (URI set: YES, host: unknown)","service":"krushikadhara-api","timestamp":"2026-08-14 21:24:50"}
{"level":"warn","message":"MongoDB disconnected. Attempting to reconnect...","service":"krushikadhara-api","timestamp":"2026-08-14 21:25:20"}
{"level":"error","message":"MongoDB connection error: connect ECONNREFUSED ::1:27017, connect ECONNREFUSED 127.0.0.1:27017","service":"krushikadhara-api","timestamp":"2026-08-14 21:25:20"}
{"level":"info","message":"Retrying MongoDB connection in 5 seconds...","service":"krushikadhara-api","timestamp":"2026-08-14 21:25:20"}
{"level":"error","message":"MongoDB error: connect ECONNREFUSED ::1:27017, connect ECONNREFUSED 127.0.0.1:27017","service":"krushikadhara-api","timestamp":"2026-08-14 21:25:20"}
{"level":"info","message":"Connecting to MongoDB... (URI set: YES, host: unknown)","service":"krushikadhara-api","timestamp":"2026-08-14 21:25:25"}
{"level":"warn","message":"MongoDB disconnected. Attempting to reconnect...","service":"krushikadhara-api","timestamp":"2026-08-14 21:25:55"}
{"level":"error","message":"MongoDB connection error: connect ECONNREFUSED ::1:27017, connect ECONNREFUSED 127.0.0.1:27017","service":"krushikadhara-api","timestamp":"2026-08-14 21:25:55"}
{"level":"info","message":"Retrying MongoDB connection in 5 seconds...","service":"krushikadhara-api","timestamp":"2026-08-14 21:25:55"}
{"level":"error","message":"MongoDB error: connect ECONNREFUSED ::1:27017, connect ECONNREFUSED 127.0.0.1:27017","service":"krushikadhara-api","timestamp":"2026-08-14 21:25:55"}
{"level":"info","message":"Connecting to MongoDB... (URI set: YES, host: unknown)","service":"krushikadhara-api","timestamp":"2026-08-14 21:26:00"}
{"level":"warn","message":"MongoDB disconnected. Attempting to reconnect...","service":"krushikadhara-api","timestamp":"2026-08-14 21:26:30"}
{"level":"error","message":"MongoDB connection error: connect ECONNREFUSED ::1:27017, connect ECONNREFUSED 127.0.0.1:27017","service":"krushikadhara-api","timestamp":"2026-08-14 21:26:30"}
{"level":"info","message":"Retrying MongoDB connection in 5 seconds...","service":"krushikadhara-api","timestamp":"2026-08-14 21:26:30"}
{"level":"error","message":"MongoDB error: connect ECONNREFUSED ::1:27017, connect ECONNREFUSED 127.0.0.1:27017","service":"krushikadhara-api","timestamp":"2026-08-14 21:26:30"}
{"level":"info","message":"Connecting to MongoDB... (URI set: YES, host: unknown)","service":"krushikadhara-api","timestamp":"2026-08-14 21:26:35"}
{"level":"warn","message":"MongoDB disconnected. Attempting to reconnect...","service":"krushikadhara-api","timestamp":"2026-08-14 21:27:05"}
{"level":"error","message":"MongoDB connection error: connect ECONNREFUSED ::1:27017, connect ECONNREFUSED 127.0.0.1:27017","service":"krushikadhara-api","timestamp":"2026-08-14 21:27:05"}
{"level":"info","message":"Retrying MongoDB connection in 5 seconds...","service":"krushikadhara-api","timestamp":"2026-08-14 21:27:05"}
{"level":"error","message":"MongoDB error: connect ECONNREFUSED ::1:27017, connect ECONNREFUSED 127.0.0.1:27017","service":"krushikadhara-api","timestamp":"2026-08-14 21:27:05"}
{"level":"info","message":"Connecting to MongoDB... (URI set: YES, host: unknown)","service":"krushikadhara-api","timestamp":"2026-08-14 21:27:10"}
{"level":"warn","message":"MongoDB disconnected. Attempting to reconnect...","service":"krushikadhara-api","timestamp":"2026-08-14 21:27:40"}
{"level":"error","message":"MongoDB connection error: connect ECONNREFUSED ::1:27017, connect ECONNREFUSED 127.0.0.1:27017","service":"krushikadhara-api","timestamp":"2026-08-14 21:27:40"}
{"level":"info","message":"Retrying MongoDB connection in 5 seconds...","service":"krushikadhara-api","timestamp":"2026-08-14 21:27:40"}
{"level":"error","message":"MongoDB error: connect ECONNREFUSED ::1:27017, connect ECONNREFUSED 127.0.0.1:27017","service":"krushikadhara-api","timestamp":"2026-08-14 21:27:40"}
{"level":"info","message":"Connecting to MongoDB... (URI set: YES, host: unknown)","service":"krushikadhara-api","timestamp":"2026-08-14 21:27:45"}
{"level":"warn","message":"MongoDB disconnected. Attempting to reconnect...","service":"krushikadhara-api","timestamp":"2026-08-14 21:28:15"}
{"level":"error","message":"MongoDB connection error: connect ECONNREFUSED ::1:27017, connect ECONNREFUSED 127.0.0.1:27017","service":"krushikadhara-api","timestamp":"2026-08-14 21:28:15"}
{"level":"info","message":"Retrying MongoDB connection in 5 seconds...","service":"krushikadhara-api","timestamp":"2026-08-14 21:28:15"}
{"level":"error","message":"MongoDB error: connect ECONNREFUSED ::1:27017, connect ECONNREFUSED 127.0.0.1:27017","service":"krushikadhara-api","timestamp":"2026-08-14 21:28:15"}
{"level":"info","message":"Connecting to MongoDB... (URI set: YES, host: unknown)","service":"krushikadhara-api","timestamp":"2026-08-14 21:28:20"}
{"level":"warn","message":"MongoDB disconnected. Attempting to reconnect...","service":"krushikadhara-api","timestamp":"2026-08-14 21:28:50"}
{"level":"error","message":"MongoDB connection error: connect ECONNREFUSED ::1:27017, connect ECONNREFUSED 127.0.0.1:27017","service":"krushikadhara-api","timestamp":"2026-08-14 21:28:50"}
{"level":"info","message":"Retrying MongoDB connection in 5 seconds...","service":"krushikadhara-api","timestamp":"2026-08-14 21:28:50"}
{"level":"error","message":"MongoDB error: connect ECONNREFUSED ::1:27017, connect ECONNREFUSED 127.0.0.1:27017","service":"krushikadhara-api","timestamp":"2026-08-14 21:28:50"}
{"level":"info","message":"Connecting to MongoDB... (URI set: YES, host: unknown)","service":"krushikadhara-api","timestamp":"2026-08-14 21:28:55"}
{"level":"warn","message":"MongoDB disconnected. Attempting to reconnect...","service":"krushikadhara-api","timestamp":"2026-08-14 21:29:25"}
{"level":"error","message":"MongoDB connection error: connect ECONNREFUSED ::1:27017, connect ECONNREFUSED 127.0.0.1:27017","service":"krushikadhara-api","timestamp":"2026-08-14 21:29:25"}
{"level":"info","message":"Retrying MongoDB connection in 5 seconds...","service":"krushikadhara-api","timestamp":"2026-08-14 21:29:25"}
{"level":"error","message":"MongoDB error: connect ECONNREFUSED ::1:27017, connect ECONNREFUSED 127.0.0.1:27017","service":"krushikadhara-api","timestamp":"2026-08-14 21:29:25"}
{"level":"info","message":"Connecting to MongoDB... (URI set: YES, host: unknown)","service":"krushikadhara-api","timestamp":"2026-08-14 21:29:30"}
{"level":"warn","message":"MongoDB disconnected. Attempting to reconnect...","service":"krushikadhara-api","timestamp":"2026-08-14 21:30:00"}
{"level":"error","message":"MongoDB connection error: connect ECONNREFUSED ::1:27017, connect ECONNREFUSED 127.0.0.1:27017","service":"krushikadhara-api","timestamp":"2026-08-14 21:30:00"}
{"level":"info","message":"Retrying MongoDB connection in 5 seconds...","service":"krushikadhara-api","timestamp":"2026-08-14 21:30:00"}
{"level":"error","message":"MongoDB error: connect ECONNREFUSED ::1:27017, connect ECONNREFUSED 127.0.0.1:27017","service":"krushikadhara-api","timestamp":"2026-08-14 21:30:00"}
{"level":"info","message":"[CRON] Starting market price refresh...","service":"krushikadhara-api","timestamp":"2026-08-14 21:30:00"}
{"level":"error","message":"Market API fetch failed: Request failed with status code 403","service":"krushikadhara-api","timestamp":"2026-08-14 21:30:01"}
{"level":"info","message":"[CRON] Market prices refreshed: 0 records (source: error)","service":"krushikadhara-api","timestamp":"2026-08-14 21:30:01"}
{"level":"info","message":"Connecting to MongoDB... (URI set: YES, host: unknown)","service":"krushikadhara-api","timestamp":"2026-08-14 21:30:05"}
